pdb_id,uniprot_id
4ts1,P00952
1rnt,P00651
6cha,P00766
4tln,P00800
6rsa,P61823
4tmn,P00800
5tln,P00800
1tmn,P00800
1p01,P00778
3at1,P0A786
2tpi,P00760
5tmn,P00800
1p05,P00778
4fab,
1p10,P00778
6gch,P00766
7gch,P00766
2tmn,P00800
1tlp,P00800
1p04,P00778
1p02,P00778
1p03,P00778
1p06,P00778
1rbp,P02753
6abp,P02924
9icd,P08200
7abp,P02924
5er2,P11838
8abp,P02924
1fkf,P62942
4er2,P11838
4er1,P11838
4er4,P11838
3er5,P11838
4apr,P06026
5hvp,P12497
2er9,P11838
4sga,P00776
2ypi,P00942
3er3,P11838
5apr,P06026
2er6,P11838
5er1,P11838
2er0,P11838
1bap,P02924
5abp,P02924
1apb,P02924
6tim,P04789
7gpb,P00489
9abp,P02924
8gpb,P00489
4est,P00772
9hvp,P12497
6gpb,P00489
4tim,P04789
4phv,P12497
1rne,P00797
1igj,
1gca,P23905
1rin,P02867
1fkb,P62942
5est,P00772
1dmb,P0AEX9
1l83,P00720
1ind,
1dbb,
1atr,P19120
1rgl,P00651
1pop,P00784
6rnt,P00651
1rgk,P00651
1gpy,P00489
3gst,P04905
1cps,P00730
1abf,P02924
2lpr,P00778
3lpr,P00778
1ppm,P00798
1hos,P03366
2gst,P04905
5lpr,P00778
1ivp,P04584
1bcd,P00918
1ppl,P00798
8lpr,P00778
7hvp,P03369
1trd,P04789
6lpr,P00778
9lpr,P00778
1him,
1dbj,
1hte,P03366
7lpr,P00778
1mns,P11444
2dbl,
1htf,P03366
1ths,P00734
1dbk,
1hsl,P0AEU0
2drc,P0ABQ4
2hmb,P05413
1thr,P00734
1htg,P03366
1sre,P22629
1tka,P23254
1acj,P04058
1abt,P60615
1tkc,P23254
1lst,P02911
1hgi,P03438
1sri,P22629
1hgj,P03438
1ctr,P0DP23
1dhj,P0ABQ4
1sps,P00524
1adl,P04117
1tys,P0A884
1mfd,
1hge,P03438
1pyg,P00489
2cgr,A2P1G9
1dhi,P0ABQ4
1tni,P00760
2ctc,P00730
1elc,P00772
1tmb,P00734
1add,P03958
1wht,P08819
1srg,P22629
1erb,P18902
2sim,P29768
1mfa,
1thl,P00800
1tnh,P00760
1cbx,P00730
1cil,P00918
1tsi,P04789
1ela,P00772
1inc,P00772
1hps,P03366
1tet,
1fig,
1azm,P00915
1rpa,P20646
1ppc,P00760
1tng,P00760
1cim,P00918
1pph,P00760
1fki,P62942
1rpf,P61823
1cin,P00918
1ett,P00735
1fkg,P62942
1apw,P00798
1tnj,P00760
1ent,P11838
1csi,P23007
1tkb,P23254
1epo,P11838
1bra,P00763
1hgt,P00734
1eed,P11838
1nnb,P03472
1tnl,P00760
1heg,P03366
1gbt,P00760
1apv,P00798
1hef,P03366
1csh,P23007
1iht,P00734
1tnk,P00760
1ppk,P00798
1epq,P11838
1aaq,P03367
1sbg,P03366
2cht,P19080
1dwc,P00734
1ets,P00735
1elb,P00772
1fkh,P62942
1epp,P11838
1mnc,P22894
1dwd,P00734
1siv,P05896
1fta,P09467
1tps,P00760
1drj,P02925
2dri,P02925
1hrn,P00797
1shd,P12931
1drk,P02925
1idb,P04584
1flr,
1tyr,P02766
1cbr,P62965
1ahx,P00509
1utr,P17559
1cka,Q64010
1laf,P02911
1hms,P05413
184l,P00720
1hmr,P05413
186l,P00720
1cny,P00918
1hmt,P05413
1cnw,P00918
1pgp,P00349
187l,P00720
185l,P00720
1cnx,P00918
1ahy,P00509
188l,P00720
1yda,P00918
1lcj,P06239
1ydb,P00918
1prl,P00523
1lah,P02911
1prm,P00523
1ckb,Q64010
1rlp,P00523
1ele,P00772
1cgl,P03956
1ydd,P00918
1lag,P02911
1eld,P00772
1rlq,P00523
1lcp,P00727
2srt,P08254
1tyn,P00760
1hvr,P04585
1pdz,P56252
1css,P23007
1fpc,P00734
1eat,P00772
1hdt,P00734
1ibg,
1hpv,P04587
1atl,P15167
1bty,P00760
1eas,P00772
1ctt,P0ABF6
1csr,P23007
1fiv,P16088
1hbv,P03366
1bma,P00772
1qca,P00484
1tpw,P00940
1lan,P00727
1hih,P03366
1ppi,P00690
1vrt,P04585
1bil,P00797
1hii,P04584
1hti,P60174
1pig,P00690
1rth,P04585
1bim,P00797
1inf,P03474
1vru,P04585
1gym,P14262
1cwc,P62937
1fpi,P00636
1qwf,P00525
1rti,P04585
1qwe,P00525
1njb,P00469
1cpi,P03369
1inh,P06820
1gaf,P01834
1cea,P00747
1sts,P22629
1dar,Q5SHN5
1nja,P00469
1slg,P22629
1nje,P00469
1str,P22629
1mik,P62937
1ceb,P00747
1tsy,P00469
1njc,P00469
1njd,P00469
1mai,P10688
1tsv,P00469
1lkk,P06239
1lkl,P06239
1sld,P22629
1zsb,P00918
1pot,P0AFK9
2olb,P06202
1det,P00651
1btn,Q62261
1sle,P22629
1swi,P03069
2upj,P03367
1kel,
2csm,P32178
1grp,P08200
1lhd,P00734
1sln,P08254
1mmq,P09237
1hsg,P03367
1lhc,P00734
1jrs,P00760
1fmb,P32542
1lhe,P00734
1aht,P00734
1pbk,Q00688
1hsh,P04584
1igb,Q01693
1cwb,P62937
1dud,P06968
1gai,P69327
1gno,P03366
1mmp,P09237
1tcx,P04587
1jao,P22894
1rdn,P08661
1rdj,P08661
1bmn,P00734
1gnn,P03366
1mmr,P09237
1jaq,P22894
1rev,P04585
1rdl,P08661
1gnm,P03366
1noi,P00489
1noj,P00489
2csn,P40233
1lhf,P00734
1nok,P00489
1bmm,P00734
1rdi,P08661
1rnm,P61823
1mdl,P11444
1tcw,P05896
1mtr,P03369
1lt6,P32890
1kvo,P14555
1fkw,P03958
1lhg,P00734
1jlx,Q71QF2
1bkm,P00524
1tze,P62993
1jld,P04584
1uwb,P03366
2rox,P02766
1dth,P15167
1tvr,P03366
1lt5,P32890
1lfo,P02692
1aq1,P24941
1aqj,P14385
1rt1,P04585
1rt2,P04585
1bxl,Q07817
1avp,P03252
1ao0,P00497
1okl,P00918
1nlp,P00523
1avn,P00918
1aj7,
1jev,P06202
1jeu,P06202
2adm,P14385
1aqi,P14385
1ag9,P61949
1ado,P00883
2h4n,P00918
1drv,P04036
3gbq,Q60631
2mas,Q27546
1nlo,P00523
1shc,P29353
1rst,P22629
1gbq,Q60631
2hrp,P01837
1jet,P06202
2aac,P0A9E0
1uvt,P00735
1qbr,P04585
1qbt,P04585
1nox,Q60049
1ajq,P06875
1aqc,Q02410
1irs,P35568
1mpa,A2NHM3
1ai7,P06875
1qbu,P04585
4vgc,P00766
1ai6,P06875
1sqc,P33247
3mbp,P0AEX9
1hxb,P04585
1ai5,P06875
1dmp,P04585
1pau,P42574
1qbs,P04585
1hpo,P03367
1ad8,P00734
1af2,P0ABF6
1vgc,P00766
2kce,P0A884
3gss,P09211
2gss,P09211
1h4n,P00918
2rkm,P06202
3aid,P03369
1dub,P14604
1uvu,P00735
1aid,P03369
1ajx,P03366
1yds,P00517
1ajn,P06875
1vot,P04058
1juy,P0A7D4
1fwe,P18316
1vfn,P55859
1ydr,P00517
3vgc,P00766
1ajv,P03366
7upj,P03367
1anf,P0AEX9
1al7,P05414
1al8,P05414
6upj,P04584
2vgc,P00766
1ai4,P06875
1amk,P48499
1uvs,P00734
1fax,P00742
1tom,P00734
1ydt,P00517
1ml1,P04789
2jxr,P07267
1ajp,P06875
1bm2,P62993
2pax,P26446
4aig,P34179
1vik,P12499
1a2c,P00734
5upj,P04584
1rtf,
1aq7,P00760
4pax,P26446
1bmb,P62993
3aig,P34179
2qwg,P03472
3pax,P26446
1bl4,P62942
1fgi,P11362
1bji,P03472
2aig,P34179
1ao8,P00381
1skj,P00524
1bmq,P29466
1a5v,O92956
1agw,P11362
1b7h,P06202
1b6h,P06202
1a4k,P01834
3pcj,P00436
1ax2,P16404
1err,P03372
1b0h,P06202
1b1h,P06202
1akv,P00323
1bcj,P19999
1b38,P24941
220l,P00720
3pck,P00436
1x11,Q02410
1b39,P24941
1a09,P12931
1a7x,P62942
1a07,P12931
1a1c,P12931
1a1b,P12931
1wdn,P0AEQ3
1bcu,P00734
2nmb,P16554
1b3h,P06202
1ax1,P16404
1axz,P16404
1akr,P00323
223l,P00720
1ax0,P16404
1jmg,P00469
1jmi,P00469
1a9q,P55859
1b5h,P06202
1lvk,P08799
1aj6,P0AES6
1yet,P07900
1jmf,P00469
1a4h,P02829
1akq,P00323
1vwn,P22629
1b3l,P06202
1b3f,P06202
1gux,P06400
1br8,P01008
1azg,P27986
1vwl,P22629
1af6,P02943
1bbz,P00519
1akw,P00323
1azl,P00323
2izl,P22629
1a1e,P12931
1a08,P12931
1b3g,P06202
1b2h,P06202
4tmk,P0A720
3pcn,P00436
1b4h,P06202
1a3e,P00734
1vwf,P22629
1akt,P00323
1amw,P02829
1bm7,P02766
1axs,Q7Z3Y4
1a99,P31133
5tmp,P0A720
1bhf,P06239
1at5,P00698
1a0t,P22340
1aku,P00323
1b05,P06202
1b32,P06202
4rsk,P61823
1at6,P00698
1awi,P07737
1usn,P08254
1swg,P22629
2qwe,P03472
1bv7,P04585
1bv9,P04585
1tbz,P00734
1xug,P00760
1bhx,P00734
1a5g,P00734
1bxo,P00798
1a52,P03372
1moq,P17169
1bdq,P04587
1met,P03366
1alw,P04574
2usn,P08254
1ayu,P43235
1tsl,P00469
10gs,P09211
1br6,P02879
1bdr,P04587
1awf,P00734
1meu,P03366
2wed,P00798
1awh,P00734
3pcf,P00436
1tsm,P00469
1bdl,P04587
2pri,P00489
2amv,P00489
1a8t,P25910
1b5g,P00734
3tlh,P03366
1mem,P43235
3pce,P00436
1a9m,P03366
1au2,P43235
1hvh,P04585
1ilq,P10145
1a4w,P00734
2qwd,P03472
1ayv,P43235
1bju,P00760
2wec,P00798
4mbp,P0AEX9
6cgt,P30920
2qwb,P03472
1b4d,P00489
1bjv,P00760
1bwa,P04585
2qwf,P03472
1a61,P00734
1bjr,P06873
1b0f,P08246
1a46,P00734
5fiv,P16088
1a7t,P25910
1mes,P03366
3jdw,P50440
2hpa,P15309
1au0,P43235
1ohr,Q9Q288
2qwc,P03472
1afk,P61823
2prj,P00489
1hfs,P08254
1bwb,P04585
1b11,P16088
1a8i,P00489
3pcb,P00436
1bxq,P00798
3pcc,P00436
1lox,P12530
1afl,P61823
1a30,P04585
1axr,P00489
3pch,P00436
3pcg,P00436
1a28,P06401
1a69,P0ABP8
16pk,P07378
1bq3,P00950
1auj,P00760
6fiv,P16088
3bls,P00811
2web,P00798
1bl7,Q16539
1jfh,P00690
1stc,P00517
1aw1,P50921
1a4g,P27907
1bq4,P00950
1bmk,Q16539
1db4,P14555
1db5,P14555
1bl6,Q16539
1a9u,Q16539
1bqm,P03366
1vij,P12499
1qf5,P0A7D4
1qfs,P23687
1c3r,O67135
1qti,P04058
1bqn,P03366
1biw,P08254
1cj1,P62993
1qf4,P0A7D4
5prc,P07173
1a86,P22894
1cx9,P00929
1qs4,P12497
1bqo,P08254
1b9v,P03474
3erk,P63086
1zfp,P62993
1bio,P00746
1qpf,P62942
6prc,P07173
2cbr,P62964
1qpl,P62942
1b2i,P00747
1a85,P22894
4erk,P63086
1bug,Q9ZP19
1czq,
1a4q,P27907
1eve,P04058
1c50,P00489
7prc,P07173
1c9d,P00929
1cw2,P00929
3znc,Q64444
3cbs,P29373
1c5f,Q27450
1b9t,P03474
1d3v,P07824
2cbs,P29373
1bnn,P00918
1a42,P00918
1bnt,P00918
1b2m,
2a2g,P02761
1swr,P22629
5fwg,P04905
1bnu,P00918
1bn3,P00918
1a4r,P60953
1bkj,Q56691
1bnm,P00918
1a50,P00929
1ct8,P01837
1azx,P01008
2ay3,P95468
1bn1,P00918
1bn4,P00918
1rpj,P39265
2ay6,P95468
1bnq,P00918
1bnw,P00918
1czl,P10340
2ay4,P95468
1d4p,P00734
2ans,P04117
1c12,P01837
2bow,P39075
1ork,P0ACT4
1fpp,Q02293
1d4w,O60880
1bnv,P00918
1vr1,P00734
3tmk,P00572
1czr,P10340
1bux,P22887
2ay2,P95468
1qka,P06202
1bky,P07617
1mxl,P63316
1d2e,P49410
1b9j,P06202
1bgq,P02829
1qsc,Q12933
3kiv,P08519
1d7i,P62942
5a3h,O85465
2ay5,P95468
1sm3,P01723
1d04,P10340
1b58,P06202
1bt6,P60903
1yej,Q58EU8
2pcp,
1b5j,P06202
1bzy,P00492
1czo,P10340
1yei,Q58EU8
1qja,P63104
1b51,P06202
2ay1,P95468
1b55,Q06187
1d7j,P62942
1qkb,P06202
1b46,P06202
1b40,P06202
2ay7,P95468
1clu,P01112
1bzf,P00381
2ay9,P95468
1d4t,O60880
2ay8,P95468
1qk3,Q26997
1qk4,Q26997
1aze,P62993
1evh,Q03173
1b4z,P06202
1b52,P06202
1qaw,Q9X6J6
2mpa,P01837
1m6p,P11456
3mct,P07617
1b5i,P06202
1bwn,Q06187
1b42,P07617
1d4y,P03367
1sfi,P00760
2std,P56221
3mag,P07617
1ch8,P0A7D4
1oth,P00480
1bzh,P18031
1bo5,P0A6F3
456c,P45452
4yas,P52704
1dfo,P0A825
3ert,P03372
1ca8,P00734
3erd,P03372
2bpx,P04587
1bxr,P00968
830c,P45452
5yas,P52704
1a5h,P00750
1ekb,P98072
1cet,Q27743
1ba8,P00734
1pme,P28482
1dg9,P11064
11gs,P09211
1qin,Q04760
1cp6,Q01693
2bza,P00760
1qf2,P00800
1bm6,P08254
1bzc,P18031
1b8y,P08254
1a94,P03367
3amv,P00489
1xka,P00742
1ce5,P00760
1mfi,P34884
1caq,P08254
2sfp,P10724
1bai,P03322
966c,P03956
2bpv,P04587
1bzj,P18031
6std,P56221
1c3x,P81989
1upf,Q26998
1c3e,P08179
1d5r,P60484
13gs,P09211
1qhc,P61823
1c3b,P00811
1bgo,P43235
1cr6,P34914
1qcp,P00760
2tsr,P45352
2fmb,P32542
1d6n,P00492
1ciz,P08254
1a0q,P01837
1bb0,P00734
7kme,P00734
2bpy,P04587
1qjb,P63104
1qf0,P00800
1qbv,P00734
1qf1,P00800
1icj,P0A6K3
1qbq,Q04631
4fiv,P16088
1hwr,P04585
2fgi,P11362
2toh,P04177
1zzz,P00760
3usn,P08254
1yyy,P00760
1qr3,P00772
1eei,Q57193
1b56,Q01469
4prg,P37231
1d5j,P08254
1ody,P04585
1eef,P32890
1e00,P81245
1e02,P81245
1bzs,P22894
1c3i,P08254
1ftk,P19491
1fv9,P00749
1qhr,P00734
1efi,P32890
1dzj,P81245
1fd7,P32890
1fyr,P62993
1e06,P81245
1cqp,P20701
1qj6,P00734
1e1y,P00489
1di8,P24941
1dmt,P08473
1d8f,P08254
1d8m,P08254
1d8e,Q04631
1dzp,P81245
1dzm,P81245
1c8k,P00489
1exv,P06737
1qpe,P06239
1qtn,Q14790
1d7x,P08254
1c8v,P00929
1qkn,Q62986
1ezf,P37268
3gwx,Q03181
1dtt,P04585
1c8l,P00489
1dx6,P04058
1c29,P00929
1di9,Q16539
1dtq,P04585
1fsg,Q26997
1ftj,P19491
1em6,P06737
1qj1,P00734
1fao,Q9UN19
1ftl,P19491
1fl3,P01867
1dm2,P24941
1d3q,P00734
1df8,P22629
1c7f,P00323
1d2s,P04278
1dl7,P01724
1flm,Q46604
1g52,P00918
1g1d,P00918
1qku,P03372
1e03,P01008
1db1,P11473
1fcz,P13631
1f4y,
1g53,P00918
1qj7,P00734
1d3d,P00734
1czk,P10340
1czc,P00509
1qkt,P03372
1g46,P00918
1g54,P00918
1fbm,P35444
1ggd,P00766
1dzk,P81245
1fhr,P22216
1ddm,P16554
1ql7,P00760
1qft,O77421
1c5c,
1ff1,P42566
1qng,Q25756
1qiw,P62157
1f8a,Q13526
1elr,P31948
1dkd,P0A6F5
1f40,P62942
1g45,P00918
1cze,P00509
1dpu,P15927
1f4x,
1om2,Q62760
1g4j,P00918
1fo0,P01901
1e5a,P02766
1ftm,P19491
1fj4,P0A953
1e4h,P02766
1fcy,P13631
1e8h,P56216
1fzq,Q9WUL7
1bp0,P00469
1g1e,Q05195
1g48,P00918
1d3p,P00734
1g6r,P01738
1ej4,P63073
1etz,G0YP42
1g4o,P00918
1g6g,P22216
1qpb,P06169
1fch,P50542
1d6s,P0A1E3
1f3j,P04228
1fcx,P13631
1d6v,P01834
1dva,P08709
1c7e,P00323
1qnh,Q25756
1c1u,P00734
1b57,P0AB71
1f7b,P44539
1c4v,P00734
1c1v,P00734
1c1r,P00760
1fhd,P07986
1c70,O92103
1c4u,P00734
1c5x,P00749
1fjs,P00742
1gfz,P00489
1c6y,O09893
1e37,P00772
1fh8,P07986
1fh9,P07986
1c5q,P00760
1d4k,P03369
1ec9,P0AES2
1d9i,P00734
1fq8,P07267
1f3e,P28720
1f74,P44539
1eoc,P20371
1e6s,P29736
1ezq,P00742
1ecq,P0AES2
1c5s,P00760
1f4e,P0A884
1d1p,P40347
1doj,P00734
1qm5,P00490
1e34,P00772
1d4l,P03369
1dqn,Q24973
1e2k,P0DTH5
1exw,P45478
1b6k,P03369
1fkn,P56817
1f0t,P00760
1b6j,P03369
1c4y,P00734
1qbn,P00760
1erq,P62593
1qji,P07584
1qb1,P00760
1d6w,P00734
1c83,P18031
1fq6,P07267
1gfw,P42574
1ecv,P18031
1qbo,P00760
1ek1,P34914
1ylv,P05373
1ejn,P00749
1f57,P00730
1hlf,P00489
1f0s,P00742
1c5p,P00760
1c86,P18031
1c5n,P00734
1f4f,P0A884
1f0r,P00742
1qaq,P13956
1d09,P0A786
1egh,P0A731
1c5o,P00734
1ggn,P00489
1c85,P18031
1fq7,P07267
1qan,P13956
1c2t,P08179
1f4g,P0A884
1fw0,P19491
1f73,P44539
1fq4,P07267
1dy4,P62694
1fq5,P07267
1ql9,P00763
1qb9,P00760
1fh7,P07986
1b6m,P03369
1ero,P62593
1b74,P56868
1b6p,P03369
1qm4,P13444
1b6l,P03369
1ek2,P34914
1c88,P18031
1e2l,P0DTH5
1c5y,P00749
1f0u,P00760
1bsk,P0A6K3
1c87,P18031
1enu,P28720
1ft7,Q01693
1c5t,P00760
1e55,P49235
1qb6,P00760
8a3h,O85465
1gfy,P18031
1dgm,Q9TVW2
1qi0,O85465
1qq9,P80561
1c5z,P00749
1h8y,Q51400
1jbd,P60615
1g37,P00734
1ci7,P13100
1joj,P55915
1i7m,P17707
1jlq,P04585
1c84,P18031
1hvy,P04818
1jik,A6QHR2
1fo3,Q9UKM7
1jq3,Q9WZC2
1i7c,P17707
1ft4,P19438
1i8z,P00918
1hc9,P60616
1jvp,P24941
1jj9,P22894
1i90,P00918
1k1p,P00760
1g49,P08254
1i91,P00918
1k2i,P00766
1g2a,P0A6K3
1jii,A6QHR2
1f0q,P28523
1iep,P00520
1g4k,P08254
1fo2,Q9UKM7
1cs4,P30803
1haa,P60615
1fvv,P24941
1h5u,P00489
1hbj,P04058
1i32,Q27890
1jje,Q79MP6
1fls,P45452
1e9h,P24941
1jij,A6QHR2
1i8j,P0ACB2
1ikw,P03366
1hs6,P09960
1g05,P08254
1jil,A6QHR2
1jk7,P36873
1i72,P17707
1g5s,P24941
1i33,Q27890
1g27,P0A6K3
1ikx,P03366
1jjt,Q79MP6
1j7z,P61823
1ie9,P11473
1j81,P61823
1jd6,Q24306
1ikv,P03366
1fvt,P24941
1fwu,Q61830
1jd5,Q24306
1hn4,P00592
1j80,P61823
1iky,P03366
1g3f,P98170
1j4q,P22216
1ex8,P26281
1fwv,Q61830
1g7v,P0A715
1i7z,P01834
1ka7,O60880
1h6e,Q96CW1
1i80,P9WP01
1hiy,P22887
1hn2,P07435
1e3g,P10275
1h8s,
1j4k,P22216
1f90,
1k3n,P22216
1k3q,P22216
1ih0,P63316
1k1l,P00760
1k1n,P00760
1h62,P71278
1j4p,P22216
1h61,P71278
1hq5,P07824
1fzo,P01901
1k03,Q02899
1i9n,P00918
1fzm,P01901
1f47,P77173
1h60,P71278
1ii5,P73797
1joc,Q15075
1k1i,P00760
1i8h,P10636
1jgl,Q7TS98
1i9m,P00918
1i9l,P00918
1i9o,P00918
1i9q,P00918
1k1j,P00760
1ewj,P13081
1imx,P05019
1i9p,P00918
1fl6,
1iq1,P52293
1k1m,P00760
1fe3,O15540
1jmq,P46937
1fzk,P01901
1e3v,P07445
1ikt,P51659
1fdq,O15540
1h6h,Q15080
1k9r,P46937
1i5h,Q62940
1gny,Q59675
1idg,P60615
1h9z,P02768
1k9q,P46937
1fzj,P01901
1i1e,P10844
1ha2,P02768
1f8c,P03472
1ilh,O75469
1j4r,P62942
1g6s,P0A6D3
1fsy,P00811
1e66,P04058
1k9s,P0ABP8
1i37,P15207
1g7g,P18031
1hp0,Q9GPQ4
1jzs,P56690
1hnn,P11086
1hqh,P07824
1e72,P29736
1fsw,P00811
1f92,P00749
1jp5,
1h9l,
1i00,P04818
1e6q,P29736
1g3c,P00760
1g3b,P00760
1e1x,P24941
1g42,D4Z2G1
1f1j,P55210
1iih,P04789
1hqg,P07824
1e5j,O85465
1hdq,P00730
1i6v,Q9KWU8
1juj,P04818
1hqf,P07824
1eub,P45452
1hlk,P25910
1g2k,P04587
1f2o,P80561
1g30,P00734
1e1v,P24941
1f28,P13100
1f2p,P80561
1f5k,P00749
1f8e,P03472
1i48,Q9ZPL5
1ga8,Q93EK7
1fpy,P0A1P6
1jak,O85361
1i43,Q9ZPL5
1g5f,D4Z2G1
1iew,Q9XEI3
1g3d,P00760
1iem,P00811
1fm9,P19793
1iig,P04789
1dxp,P26662
1g98,Q9N1E2
1g9r,Q93EK7
1f9e,Q14790
1hp5,O85361
1jsv,P24941
1ik4,P0A731
1g7f,P18031
1i41,Q9ZPL5
1g3e,P00760
1f8b,P03472
1f8d,P03472
1hi4,P10153
1k08,P00489
1jut,P0A884
1f5l,P00749
1hee,P00730
1jh1,P22894
1k06,P00489
1jd0,O43570
1g2m,P00742
1hv5,Q02853
1g2l,P00742
1k1o,P00760
1g36,P00760
1efy,P26446
1hi3,P10153
1g32,P00734
1jtq,P0A884
1gag,P06213
1g35,P03366
1f9g,Q54873
1iau,P10144
1gcz,P14174
1hi5,P10153
1ga9,P00811
1jr1,P12269
1hyo,P35505
1il9,P02879
1kkq,Q07869
1kz8,P00636
1i7i,P37231
1m5c,P19491
1l6y,P0ACB2
1gzg,Q59643
1kat,P15692
1i7g,Q07869
1il4,P02879
1ktt,P00734
1ld7,P49354
1kmv,P00374
1m5f,P19491
1iyl,P30418
1h1q,P24941
1klg,P01903
1jyi,P55915
1ke8,P24941
1il5,P02879
1jiz,P39900
1m7q,Q16539
1lev,P00636
1juf,P01899
1m5e,P19491
1il3,P02879
1hww,Q24451
1h1r,P24941
1kak,P18031
1klu,P01903
1l6s,P0ACB2
1ijr,P06239
1kyn,P08311
1hy7,P08254
1ld8,P49354
1eou,P00918
1hxk,Q24451
1gmy,P07858
1jg0,P0A884
1hty,Q24451
1inq,P01899
1ke6,P24941
1ke5,P24941
1nd5,P15309
1jdj,P90551
1g9a,P10844
1g9c,P10844
1g9b,P10844
1k3t,P22513
1mzs,P0A6R0
1ljt,P14174
1ke9,P24941
1m5b,P19491
1ke7,P24941
1m7y,P37821
1lbf,Q06121
1m5d,P19491
1lqf,P18031
1llb,P00811
1li6,P00720
1n4k,P11881
1lrh,P13689
1kv2,Q16539
1jyc,P55915
1is0,P00524
1gz9,P83410
1gzc,P83410
1m83,P00953
1g9d,P10844
1lgt,P47228
1gx8,P02754
1lhw,P04278
1gui,Q9WXN1
1esz,P07822
1kdk,P04278
1kl5,P22629
1kyv,Q9UUB1
1kzn,P0AES6
1kv1,Q16539
1g50,P03372
1kl3,P22629
1m74,P28366
1lek,P01901
1lhv,P04278
1lhu,P04278
1jm4,P04610
1lgw,P00720
1jpl,Q9NZ52
1leg,P01901
1k6v,P35963
1guw,P83917
1l5q,P06737
1mwt,Q93IC2
1h2u,Q09161
1h2t,Q09161
1lvc,P40136
1h7a,P07071
1h79,P07071
1l5r,P06737
1l0a,Q13114
1j5i,P0A3R9
1k6t,P35963
1mwn,P04631
1kf0,Q7SIB7
1mq1,P04271
1i8i,P01660
1g85,P07435
1l2z,O95400
1jq9,P59071
1gwr,P03372
1lf8,Q9NZ52
1n5z,P80667
1jlr,Q26998
1k2v,P07822
1jyq,P62993
1k6p,P35963
1li3,P00720
1h0a,O88339
1kll,O05205
1gu3,P14090
1l5s,P06737
1k6c,P35963
1fd0,P13631
1jif,Q53793
1lxf,P63316
1lbk,P08263
1lkx,Q03479
1gwq,P03372
1g7q,P01901
1m48,P60568
1ez9,P0AEX9
1kmy,P47228
1lxh,P01391
1li2,P00720
1g7p,P01901
1lb6,Q9Y4K3
1l7x,P06737
1ghy,P00734
1gi4,P00760
1ec2,P03366
1gj7,P00749
1gj6,P00760
1d4h,P03366
1izh,Q90EB9
1gj8,P00749
1mto,P00512
1kuk,O57413
1kug,O57413
1m0q,P16932
1kui,O57413
1h1b,P08246
1izi,P03367
1eby,P03366
1kqb,Q01234
1ihy,P56649
1ke3,P00811
1loq,O26232
1gz4,P23368
1koj,Q9N1E2
1kf6,P00363
1gpn,P04058
1j01,P07986
1ebz,P03366
1jqe,P50135
1gjb,P00749
1gzv,P08059
1gjc,P00749
1lol,O26232
1gni,P02768
1gi6,P00760
1gqs,P04058
1ksn,P00742
1gnj,P02768
1gvk,
1m4h,P56817
1h22,P04058
1l8g,P18031
1jq8,P59071
1fv0,P59071
1ebw,P03366
1h2k,Q9NWT6
1ec1,P03366
1k4g,P28720
1ec3,P03366
1kpm,P59071
1ew9,P00634
1d4i,P03366
1kds,P00811
1kav,P18031
1lf3,P46925
1h5v,O85465
1gj5,P00734
1gvw,P11838
1km3,O26232
1jqy,P32890
1j15,P00763
1j16,P00763
1h1p,P24941
1nde,Q92731
1kdw,P00811
1me4,P25779
1jwt,P00734
1gvu,P11838
1lee,P46925
1m1b,P56839
1g9s,P0A9M2
1iup,P96965
1h4w,P35030
1n1m,P27487
1gyy,P31992
1gyx,P31992
1l2s,P00811
1gi1,P00760
1gja,P00749
1ghz,P00760
1jys,P0AF12
1ec0,P03366
1lf2,P46925
1gi7,P00749
1j14,P00763
1h8l,P83852
1kti,P00489
1kc7,P22983
1k21,P00734
1gu1,P15474
1ke0,P00811
1h23,P04058
1iiq,P03367
1gpk,P04058
1it6,P36873
1d4j,P03366
1m0o,P16932
1ghv,P00734
1k22,P00734
1ew8,P00634
1kfy,P00363
1i2s,P00808
1mhw,P07711
1g9t,P0A9M2
1m0n,P16932
1gjd,P00749
1gvx,P11838
1ll4,P0CB51
1gi9,P00749
1j17,P00763
1ghw,P00734
1jqd,P50135
1los,O26232
1me3,P25779
1kv5,P04789
1h1s,P24941
1h1h,P12724
1jcx,O66496
1gi8,P00749
1k4h,P28720
1jvu,P61823
1q6j,P18031
1onp,P45568
1q6n,P18031
1q6m,P18031
1gj4,P00734
1j1a,P14555
1mzc,P49354
1ogu,P24941
1nq0,P10828
1oir,P24941
1g3m,P49888
1ouk,Q16539
1okx,P00772
1nyx,P37231
1mqd,P19491
1ms7,P19491
1n7t,Q96RT1
1mqh,P19491
1q9m,Q08499
1nl4,Q04631
1pqc,P55055
1kwr,P00918
1mqg,P19491
1eb2,P00760
1oyn,Q08499
1kwq,P00918
1pxl,P24941
1ol2,P24941
1n94,Q04631
1ove,Q16539
1okv,P24941
1o5m,Q04631
1n0t,P19491
1pxj,P24941
1nzq,P00734
1h0w,P24941
1h3b,P33247
1n95,Q04631
1q6s,P18031
1m51,P35558
1pmv,P53779
1njt,P16753
1p5e,P24941
1mkd,Q08499
1pxi,P24941
1urc,P24941
1npw,P03366
1h36,P33247
1q3d,P49841
1uom,P03372
1o6h,P33247
1pxk,P24941
1oiq,P24941
1p2a,P24941
1mm6,P19491
1n9a,Q04631
1nhx,P35558
1pyw,P01903
1mm7,P19491
1q41,P49841
1h01,P24941
1mqi,P19491
1h3a,P33247
1h08,P24941
1ol1,P24941
1o6q,P33247
1h3c,P33247
1h39,P33247
1nnk,P19491
1h35,P33247
1mxu,P19491
1q6p,P18031
1h00,P24941
1ouy,Q16539
1my3,P19491
1h07,P24941
1mqj,P19491
1o79,P33247
1rgj,P60615
1npv,P03366
1q3w,P49841
1okw,P24941
1pmu,P53779
1q6t,P18031
1h37,P33247
1oe0,Q9XZT6
1gsz,P33247
1onh,Q59401
1o0d,P00734
1pmn,P53779
1nmk,P62937
1o6r,P33247
1ong,P0AD64
1pmx,P05019
1o7o,P14769
1nf8,P0DPB9
1gx0,P14769
1mv0,P01106
1pq6,P55055
1qyg,
1nzl,P00524
1oeb,O89100
1ugy,P18670
1n4m,P06400
1p1n,P19491
1o5p,P0A3R9
1q72,
1ov3,P14598
1mrw,P03367
1g74,P04117
1o9k,P06400
1gww,P14769
1gt3,P07435
1usi,P04816
1hk2,P02768
1gt4,P07435
1ms6,P25774
1h28,P24941
1usk,P04816
1njf,P06710
1mh5,P01837
1msn,P03367
1m7d,A2NHM3
1ogx,P07445
1ugw,P18670
1gt5,P07435
1nzv,P00524
1ogd,P36946
1hk3,P02768
1n8u,Q9NG96
1ugx,P18670
1q8u,P00517
1ntv,P97318
1urg,Q9RHZ6
1ols,P12694
1ogz,P00947
1h24,P24941
1p1o,P19491
1n8v,Q9NG96
1n7m,
1obx,O00560
1r0p,P08581
1mjj,
1h25,P24941
1r2b,P41182
1jws,P01903
1oai,Q9UBU9
1j19,P26043
1i3z,O35324
1r0x,P26361
1p1q,P19491
1n3w,P0AEX9
1r10,P26361
1gt1,P07435
1ow4,Q8MTC1
1lnm,P09464
1o9d,P93343
1q8t,P00517
1h27,P24941
1p93,P04150
1gwv,P14769
1h26,P24941
1oif,Q08638
1oz0,P31335
1ofz,P18891
1ngw,
1mn9,P22887
1q9d,P00636
1uj0,O88811
1nli,P09989
1h3h,O89100
1jwm,P01903
1q4k,P53350
1m13,O75469
1oko,Q05097
1uh1,P18670
1nu8,P27487
1oba,P15057
1osg,Q9Y275
1lke,P09464
1p28,Q8MTC1
1lv8,P55859
1n0s,P09464
1r17,Q9KI13
1hk1,P02768
1oe8,P30114
1olu,P12694
1oe7,P30114
1mj7,
1m7i,A2NHM3
1umw,P53350
1oim,Q08638
1jwu,P01903
1olx,P12694
1p7m,P05100
1py1,Q9UJY5
1q4l,P49841
1ow6,Q05397
1q8w,P00517
1lvu,P55859
1pz5,A2NHM3
1ow8,Q05397
1ow7,Q05397
1oqp,P05434
1ppx,P08337
1puq,P08337
1pus,P08337
1mfg,Q96RT1
1pun,P08337
1hk4,P02768
1m5w,P0A794
1mrx,P03367
1gx4,P14769
1pdq,P26017
1p4u,Q9NZ52
1ox9,P0AFZ3
1ucn,P15531
1nw5,P14751
1q5l,P0A6Y8
1odi,Q5SID9
1nu1,P31800
1l6m,P80188
1nw7,P14751
1om9,Q9UJY5
1o9e,P93343
1iwq,P0DP23
1odj,Q5SID9
1jn2,P02866
1gwm,Q9C171
1o3e,P00760
1maw,P00953
1o3f,P00760
1onz,P18031
1o3g,P00760
1o2t,P00760
1hk5,P02768
1lyx,Q07412
1lzo,Q07412
1n46,P10828
1oyt,P00734
1j07,P21836
1o2q,P00760
1nhg,Q9BH77
1o3h,P00760
1o3i,P00760
1o2h,P00760
1pf8,P24941
1o3c,P00760
1o39,P00760
1o3b,P00760
1o3d,P00760
1nz7,P18031
1m9n,P31335
1nm6,P00734
1o2j,P00760
1nnu,Q9BH77
1o37,P00760
1pvn,P50097
1o2k,P00760
1mpl,P15555
1nlj,P43235
1o3j,P00760
1o3k,P00760
1nq7,P45446
1ony,P18031
1o38,P00760
1n7i,P11086
1o86,P12821
1o3p,P00749
1o30,P00760
1n4h,P45446
1nms,P42574
1gz3,P23368
1m2r,P28523
1o3l,P00760
1o2o,P00760
1nax,P10828
1n7j,P11086
1k1y,O32462
1iy7,P00730
1nc1,P0AF12
1o2g,P00734
1o6i,P11797
1m2p,P28523
1pbq,P35439
1o2z,P00760
1m2q,P28523
1pu7,O25323
1pu8,O25323
1o2n,P00760
1p6d,P09598
1nhz,P04150
1os0,P00800
1k27,Q13126
1qwu,Q24451
1j37,Q10714
1nfw,P00742
1o36,P00760
1nl9,P18031
1o0h,P61823
1p6e,P09598
1n3i,P9WIL5
1ms0,Q26966
1o2u,P00760
1ny0,P62593
1nt1,P00734
1o2v,P00760
1o2x,P00760
1q54,Q46822
1nfy,P00742
1o2w,P00760
1lq2,Q9XEI3
1o34,P00760
1o2y,P00760
1pxh,P18031
1o33,P00760
1mf4,P60045
1o32,P00760
1ny2,P00734
1kr3,P25910
1nu3,Q9ZAG3
1nc6,P00760
1my4,P19491
1nc3,P0AF12
1o35,P00760
1jn4,P61823
1oyq,P00760
1mrs,P9WKE1
1ndv,P56658
1pr5,P0ABP9
1npz,P25774
1nhw,Q9BH77
1ph0,P18031
1o2p,P00760
1n1v,O44049
1n51,P15034
1p0y,Q43088
1n1t,O44049
1lqe,P00760
1njs,P22102
1oss,P00775
1nvs,O14757
1j36,Q10714
1mq5,P00742
1mxo,P00811
1my2,P19491
1o8b,P0A7Z0
1mcz,P20906
1nfu,P00742
1n5r,P21836
1nhv,P26663
1lrt,P50097
1nyy,P62593
1nny,P18031
1h0r,P9WPX7
1owk,P00749
1nhu,P26663
1pb9,P35439
1pa9,P15273
1h46,Q7LHI2
1pcg,P03372
1lpz,P00742
1np0,P07686
1nj1,O26708
1lpk,P00742
1no9,P00734
1owi,P00749
1orw,P22411
1o2s,P00760
1nfx,P00742
1i5r,P14061
1my8,P00811
1ozv,Q43088
1pyn,P18031
1mrn,P9WKE1
1no6,P18031
1pq3,P78540
1nwl,P18031
1ocn,Q9C1S9
1owh,P00749
1nym,P62593
1owj,P00749
1lzq,P03367
1ps3,Q24451
1nqc,P25774
1o0f,P61823
1pr1,P0ABP9
1nj5,O26708
1o2r,P00760
1ndw,P56658
1o1s,Q04631
1nvq,O14757
1ocq,O85465
1owd,P00749
1n3z,P00669
1h1d,P22734
1me7,P50097
1owe,P00749
1ndy,P56658
1nxy,P62593
1me8,P50097
1pb8,P35439
1q1m,P18031
1qx1,Q24451
1p2g,P00489
1nvr,O14757
1o0m,P61823
1m2x,O08498
1lpg,P00742
1o0n,P61823
1ndz,P56658
1njj,Q9TZZ6
1ui0,Q5SKC5
1od8,P26514
1n2v,P28720
1qxk,P18031
1jt1,
1o0o,P61823
1xbc,P43405
1uv5,P49841
1xom,Q08499
1vjb,P62508
1xon,Q08499
1lqd,P00742
1q1y,P68826
1xlx,Q07343
1rs4,P56740
1xm4,Q07343
1xdg,P20701
1r5g,P50579
1vjy,P36897
1r58,P50579
1py2,P60568
1unh,Q00535
1v0p,Q07785
1r5h,P50579
1rv1,Q00987
1ung,Q00535
1rwq,P27487
1unl,Q00535
1vj5,P34913
1oiu,P24941
1xnz,P0AE18
1snk,P43235
1tkz,P04585
1rsd,P56740
1t46,P10721
1pzj,Q57193
1o45,P12931
1so2,Q13370
1xdd,P20701
1xor,Q08499
1o4f,P12931
1xm6,Q07343
1xn0,Q07343
1tl1,P04585
1xp6,P03372
1tow,P15090
1o4e,P12931
1o4d,P12931
1x81,Q04631
1tl3,P04585
1xp1,P03372
1uu3,O15530
1rhk,P42574
1tu6,P43235
1tkt,P04585
1xoq,Q08499
1xmu,Q07343
1xlz,Q07343
1o41,P12931
1ni1,Q04631
1sj0,P03372
1xp0,O76074
1pum,P81446
1ros,P39900
1uze,P12821
1utz,P39900
1xp9,P03372
1xoz,O76074
1o4k,P12931
1tqf,P56817
1rri,P56740
1xpc,P03372
1o46,P12931
1hkm,Q13231
1s9v,P01909
1tg5,P93836
1tlo,P97571
1wdy,Q05823
1sqb,P31800
1uu7,O15530
1o4a,P12931
1qxy,P0A078
1uyh,P07900
1uyk,P07900
1rhq,P42574
1rhm,P42574
1uvr,O15530
1qxz,P0A078
1tou,P15090
1tve,P31116
1uy9,P07900
1uym,P08238
1w22,Q9BY41
1o4i,P12931
1o43,P12931
1xos,Q07343
1npa,P03366
1rtl,P26664
1hkj,Q13231
1szm,P00517
1oq5,P00918
1soj,Q13370
1t49,P18031
1uwh,P15056
1q6k,P43235
1v3x,P00742
1o4p,P12931
1vcj,P03474
1rrw,P56740
1tl9,P97571
1xh3,P01889
1vyz,P24941
1riw,P00734
1rhu,P42574
1tkx,P04585
1o4q,P12931
1o4b,P12931
1xot,Q07343
1uyf,P07900
1o4r,P12931
1o4h,P12931
1o4o,P12931
1rsi,P56740
1rq2,P9WN95
1o44,P12931
1vyw,P24941
1uyi,P07900
1t48,P18031
1r78,P24941
1v1k,P24941
1hkk,Q13231
1t1r,P45568
1o48,P12931
1w4l,P04058
1o4j,P12931
1o49,P12931
1o47,P12931
1v0o,Q07785
1uu9,O15530
1tv6,P03366
1xmy,Q07343
1uyc,P07900
1ppw,Q46822
1u59,P43403
1uyg,P07900
1w51,P56817
1rs2,P56740
1py5,P36897
1oky,O15530
1q0b,P52732
1okz,O15530
1re1,P42574
1uk1,P09874
1v2h,P00491
1oiy,P24941
1w6j,P48449
1oi9,P24941
1w76,P04058
1rhr,P42574
1uy8,P07900
1rxp,P00760
1pfy,P00959
1tfz,P93836
1w6r,P04058
1pw6,P60568
1t1s,P45568
1rry,P56740
1u32,P36873
1qxw,P0A078
1o42,P12931
1uu8,O15530
1rhj,P42574
1xsc,P50583
1t4j,P18031
1tfq,P98170
1xzx,P10828
1sr7,P06401
1utj,P35031
1os5,P26663
1uk0,P09874
1vjc,Q7SIB7
1s3k,
1oh4,Q9RIK9
1toi,P00509
1ujk,Q9UJY5
1vjd,Q7SIB7
1nki,Q9I4K6
1utn,P00760
1ru2,P26281
1qy1,P11588
1toj,P00509
1ukh,P45983
1s19,P11473
1q4x,P10828
1tog,P00509
1sqn,P06401
1tpz,Q9QZ85
1udt,O76074
1uod,P76015
1xow,P10275
1tq4,Q9QZ85
1xb7,P11474
1ujj,Q9UJY5
1utm,P35031
1w9u,Q873X9
1xxh,P28630
1t7d,P00803
1oj5,P70365
1t7r,O97775
1t29,P38398
1oay,
1ule,Q9P4R8
1uho,O76074
1ryf,P63000
1udu,O76074
1v11,P12694
1u1w,Q51792
1p17,Q4DRC4
1rmz,P39900
1qy2,P11589
1v1m,P12694
1pg2,P00959
1vyg,P29498
1sbr,O34911
1vkj,O35310
1ru1,P26281
1uz8,
1pfu,P00959
1v16,P12694
1nlt,P25491
1rd4,P20701
1uti,O89100
1oau,
1r5w,P04224
1ryh,P63000
1w80,P17427
1q1g,Q8I3X4
1xt3,P60301
1szd,P53686
1utc,P49951
1xap,P10826
1ux7,P45796
1xxi,P28630
1y0x,P10828
1utl,P35031
1tok,P00509
1t08,P35222
1uef,P97465
1osv,Q62735
1r5v,P04224
1vea,P10943
1xws,P11309
1qvu,P0A0N4
1u2r,P32324
1xa5,P62157
1utp,P00760
1t2v,P38398
1td7,P60045
1uw6,P58154
1qvt,P0A0N4
1oar,
1r6n,P04015
1ttm,P00918
1w3j,Q08638
1t37,P60045
1r9l,P0AFM2
1r5n,O74718
1sv3,P59071
1sw1,O29280
1opi,P26368
1u8t,P0AE67
1uto,P00760
1s5q,Q05195
1uxa,Q64823
1oxr,P60045
1pzi,P32890
1sw2,O29280
1sje,P01903
2bfr,O28751
1ulg,Q9P4R8
1q7a,P59071
1p19,Q4DRC4
1w2x,Q00955
1x8s,O97111
1rzx,O97111
1uv6,P58154
1u9l,P0AFF6
1r4w,P24473
1rp7,P0AFG8
1sjh,P01903
1uxb,Q64822
1vyf,P29498
1v0n,P26514
1oxg,P00766
1vj9,P00749
1w1g,O15530
1sqo,P00749
1sc8,P00749
1vja,P00749
1xd0,P04746
1pkx,P31939
1vcu,Q9Y3R4
1v0l,P26514
1pxm,P24941
1pxn,P24941
1ua4,Q9V2Z6
1om1,P28523
1nh0,P03367
1sb1,P00734
1wc6,O32393
1qw7,P0A434
1rjk,P13053
1uys,Q00955
1pxp,P24941
1w1d,O15530
1s4d,P21631
1wc1,O32393
1r5y,P28720
1xjd,Q04759
1o5a,P00749
1q4w,P28720
1t69,Q9BY41
1re8,P05132
1phw,P0A715
1pwp,P15917
1wm1,O32449
1w3l,O85465
1sqa,P00749
1v2k,P00760
1sqt,P00749
1u0g,P06745
1s26,P40136
1o5f,P05981
1uj5,Q72J47
1px4,P00722
1ta6,P00734
1uj6,Q72J47
1xbo,P18031
1v2n,P00760
1uwt,P22498
1mu8,P00734
1uwu,P22498
1u6q,P00749
1ugp,Q7SID2
1m0b,P03367
2bet,P9WKD7
1w5w,P03366
1q63,P28720
1o5b,P00749
1r1h,P08473
1rql,O31156
1ur9,Q54276
1q66,P28720
1o5g,P00734
1u0h,P30803
1pwq,P15917
1qxl,P56658
1t3t,P74881
1tl7,P30803
1s63,P49354
1o5e,P05981
1v48,P55859
1pi5,P00811
1xff,P17169
1uz1,Q08638
1v79,P56658
1v2p,P00760
1txr,Q01693
1v2t,P00760
1ssq,P43886
1rm8,P51512
1v2o,P00760
1u2y,P04746
1pwu,P15917
1r1j,P08473
1r1i,P08473
1mue,P00734
1rek,P05132
1uou,P19971
1v41,P00491
1pxo,P24941
1xs7,P56817
1w8m,P62937
1rdt,P19793
1u33,P04746
1s39,P28720
1w5y,P03366
1q65,P28720
1pk0,P40136
1v2r,P00760
1q95,P0A786
1uml,P56658
1t4s,P07824
1w8l,P62937
1xxe,O67648
1ro6,Q07343
1ta2,P00734
1pi4,P00811
1w5x,P03366
1mu6,P00734
1pye,P24941
1q5k,P49841
1p57,P05981
1xkk,P00533
1v2u,P00760
1v2v,P00760
1sgu,P03367
1rwx,P29466
1pzp,P62593
1pzo,P62593
1uz4,Q6QT42
1w3k,O85465
1v2l,P00760
1v2m,P00760
1xbb,P43405
1v2j,P00760
1s64,Q04631
1s89,P0A731
1o5c,P00749
1ro7,Q9LAK3
1rww,P29466
1ogg,P11797
1rej,P05132
2bes,P9WKD7
1v2s,P00760
1pl0,P31939
1q91,Q9NPB1
1w5v,P03366
1thz,P31335
1o5r,P56658
1v2q,P00760
1s38,P28720
1v7a,P56658
1p4r,P31939
1pwy,P00491
1v0k,P26514
1yt9,P03366
1sh9,P03367
1tuf,Q58497
1v2w,P00760
1tt1,P42260
1z6j,P08709
2a5u,P48736
2b54,P24941
1waw,Q13231
1v0m,P26514
1y2k,Q08499
1y2j,Q07343
1yhs,P11309
1y91,P24941
2a3x,P02743
1yt7,P43235
1yvf,O93077
1z4u,O93077
1y2h,Q07343
1s9t,P42260
1y2e,Q08499
2byh,P07900
1w83,Q16539
2c1a,P00517
2c6l,P24941
2ai8,P0A6K3
1y2c,Q08499
1rw8,P36897
1zz3,Q70I53
1z6q,P00489
2a4z,P48736
1wbn,Q16539
1wbt,Q16539
1xhm,P62871
2ai7,Q8DP79
1z34,
1wzy,P28482
1zh7,P45448
2c1b,P00517
2byi,P07900
2c6m,P24941
1r6g,P10828
2b53,P24941
2bz5,P07900
1xo2,Q01043
2c6k,P24941
1you,P45452
2b5j,P03366
1yc5,Q9WYW0
1zz1,Q70I53
1wbs,Q16539
2c4g,P24941
1z6p,P00489
1w1t,Q54276
2a3i,P08235
1u3s,Q92731
1zyj,Q16539
2bge,P18031
1wug,Q92831
2bro,O14757
1z3c,Q8SR66
1zuc,P06401
2c68,P24941
1x76,Q92731
1zp5,P22894
1x7e,P03372
2f6y,P18031
2c6i,P24941
1wqv,P08709
1x78,Q92731
2a3a,Q873X9
1yhm,Q8WS26
1yw2,P47811
1ttv,P56273
2b8l,P56817
1ywr,P47811
1ymx,Q9L5C8
1y57,P12931
1wbv,Q16539
1x7q,P04439
1xh8,P00517
1wss,P08709
1wbg,P00734
1z9h,Q9N0A4
1wu1,P00742
1x70,P27487
1w82,Q16539
1yk7,P43235
2bbb,P03366
2ban,P03366
1w1y,Q54276
2aie,Q8DP79
1x0n,P62993
2f71,P18031
1y6a,P35968
1zgv,P00734
2c69,P24941
1y2d,Q08499
1svg,P00517
2bts,P24941
2bmc,O14965
2bw7,O32393
2bpm,P24941
1u3q,Q92731
2brh,O14757
2aia,Q8DP79
1u9w,P43235
1z5m,O15530
1zkn,Q08499
2f70,P18031
2a3w,P02743
1ynd,P62937
1w84,Q16539
2be2,P03366
1y6b,P35968
1svh,P00517
1wcc,P24941
1veb,P00517
1yi3,P11309
2f6v,P18031
1wok,P09874
1u9q,P25779
1yvz,P26660
2f6z,P18031
1x7b,Q92731
1xog,P03472
1wb0,Q13231
1xoe,P03472
1way,P00734
1wbw,Q16539
2a3b,Q873X9
1yrs,P52732
1w1p,Q54276
1wum,Q92831
2brn,O14757
1wv7,P08709
1zrz,P41743
1w0x,P24941
1u9e,Q92731
1u3r,Q92731
1zz2,Q16539
1sve,P00517
1w1v,Q54276
1sqp,P31800
1zzl,Q16539
1xur,P45452
1u9v,P43235
1u9x,P43235
1wun,P08709
2brg,O14757
1xuo,P20701
1xuc,P45452
1xqc,P03372
1wxz,P56658
1zgb,P04058
2brc,P02829
1zkl,Q13946
1y2b,Q08499
1wax,P18031
1zxc,P78536
1wtg,P08709
1zaj,P00883
1x8b,P30291
2btr,P24941
2b52,P24941
2b55,P24941
1xud,P45452
1tft,P98170
1yvx,P26660
2bfq,O28751
1xt8,Q0P9S0
1uwf,P08191
1tmm,P26281
2b8v,P56817
1tr7,P08191
1zub,Q9JIR4
2bmz,O22321
1x7r,P03372
1t13,P61711
2aa6,P08235
1w9v,E9QRF2
1s5z,P22887
1z2b,Q2HJ86
1ysg,Q07817
2bys,Q8WSF8
1y8p,Q15120
2byp,Q8WSF8
1ws5,P18670
1kjr,P17931
2bt9,Q8XXK6
1yy6,Q93009
2ao6,P10275
1ydk,P08263
2a29,P03960
1xk5,O95149
1wdq,P10538
1vyj,P12004
1y8o,Q15120
1ws4,P18670
1ycm,P39900
1yid,Q9RVD6
1z3t,Q7LIJ0
2a58,Q9UUB1
1y2f,P77173
1ykp,P00436
1x9d,Q9UKM7
1sqq,P31800
1z3j,P39900
1ywh,Q03405
1u1b,P61823
1xh7,P00517
1y3p,
2a0t,P22216
2bz8,Q96B97
1xfv,P40136
2byr,Q8WSF8
1t7j,P35963
1xh9,P00517
1y3n,
1y19,O70161
1y0l,
2c2l,Q9WUD1
1w70,Q15080
2bjm,
1xr8,P01889
2agv,P04191
2arm,P59071
2c3i,
1xge,P05020
1wdr,P10538
2a25,Q8IUQ4
1wva,P05089
1yc4,P07900
1y3a,P63096
1w96,Q00955
1y98,P38398
1xz8,P41007
2a4m,Q9RVD6
1xh4,P00517
1ywi,O75400
1zhk,P01889
2br8,Q8WSF8
1xh5,P00517
1zhy,P35844
1zkk,Q9NQR1
1w6y,P07445
1we2,P9WPY3
1yvh,P22681
2bj4,P03372
1tjp,P00929
2bak,Q16539
1y2a,P52293
2baj,Q16539
1zm6,P60045
1xh6,P00517
1x07,P60472
2f8i,P02766
1x8d,P32156
1xq0,P00918
2bal,Q16539
2aeb,P05089
1xr9,P01889
1y2g,P77173
1yc1,P07900
2f7i,P02766
2c1n,P63104
1z3v,Q7LIJ0
2az5,P01375
1t4e,Q00987
1zhl,P01889
1vj6,Q64512
2b9a,P02766
1xpz,P00918
1wuq,Q5SH52
1w7x,P08709
2ajl,P27487
1ysi,Q07817
2c3k,O14757
1x8j,Q26490
1yly,Q9L5C7
1xn2,P56817
1tvo,P28482
1wur,Q5SH52
1w31,P05373
1ws1,Q819U0
2etk,Q13464
2etr,Q13464
1s50,P42260
1w2k,P08709
2a5s,Q00959
1yys,P13513
2bok,P00742
1w0y,P08709
2ax9,P10275
2b07,P18031
1yvm,P0AE18
2ael,P13513
1yyr,P13513
1wcq,Q02834
2b17,P59071
2ayr,P03372
2esm,Q13464
1ym1,Q9L5C8
2c3j,O14757
1z71,P00734
1z1r,P03369
1x39,Q9XEI3
1xgj,P00811
1y1z,P35439
1t4v,P00734
1yms,Q9L5C8
1zxv,P15917
1x38,Q9XEI3
2br6,P0CJ63
2brm,O14757
1x6u,P0A715
1zdp,P00800
1zp8,P03366
1zyr,Q5SHR6
1zoh,P28523
1x7a,P16293
1w2h,P9WKE1
1z6f,P0AEB2
2ad5,P0A7E5
1xgi,P00811
1wkm,P56218
1ya4,P23141
1xk9,P11439
2brb,O14757
1v1j,P15474
1y3w,P00760
1x8t,P0A6D3
2afw,Q16769
1y1m,P35439
1ybg,P33038
1w4p,P61823
2aou,P50135
1wvj,P19491
2bvd,P16218
2adu,P50579
1t31,P23946
1ze8,P00918
2erz,P05132
1z9g,P00800
1y3v,P00760
2azr,P18031
2bo4,Q9RFR0
1wn6,P0C2P0
2f6t,P18031
1y3y,P00760
1yqy,P15917
2a14,O95050
1u65,P04058
1tx7,P00760
1z4o,P71447
2bgn,P27487
1t5a,P14618
1w2g,P9WKE1
1u71,P00374
1z4n,P71447
2aow,P50135
2aox,P50135
1vzq,P00734
1wvc,Q8Z5I4
2ax6,P10275
1syi,P19491
1t32,P08311
2a3c,Q873X9
1syh,P19491
1z6d,P61823
1vyq,Q8II92
1zoe,P28523
1xn3,P56817
1zgi,P00734
1z1h,P03369
1zpa,P03366
1w4q,P61823
2al5,P19491
1yfz,Q8R7L0
1xnx,O35627
2b7f,P03362
1z6s,P61823
1y4z,P09152
1yxd,P0A6L2
1t5f,P07824
1w4o,P61823
2afx,Q16769
2c6o,P24941
1y20,P35439
1zog,P28523
1xhy,P19491
1y3x,P00760
2br1,O14757
2c3l,O14757
1x8r,P0A6D3
2d06,P50225
1yq7,P14324
1yqj,Q16539
1yci,Q9NWT6
2aov,P50135
2exm,P24941
1z95,P10275
2bqv,O92139
2bu5,Q15119
2bed,Q04631
2nsx,P04062
1ym4,P56817
1ym2,P56817
2evo,P0AE18
2bcd,P36873
2h03,P23467
2fq6,P06721
2g1y,P00797
2gm1,P52732
2ewp,P62508
2hha,P27487
2axi,Q00987
2ie4,P30153
2f3e,P56817
2f3f,P56817
2bdf,P12931
2ath,P37231
2iw6,P24941
2etm,Q05397
2h96,P45983
1zpc,P03951
2c5n,P24941
1zeo,P37231
2c5x,P24941
2f4b,P37231
2c5y,P24941
2evc,P0AE18
2gg5,P0AE18
2cv3,P00772
2ggx,P35247
2gtk,P37231
2auz,P43235
2gg2,P0AE18
2gz7,P0C6U8
2bdj,P12931
2f2c,Q01043
2fyv,Q24451
2a4l,P24941
2h02,P23467
2hai,P26663
1ykr,P24941
2aux,P43235
2fm0,Q08499
2f3r,P60546
2fix,P09467
2gg3,P0AE18
2fda,P03951
2fde,P04585
2evm,P0AE18
2ccu,P07900
1zpb,P03951
2ewy,Q9Y5Z0
2c6e,O14965
2g6p,P53582
2fum,P9WI81
2i5j,P03366
2ggu,P35247
2fes,P00734
2c0o,P08631
2ew5,Q672W7
2aa9,P0A6D3
2cm8,P18031
2gfs,Q16539
2j9a,P00727
2g01,P45983
2aay,P0A6D3
1ztq,P45452
2feq,P00734
2ckm,P04058
1yw7,P50579
2giu,Q92731
2g19,Q9GZT9
2nq6,P53582
2cmc,P18031
2i40,P24941
2gg7,P0AE18
2cne,P18031
2gg0,P0AE18
2ew6,Q672W7
2anm,P00734
2brp,Q54873
2c8y,P00734
2j7x,Q62986
2iw8,P24941
2fme,P52732
2f1b,Q24451
2h44,O76074
2igy,P46925
2ama,P10275
2cng,P18031
2irz,P56817
2c93,P00734
1zd5,P34913
2hny,P04585
2cgu,O14757
1yw8,P50579
2f3k,P03369
2ggb,P0AE18
2j50,O14965
2gnh,P00517
2fjm,P18031
2j87,O57203
2bdl,P43235
2euf,Q01043
2i0v,P07333
2cgx,O14757
2gga,Q9R4E4
2azc,P03367
2bdy,P00734
2chz,P48736
2chx,P48736
2ggd,Q9R4E4
2cma,P18031
2chw,P48736
2am1,Q8DNV6
2b7a,O60674
2ccs,P07900
2fl2,P52732
2gpp,P62508
2cgw,O14757
2hwh,P26663
2i47,P78536
2bb7,P0AE18
2gni,P00517
1yy4,Q92731
2iit,P27487
2f4j,P00519
2fky,P52732
2h42,O76074
1yye,Q92731
2nq7,P53582
2h8h,P12931
2a2x,P00734
2fwy,P07900
2is0,P56817
2c4f,P08709
1zaf,Q92731
2ica,P20701
2bve,Q62230
2g1r,P00797
2cni,P18031
2fj0,Q9GPG0
2nyr,Q9NXA8
2exc,P53779
2g0h,P37231
2cm7,P18031
2az9,P03367
1zd4,P34913
2i0y,P07333
2i1m,P07333
2cnf,P18031
2c8x,P00734
2bkt,P00797
2cmf,P04058
2gg8,P0AE18
2hwi,P26663
2cgv,O14757
2cn8,O96017
2gc8,Q99AU2
2gg9,P0AE18
1zom,P03951
2c8w,P00734
2c9t,Q8WSF8
2c6c,Q04609
2c90,P00734
2fie,P09467
2bua,P22411
2fl6,P52732
2b1p,P53779
2bks,P00797
2fjn,P18031
2gcd,Q9JLS3
2hfp,P37231
2fdd,Q7SPG9
2ddf,P78536
2gz8,P0C6U8
2fjp,P27487
2fm5,Q08499
2dq7,P06241
2c6g,Q04609
2g1q,P52732
2am9,P10275
2g9x,P24941
2np8,O14965
2hk5,P08631
2boi,Q7NX84
2dxs,P26663
2g24,P00797
2chm,O76074
2ank,P00734
2aq7,P0A953
2aqb,P0A953
2gnl,P00517
2igx,P46925
2hd1,O76083
2a0c,P24941
2fwz,P07900
2fv9,P78536
2bv4,Q7NX84
2c5o,P24941
2cnh,P18031
2j83,Q8TL28
2gv2,Q00987
2iiv,P27487
2azb,P03367
2cmb,P18031
2a8h,P78536
2az8,P03367
2g0g,P37231
2gnf,P00517
2alv,P0C6U8
2j4z,O14965
2gnj,P00517
2f1a,Q24451
2d1x,Q14247
2ayp,O14757
2b1z,P03372
2i7c,Q8II73
2go4,O67648
2iw9,P24941
2bkz,P24941
2gmx,P45983
2am2,Q8DNV6
2aei,P08709
2f18,Q24451
2cct,P07900
2bub,P27487
2auc,D0VWV5
2f34,P22756
2iwx,P02829
2i1r,P26663
2ceo,P05543
2fb8,P15056
2i0h,Q16539
2h21,Q43088
2euk,Q9NZD2
2eum,Q9NZD2
2c94,P9WHE9
2evl,Q9NZD2
2cgf,P02829
2c9d,P9WHE9
2izx,P13861
2ews,Q6G7I0
2fgh,Q28372
2hiw,P00519
2f14,P00918
2iws,P02829
2hdx,Q91ZM2
1zc9,P16932
2c97,P9WHE9
2cvd,O60760
2fgu,P03369
2ivz,P0A855
2fw6,Q2QJL3
2fwp,Q2QJL3
2iwu,P02829
2fkf,P26276
2ce9,Q04724
2j79,Q08638
2boj,Q9HYN5
2g6q,Q9ESK4
2df6,O55043
2g83,P63096
2h2h,Q9WYW0
2gfa,O75164
2flh,A0A1S3THR8
2j7g,Q08638
2bmv,O25776
2fl5,Q5FWF9
2buv,P20371
2j77,Q08638
2cbz,P33527
2haw,P37487
2ewa,P47811
2clv,P01901
2g2r,
2foy,P00915
2g97,Q80Z29
2a5b,P02701
2ccc,B0R5M0
2gl0,Q8ZVF7
2hu6,P39900
2gzl,P62617
2fx9,
2b4l,P46922
2ha4,P21836
2o4n,P03367
2c92,P9WHE9
2azm,Q14676
2cbu,Q08638
2fr3,P29373
2bmk,
2fuu,Q12830
2fx7,
2hmv,O32080
2idk,P13255
2flu,Q14145
2hmu,O32080
2cex,P44542
2c9b,P9WHE9
2h23,Q43088
2hmw,O32080
2a8g,P02701
2ca8,P30113
2ha2,P21836
2aoj,P04587
2a5c,P02701
2j75,Q08638
2fsv,Q2RSB2
2j7b,Q08638
2aof,P04587
2frd,Q2RSB2
2fqy,P29724
2cbv,Q08638
2g5u,P02766
2fov,P00918
2hf8,Q57884
2f35,P22756
2h3e,P0A786
2fx8,
2b4m,P46922
2nm1,P10844
2fqw,P29724
2iko,P00797
2h9m,P61964
2aoh,P04587
2cia,O43639
2j78,Q08638
2ha0,P21836
2ez5,Q9VVI3
2h6b,Q8RPJ2
2h2j,Q43088
2ccb,B0R5M0
2fxv,P42085
2amt,P62617
2h13,P61964
2ha7,P21836
2ez7,P00918
2j7f,Q08638
2c80,P30113
2fys,P63086
2ha6,P21836
2ha5,P21836
2j7e,Q08638
2a4w,O05205
2g96,Q80Z29
2h2d,Q9WYW0
2ces,Q08638
2ci9,P16333
2fo4,P01901
1yon,P0A9J4
2gz2,A0A0H2UPS5
2c1p,Q58EU8
2doo,P52699
1zea,A2NHM3
2f5t,Q7LYW4
2h6q,P61964
2j7h,Q08638
2fr8,Q2RSB2
2fqx,P29724
2fci,Q32PK0
2hmh,O35718
2fgv,P03369
2j7d,Q08638
2gph,P63086
2iku,P00797
2h6k,P61964
2bba,P54760
2fxu,P68135
2gtv,Q57696
2hnx,P15090
2ate,P0AG18
2il2,P00797
2fou,P00918
1zsh,P17870
2o9k,P61964
2h5a,P26276
2cc7,B0R5M0
2ha3,P21836
2cet,Q08638
2aoi,P04587
2d0k,P0ABQ4
2fts,Q03555
2cf8,P00734
2f0z,Q9Y3R4
2d1o,P08254
2hh5,P25774
2f81,P04587
2cf9,P00734
2i3h,Q96CA5
2fzz,P00742
2i3i,Q96CA5
2f9u,Q91RS4
2f7o,Q24451
2a4g,P26664
2bq6,P00742
2a4q,Q91RS4
1zsf,P03366
2bz6,P08709
1zsr,P03366
2d3u,Q99AU2
2g00,P00742
2b1i,P31335
2b1g,P31335
2d41,Q99AU2
2d3z,Q99AU2
2i0g,Q92731
2aoe,P04587
2hwg,P08839
2f10,Q9Y3R4
1z6e,P00742
2jbj,Q04609
2f7p,Q24451
2fqo,O34667
2gvj,P43490
2hoc,P00918
2bzz,P10153
2aqu,P03366
2h4g,P18031
2g94,P56817
2f9b,P08709
1w6h,P46925
2aog,P04587
2jbk,Q04609
2avv,P04587
2g5t,P27487
2ien,P03367
2fqt,O34667
2fhy,P09467
1zvx,P22894
2i03,P27487
2ewb,P00727
2idw,P03366
2h5i,P42574
2flb,P08709
2avo,P04587
2gvd,P30803
2b1r,P74325
1yz3,P11086
2b1v,P03372
1ypg,P00734
2d2v,P74325
2g8r,P61823
2anl,O60990
2e1w,P56658
2hds,P00811
2gvv,Q7SIG4
2aoc,P04587
2fpz,P20231
2gbf,P14740
2gvz,P30803
2clx,P24941
2gv7,Q9Y5Y6
2c6n,P12821
2h5j,P42574
1zfk,P00918
2hd6,P00918
2j34,P00742
2bmg,P00742
2am4,P27115
2fzc,P0A786
2hdr,P00811
2dua,Q84G06
2hb1,P18031
2i19,Q86C09
2f8g,P04587
2a4r,P27958
2avm,P04587
2f94,P14324
2j4i,P00742
2c4v,Q48255
2nw4,P15207
2bvr,P00734
2iuz,Q873X9
2i0j,P03372
2aod,P04587
2c4w,Q48255
2fx6,P00760
2dw7,Q89FH0
2an5,P11086
2cn0,P00734
2fs8,P20231
2fzk,P0A786
2gsu,Q8PIS1
2b1q,P74325
2fxr,P20231
2i3v,P19491
2avs,P04587
2b7d,P08709
2i0e,P05771
2f1g,P25774
2f2h,P31434
2i3z,P14740
2ieo,P03366
2ajb,P22411
2fdp,P56817
2hs1,P03366
2bvx,P00734
2aez,Q93X60
2h4k,P18031
2ioa,P0AES0
2ihq,P15207
1zfq,P00918
2c57,Q48255
2j47,Q89ZI2
2isw,A8B2U2
2isv,A8B2U2
2f89,P14324
2boh,P00742
2cmo,P19491
2fs9,P20231
2bqw,P00742
2fvd,P24941
2hs2,P03366
1y3g,P00800
2ivu,P07949
2gbi,P14740
2g5p,P27487
2hzy,P35505
2avq,P04587
2hdq,P00811
2gv6,Q9Y5Y6
2aw1,P00918
2bxt,P00734
1zge,P00918
2j9h,P09211
2fzg,P0A786
2ceq,P22498
2i80,Q5HEB7
2gbg,P14740
2cbj,Q0TR53
2aq9,P0A722
2gmk,P22069
2fai,P03372
1zky,P03372
2hdu,P00811
2j2u,P00742
2ff2,Q9GPQ4
2h5d,P00778
2ff1,Q9GPQ4
2g63,P27487
2aj8,P22411
2h65,P42574
2g8n,P11086
2f80,P04587
2hxm,P13051
1z9y,P00918
1zs0,P22894
1yp9,P00760
2bxu,P00734
2f9k,P14324
2hnc,P00918
2d1n,P45452
2fm2,Q9ELS8
2bvs,P00734
2cji,P00742
2c02,P10153
2bq7,P00742
1ype,P00734
2io6,P30291
2in6,P30291
2j4a,P10828
1w7g,P00734
1ypj,P00734
2obj,P11309
2hwp,P00523
2uzn,P24941
2duv,P24941
2r9s,P53779
2hwo,P00523
2p3g,P49137
2rjp,O75173
2va7,P56817
2uzd,P24941
2jdt,P00517
2of2,P06239
2uzb,P24941
2pgl,P28907
2jdo,P31751
2pgj,P28907
3b8z,Q9UNA0
1vsn,P43235
2ofv,P06239
2ohv,Q9A1B7
2gdo,O14757
2o64,P11309
2oj9,P08069
2pvw,Q04609
2hog,O14757
2owb,P53350
2q6b,P04035
2off,P00489
2fw3,P18886
2uw6,P00517
2qpj,P08473
2uyi,P52732
2og8,P06239
2p98,P0AE18
2e98,P60472
2gmv,P35558
2hy0,O14757
2v10,P00797
2uzl,P24941
2va6,P56817
2v0z,P00797
3b2w,P06239
2o65,P11309
2o63,P11309
2e99,P60472
2ozr,P45452
2g9r,P00489
2g9u,P00489
2pzi,P9WI73
2e9a,P60472
2o48,Q9TQS6
2p99,P0AE18
2v12,P00797
2i6a,P55263
2e9c,P60472
2q1j,P00742
2uue,P24941
2o3p,P11309
2o7v,Q0ZPV7
2r0u,O14757
2jbl,P07173
2e9d,P60472
2uzv,Q3SX13
2g9v,P00489
2ork,P35247
2ghg,O14757
2qe5,Q99AU2
2q7m,P20292
2r9m,P25774
2ooh,P14174
2p3o,P12823
2pg2,P52732
2q2y,P52732
2qcg,P11172
2ieh,P52732
2p4i,Q02763
2ohr,P56817
2gh6,Q70I53
2qcn,P11172
2ojf,P00517
2veu,P18031
2hiz,P56817
2qk8,Q81R22
2oah,P56817
2p83,P56817
2hxq,O14757
2e2b,P00519
2qd9,Q16539
2ou7,P53350
2o5k,P49841
2q1l,P04035
2gfj,P52700
2hb9,P52700
2ilp,P0DPI1
3bi6,P30291
2q6c,P04035
2hxl,O14757
2hyy,P00519
2o7n,P20701
2osc,Q02763
2pjl,P11474
2qe2,Q99AU2
2ofu,P06239
2iok,P03372
2r6n,P43235
2vex,P18031
2oh0,P00517
2ow1,P14780
2uw7,P00517
2oph,P27487
2q2z,P52732
2v0c,Q7SIE4
2oo8,Q02763
2r3c,
2q72,O67854
2h9t,P00734
2rgu,P27487
2gu8,P17612
2qt9,P27487
2ow0,P14780
2uw0,P00517
2j2i,P11309
2oq6,O75164
2qoh,P00520
2vcj,P07900
2vci,P07900
2q6h,O67854
2p8s,P27487
2jc0,P26663
2qch,P11172
2jaj,O94760
2hvx,P23946
2qoe,P27487
2ph6,P56817
2rcu,P18886
2ohq,P56817
2nww,O59010
2hm1,P56817
2uzo,P24941
2oh4,P35968
2uym,P52732
2h1h,P24173
2gfk,P52700
2vev,P18031
2ds1,P24941
2ovx,P14780
2ow9,P45452
2nqg,P97571
2gj4,P00489
2uw5,P00517
2qcf,P11172
2fvc,Q99AU2
2ohm,P56817
2pzy,P49137
2hz0,P00519
2poq,Q9TQS6
2p2i,P35968
2hz4,P00519
2vf6,P14324
2vd7,O75164
2qtb,P27487
2ohu,P56817
2q8i,Q15120
2gqn,P06721
2ohs,P56817
2o9i,O75469
2jbu,P14735
2v11,P00797
2gm9,P00489
2q9n,P05364
2gd8,P00918
2vey,P18031
2pvv,Q04609
2hzn,P00520
2pe2,O15530
2os9,P35247
2qcm,P11172
2oic,Q9NWZ3
2qcd,P11172
2gde,P00734
2r8q,Q6S996
3biz,P30291
2p33,P53779
2iqg,P56817
2uze,P24941
2uw4,P00517
2pe1,O15530
2rfn,P08581
2p9a,P0AE18
2imb,P0DPI1
2pix,P10275
2i5f,P08567
2q9m,P05364
2ow2,P14780
2nv7,Q92731
2p2h,P35968
2vew,P18031
3bcn,A5YVK8
2hzi,P00519
2p8h,P56817
2o5d,P26663
2nqi,P97571
2jbp,P49137
2pe0,O15530
2ywp,O14757
2uw8,P00517
2ooz,P14174
2of4,P06239
2qju,O67854
2uw3,P00517
2va5,P56817
2jbo,P49137
2q8g,Q15118
2pcu,Q9UI42
2oht,P56817
2no3,P45983
2ohp,P56817
2iog,P03372
2ogz,P27487
2or4,Q04609
2gek,A0QWG6
2e7l,A2NTU7
2r5d,
2z60,P00520
2uxi,Q9AIU0
2v7a,P00519
2jdu,Q9HYN5
2v8w,P06730
2p0d,Q9BRR9
2v00,P11838
2gej,A0QWG6
2oi3,P08631
2jdp,Q9HYN5
2jbv,Q7X2H8
2jdk,Q9HYN5
2jdh,Q9HYN5
2qki,P01024
2nn7,P00915
2py4,P9WNS5
2qqs,O75164
2pfy,Q7VXB1
2pl0,P06239
2e27,
2nxl,P03369
2hkf,P01631
2qpq,Q7W019
2nnv,P00918
2jnw,P07992
2gfd,P41148
2nno,P00918
2e7f,Q46389
2j3q,P04058
2nnd,P11589
2qx0,A0A5P8YCA3
2pze,P13569
2nns,P00918
2r7g,P06400
2fxs,P02829
2z5o,Q92973
2joa,Q92743
2p8n,P02879
2pv2,P0ABZ6
2hug,O22265
2peh,Q96I25
2qm7,Q8RPA0
2oqs,Q12959
2nn1,P00915
2qta,P0AFG8
2pgz,Q8WSF8
2itt,P00533
2v25,Q0P9X8
2e5y,P07678
2ph9,Q8WSF8
2odd,Q9Y618
2q8y,P0A2N1
2oiq,P00523
2g79,P29373
2r58,Q9VHA0
2oei,O00213
2ito,P00533
2g78,P29373
2itp,P00533
2o9a,P16528
2vhj,Q94M05
2j6m,P00533
2j4k,Q97ZE2
2jup,Q8CGF7
2hr6,P06968
2jg0,P13482
2clk,P00929
2jsd,O60882
2dwx,Q9UJY5
2vhq,Q94M05
2nsj,P0AG18
2qm9,P04117
2ov4,P00953
2uxu,Q9AIU0
2gh9,Q72I44
2q8h,Q15118
2nxd,P03369
2v3u,Q63226
2z5s,Q7ZUW7
2z5t,Q7ZUW7
2uyq,Q9CCZ4
2r5a,Q9VHA0
2i4p,P37231
2j9n,P00760
2jdn,Q9HYN5
2nsl,P0AG18
2itz,P00533
2nmx,P00915
2vba,P0A953
2vb8,P0A953
2v87,P21784
2i4z,P37231
2nn8,P17931
2r5b,
2v5x,Q9BY41
2hzl,Q3J1R2
2pem,Q44177
2rly,Q8CGF7
2hrm,P06968
2clf,P00929
2o9v,Q9BX66
2cle,P00929
2uyn,P0AGL2
2o3z,O67648
2clm,P00929
2jdm,Q9HYN5
2ntf,Q0VDX6
2opy,P98170
2r0z,A2NHM3
3b50,P44542
2nwl,O59010
2puy,Q96BD5
2isc,A2E7Y6
2oi9,P01897
2ra6,Q29147
2jq9,Q9UN37
2v83,P21784
2v86,P21784
2hj4,P84887
2v85,P21784
2j4q,P28248
2ogy,Q46389
2gj5,P02754
2jdy,Q9HYN5
2jqk,O75351
2uwd,P07900
2p09,
2hjb,P84887
2nng,P00918
2qhd,P48650
2igw,P52011
2v95,P31211
2p0x,
2iv9,P63010
2h5e,P0A7I4
2pv3,P0ABZ6
2e2r,P62508
2oi2,A0A0H2UNK6
2cll,P00929
2cli,P00929
2pql,Q7PNF2
2imd,Q51948
2q7q,P84887
2ity,P00533
2igv,P52011
2jo9,Q8C863
2nxm,P03369
2i6b,P55263
2pll,P05089
2qbx,P29323
2hqu,P33316
2ovq,P63208
2pv1,P0ABZ6
2r05,Q8WUM4
2i4j,P37231
2v88,P21784
2o1v,P41148
2r03,Q8WUM4
2clh,P00929
2ipo,P0A786
2r02,Q8WUM4
2jmj,Q08465
2clo,P00929
2ohl,P56817
2ftd,P61277
2o4j,P13053
2jf4,P13482
2e94,Q12051
2e95,Q12051
2i2c,Q8Y8D7
2e92,Q12051
2rm0,Q8CGF7
2p16,P00742
3bgp,P11309
2uvm,P31749
2iu0,P31335
2oxd,P28523
2ot1,P00883
2e93,Q12051
2j4g,Q89ZI2
2oxx,P28523
2e91,Q12051
2nt7,P18031
2oxy,P28523
2v3e,P04062
2j27,P04789
2oz5,P96830
2p95,P00742
2op3,P25774
2z4b,Q92731
2g9q,P00489
3bgz,P11309
2qtu,Q92731
2o4r,P13053
2pog,P03372
2jj3,Q92731
2o2u,P53779
2v0n,B8GZM2
2o7e,Q3IWB0
2ok1,P53779
2oyl,O33853
2p94,P00742
2ql9,P55210
2q54,O38710
2p2a,P19491
2on3,P11926
2yxj,Q07817
2onz,P11086
2hw2,A0QRS5
2qlb,P55210
2z9g,P0C6X7
2flr,P08709
2eg7,P05020
2qlf,P55210
2p93,P00742
2p4j,P56817
2pu1,Q9NDH8
2oc7,P27958
2hvc,P10275
2obf,P11086
2z94,P0C6X7
3b7i,Q01693
2psx,Q9Y337
2uz9,Q9Y2T3
2opb,P11086
2qrl,P38998
2hah,P16088
3b3c,Q01693
2hob,P0C6U8
2uz6,Q8WSF8
3b92,P78536
2p3a,Q6BB74
2v3d,P04062
2oc9,P00491
2oym,O33853
3bgq,P11309
2cem,Q8Q3H0
2qe4,P03372
2q15,P56817
2oa0,P04191
2jnp,P08254
2o9j,P04191
2fle,Q9J2R0
2ovz,P14780
2p8o,P00766
2oz7,P10275
2f9v,P27958
2oc0,P27958
2uwp,P00742
2ptz,Q38BV6
2ovv,Q9QYJ6
2jal,Q08638
2on6,P00491
2iyf,Q53685
2pwg,Q2PS28
2nta,P18031
2g70,P11086
2p3d,Q7SRY5
2e2p,Q96Y14
1vso,P22756
2jh6,P00734
2pu0,Q38BV6
2i4t,A2E7Y6
2rcx,P00811
2o1c,P0AFC0
2op9,P0C6U8
2r5q,O12158
2q55,O38719
2cej,Q8Q3H0
2ojg,P28482
2jew,P09955
2psj,P27652
2fu8,P52700
2oax,P08235
2ony,P11086
2itk,Q13526
2np9,Q8KLK7
2h15,P00918
2o9r,P22505
2hl4,P00918
2onb,P04818
2uy4,P29029
2vfz,P14769
2p3c,Q6Q004
2z3h,P0C2P0
2psu,O38723
2za3,Q8T6J6
2ihj,Q15KI8
2it4,P00915
2o8h,Q9QYJ6
3b3x,P00808
2q80,O95749
2r9b,P46925
3b3s,Q01693
2jiw,Q89ZI2
2gvf,P26664
2v96,P04058
2nnq,P15090
2jh0,P00734
2ojj,P28482
2uwo,P00742
2oqi,P27487
2oaz,P50579
2o0u,P53779
2uy5,P29029
2oi0,P78536
2r5p,O12158
2ima,P0DPI0
2eg8,P05020
2p3b,P03367
2g72,P11086
2cfd,P46881
2oag,P27487
2o4h,P45381
2r2w,P00749
2i2b,Q8Y8D7
2jh5,P00734
2cfg,P46881
2i72,P00811
2g71,P11086
2p53,P0AF18
2pou,P00918
2hhn,P25774
2nmy,P04587
2nnk,P04587
2qu6,P35968
2oc2,P12821
2glm,O25928
2oxn,Q9KU37
2gkl,P26918
2oc1,P27958
2pwd,Q2PS28
2nmz,P04587
2qlj,P55210
2ovy,Q9QYJ6
2j95,P00742
2nnp,P04587
2oqv,P27487
2uwl,P00742
2jfz,Q9ZLT0
2qft,P0A6D3
2nwn,P00749
2uxx,O60341
2pbw,P22756
2ql7,P55210
2qrk,P38998
2o4z,P00918
2j94,P00742
2psv,O38707
2qzr,P28720
2oyk,O33853
2q38,P00918
2cen,Q5RZ09
2qdt,P52700
2jds,P00517
2q3z,P21980
2obo,P27958
2h6t,P0CY29
2uy3,P29029
2pow,P00918
2qfu,P0A6D3
3b3w,Q01693
2jdv,P00517
2v2q,O67060
2q70,P03372
2z1w,P28720
2pov,P00918
2o22,P10415
2qu5,P35968
2q1q,P00918
2oc4,P00491
2v2v,O67060
2oji,P28482
2jfh,P14900
2ql5,P55210
2glp,O25928
2q11,P56817
2q8m,P0A993
2vv9,P24941
2ow7,Q24451
3bel,P00533
3ctj,P08581
3cst,P48736
2vcx,O60760
3bea,P07333
3d4q,P15056
2vwx,P54760
2rc9,Q9R1M7
3bmy,P07900
2r64,P24941
3c1x,P08581
2rgp,P00533
2w3l,P10415
3dog,P24941
3d7h,Q04609
2z7i,Q12051
2r7b,O15530
3ddp,P24941
3cp9,P35968
3dct,Q96RI1
2vwy,P54760
3cth,P08581
3bi1,Q04609
3cwe,P18031
3bjc,O76074
3br9,P26663
3ej1,P24941
2vd1,O60760
3f5p,P08069
2vgp,Q6DE08
3e7b,P62136
2qc6,P28523
3bm9,P07900
2q8s,P37231
3e7a,P62136
2vx1,P54760
3di6,P04585
3eoc,P24941
2q94,P0AE18
2jdl,P09989
2vwu,P54760
3ddq,P24941
2vww,P54760
2z7r,Q15418
3c45,P27487
2rc8,Q9R1M7
3c10,Q8WUI4
3drp,P04585
3bv2,Q16539
3bv3,Q16539
2q93,P0AE18
3eid,P24941
3el7,P00523
3drr,P04585
3e2m,P20701
2qu3,P56817
3b8q,P35968
3bys,P06239
2qyn,Q08499
2qyl,Q07343
3d7f,Q04609
3drs,P04585
2w4i,Q9ZLT0
3db6,Q4KMI8
3dwb,P42892
2ze1,P56817
3b8r,P35968
2vwz,P54760
2z78,Q12051
3bhx,Q04609
2z4y,Q12051
2vcq,O60760
2zdz,P56817
3f66,P08581
2q92,P0AE18
2z4w,Q12051
3ds6,Q16539
2qa8,P03372
2q96,P0AE18
2rib,P35247
3byu,P06239
3c6u,P04585
2vtr,P24941
2r4f,P04035
3bz3,Q05397
2viq,P00749
2vcg,Q70I53
3bet,P00918
2q95,P0AE18
3dpd,P48736
3ce3,P08581
3cs8,P37231
3e63,O60674
2z4z,Q12051
2r3k,P24941
3c4e,P11309
3c4f,P11362
2vtj,P24941
2uup,P14900
2viy,P56817
2pjc,P09955
3bh8,P04439
2r3j,P24941
2r3m,P24941
2r3l,P24941
3bpr,Q12866
3dej,P42574
2z50,Q12051
2vd0,O60760
3bh9,P04439
2rjr,Q8GMG0
2zva,P25911
3fc1,Q16539
3e7o,P45984
2vth,P24941
3ccn,P08581
2pks,P00734
3chd,Q873X9
2vte,P14900
2pj9,P09955
2pj2,P09955
3dy6,Q03181
2zas,P62508
2onc,P27487
3deh,P42574
2vto,P24941
2vj6,P56817
3cib,P56817
3dda,P0DPI1
2pj4,P09955
3ehw,P33316
2vtq,P24941
3c4c,P15056
2ea2,P50579
3eqb,Q02750
3cqu,P31749
2vo7,P00517
3bi0,Q04609
2uuo,P14900
2piz,P09955
2pj7,P09955
2jkm,Q00944
3chs,P09960
3d7d,Q04609
2vwv,P54760
2pj5,P09955
3d7g,Q04609
2ph8,P56817
2vta,P24941
2pj8,P09955
2qn1,P00489
2vd4,P43889
2vj9,P56817
3c43,P27487
2pjb,P09955
2zjf,P95276
2r2l,Q04631
3f69,P9WI81
2qh6,P03372
2vtm,P24941
2k31,Q8CG03
2pja,P09955
2w05,P24941
2rg6,Q16539
3bqn,P20701
3cbp,Q8WTS6
2vin,P00749
3cjo,P52732
3dt1,Q16539
2r3i,P24941
3c6t,P04585
2z52,Q12051
2ria,P35247
2qo1,P9WNG3
2zlg,P21524
2qnx,P9WNG3
2e9o,O14757
3chq,P09960
3daj,P97477
3c7q,P35968
3c72,Q08602
2zm1,P06239
3d14,P97477
2r3h,P24941
3eio,P27487
2piy,P09955
2pre,A8DS38
2qlq,P00523
3f07,Q9BY41
3eyl,P98170
2zp0,P08709
3el8,P00523
3cgf,P53779
2v13,P00797
3dek,P42574
3cm7,P98170
2ow6,Q24451
2vnn,P56817
3cho,P09960
3be2,P35968
2w17,P24941
3cn0,P02766
2qzk,P56817
3bhb,P04439
2qyk,P27815
2qu2,P56817
2qnz,P9WNG3
2vts,P24941
2qn2,P00489
2zmj,P13053
3bx5,Q16539
2vl8,Q46342
2zlf,P21524
3e01,P04585
2pt9,Q8II73
3bsc,P26663
3ccb,P27487
2rg5,Q16539
2rf2,P04585
3dm6,P56817
2vie,P56817
2vqj,P56524
2vaq,P68175
2vtp,P24941
3bgm,P04439
3d4l,P27487
2vnm,P56817
3cic,P56817
2ow3,P49841
2qmf,P56817
3cgo,P53779
2qaf,Q8IJH3
3chf,Q873X9
3bgl,P04035
3dcv,P11309
2qve,Q8GMG0
3e62,O60674
3ddu,P48147
2vj7,P56817
3eql,Q9Z9H6
3dei,P42574
2v22,P24941
2vio,P00749
3ctq,Q16539
2vrx,Q6DE08
2ea4,P50579
3cqw,P31749
3dbd,Q4KMI8
2vtt,P24941
2pj6,P09955
2vu3,P24941
3bl7,Q96C86
3efw,O14965
2ei6,P00742
3dya,P04585
3ekn,P06213
3che,Q873X9
2rku,P53350
3elj,P45983
2vip,P00749
2rjs,Q8GMG0
2qq7,P00523
2vvt,Q836J0
2viv,P00749
2rl5,P35968
3ch9,Q873X9
3chp,P09960
2vgo,Q6DE08
2qmd,P56817
3cj3,P26663
3d27,P0AE18
3bc5,P37231
3cid,P56817
3b9s,P14174
2jkk,Q00944
2e9n,O14757
2vj1,P0C6X7
3dcr,O38732
2pmn,Q7YTF7
3cjf,P35968
2vvo,P9WKD7
2r3f,P24941
2r3o,P24941
3c5u,Q16539
3cy2,P11309
3chr,P09960
2viz,P56817
3ee2,O60760
3bl9,Q96C86
2zdx,Q16654
2pj3,P09955
2r4b,Q15303
2vti,P24941
3eht,P0AEX9
2qzx,P43094
2jkq,Q00944
2rip,P27487
2jko,Q00944
3ecn,O60658
3bym,P06239
2v16,P00797
3bki,P19491
2r3n,P24941
3byo,P06239
2pj0,P09955
3dbs,P48736
2vle,P05091
2viw,P00749
3chc,Q873X9
2qiq,P0C6X7
2w06,P24941
2vtd,P14900
2zof,Q9D1A2
2vtn,P24941
3ens,P00742
2vcw,O60760
2r3g,P24941
2qzl,P56817
2qp8,P56817
2zdt,P53779
3ccc,P27487
2qk5,P56817
2pj1,P09955
2r3p,P24941
3db8,Q4KMI8
2pjt,P45452
2vtl,P24941
2vqm,P56524
2qhn,O14757
3ddb,P0DPI1
2z8e,A8W790
3e64,O60674
2q2a,D0VWX8
2zv9,P25911
2vt3,O05521
2jjk,P09467
3exe,P08559
3cd8,P08581
3cow,P9WIL5
2rkn,Q8W453
2vpn,E1VBK1
3c49,Q9Y6F1
3bu8,Q15554
2zmd,P33981
3bxz,P10408
2jgs,P02701
2vwc,P02829
2qky,P27487
2qpu,P00693
3bb1,Q41009
3dab,O15151
3diw,Q9DBG9
2p7g,P62508
3exf,P08559
3c7n,P32589
2p7z,P62508
3cj4,P26663
2jkt,P17427
3d0b,P07900
3bva,P03367
2p3i,P12473
2phb,P00742
3cph,P39958
3bum,O43597
2jql,P39009
2q2n,P32396
3c2o,P43619
3d2e,P32589
3cj5,P26663
2pvu,D0VWX8
2zb1,Q16539
2w0p,P21333
2q2c,D0VWX8
2vx0,P54760
2jg8,P02745
2vrj,Q08638
2q89,Q92WC8
2w0s,P68693
3bun,Q9C004
3dxj,Q5SHR6
3ebl,Q6L545
2zm3,P08069
3bti,P0A0N3
3c2r,P43619
3dst,Q08602
2or9,P01654
2qbu,O27402
3ce0,Q9Y6F1
3buo,P00533
2z92,
2jkr,P17427
2p7a,P62508
3btl,P0A0N3
3coy,P9WIL5
2rcn,Q8ZKB0
3cfv,Q16576
2vmd,P42530
3ckb,Q8A1G2
2z97,P00183
2vmc,P42530
3cfs,Q16576
2pmk,P08716
3bu6,P06213
3bim,P41182
3eeb,Q9KS12
2k2r,Q9NVD7
3e5u,B8FW11
2zju,P58154
3cii,P13747
3btc,P0A0N3
3d1e,P0A988
2q88,Q92WC8
3buw,P43405
2vyt,Q9UQR0
3e1r,Q53EZ4
2pqc,Q9R4E4
3d1f,P0A988
3eg6,P61964
3bt9,P0A0N3
3bxg,O32253
3eml,P00720
3bbb,P22392
2oz2,P25779
3bzi,P53350
3chg,P46922
3c39,P00558
2rin,Q92N37
2r6f,Q5KVB6
2jqi,P22216
3c9e,P43235
2vo4,O49235
3c2f,P43619
2eh8,
3cd5,P04035
3exh,P08559
2rnw,Q92831
2vuk,P04637
3ccw,P04035
2vpe,Q9Y3Y4
2vmf,Q8AAK6
2z6w,P30405
3ds0,P12497
3cd7,P04035
2k4i,P04584
3ck8,Q8A1G2
3c84,Q8WSF8
2jk9,Q96BD6
3e6v,P05089
3cj2,P26663
3bl2,P89884
3cyy,Q07157
2zpk,
2pym,P03367
3cpj,P39958
2r1x,Q52L64
2r23,P01837
2rcb,Q8VHN2
2vfk,Q6JP77
3d9k,Q9UPN6
3f9w,Q9NQR1
3b5j,P08716
2k0x,Q02054
3ds1,P12497
2w68,P0C6E9
3bze,P13747
3bux,P08581
2qry,P31550
3f17,P39900
3c6w,Q8WYH8
2jst,
2reg,Q92N37
3bex,Q9WZY5
3btj,P0A0N3
3bxf,O32253
3coz,P9WIL5
2rio,P32361
3bra,P56817
2k62,P80226
3f3e,O67854
2emt,P26043
3ew2,Q8KKW2
3clp,Q98GN8
2rny,Q92793
2qv7,Q6GFF9
2qfo,P07900
3fat,P19493
3buh,P56817
3f8f,A2RI36
3f8c,A2RI36
2k00,P54939
2r1w,P01837
3cf1,Q01853
3ery,P01897
2pyy,D0VWX9
3d7k,P51853
2z4r,P46798
3cwk,P29373
2k46,Q6INX3
2v7d,P63103
3cd0,P04035
2pyn,P03367
3brn,Q09JR9
3cct,P04035
3cda,P04035
3d9p,Q9UPN6
2q64,P03367
3c1n,Q57991
2zbk,O05208
3b2q,Q60187
3c4h,Q9Y6F1
2jiu,P00533
3bxe,O32253
3eks,P10987
2qtr,C3L5T6
2zkj,Q16654
3d2r,Q16654
2qic,Q9UK53
2vpo,E1VBK1
2r1y,P01837
3bvb,P03367
3d9m,Q9UPN6
3bzf,P13747
3d32,O95166
2zit,P32324
2vc9,A0A0H2YU91
3f18,P39900
2zdm,P00760
2qtn,Q6HT60
2r0h,Q206Z5
2vw5,P02829
3b4p,Q396C9
2zdl,P00760
3f9y,Q9NQR1
3bf1,Q9WZY5
3f6e,P20906
2pr9,P84092
2rnx,Q92831
2vnf,Q9UNL4
2zdk,P00760
3dp4,P19492
2zif,Q5SL84
3c3r,Q8WUM4
3feg,Q9Y259
3c3q,Q8WUM4
3b82,P32324
2k3w,Q9UN37
2vcb,A0A0H2YU91
3bbf,P22392
3c3o,Q8WUM4
3f16,P39900
2vvn,Q89ZI2
2qhr,
2q7y,P11609
3f48,O67854
2oz6,P55222
2zdn,P00760
3coj,P38398
3ccz,P04035
3cr4,P02638
3ds3,P12497
2pqj,P25891
3btr,P52293
3b2t,P21802
3blr,P50750
3bjm,P27487
3ctr,O95453
3b8h,P32324
3cyu,P00918
2qbw,Q96RT1
2pqb,Q9R4E4
3c79,Q8WSF8
3f80,P05089
3f1a,P39900
3eov,Q9U9R3
3ds4,P12497
2r2b,P01837
2pmc,P0A2D5
3bug,P56817
2q63,P03367
2rfy,Q8J0K6
2vxj,Q05097
3cr5,P02638
3f3d,O67854
3d9l,Q9UPN6
3f19,P39900
3bu1,Q09JX9
2pl9,P0A2D5
2zjv,P58154
2pnx,Q9UNL4
2r75,O66809
2qhm,O14757
3cgy,P0DM80
2zg1,O15389
2zg3,O15389
3d62,P0C6X7
3e6k,P05089
3d2t,P02766
3d9n,Q9UPN6
3ck7,Q8A1G2
2k2g,P39900
3buf,P56817
3b78,P32324
3dsu,Q08602
2qbp,P18031
3eyf,P01834
3cdb,P04035
3c56,P56109
3e0p,Q16651
3bxh,O32253
2qbq,P18031
2qi5,P03369
3c52,P56109
3ekr,P07900
2r38,P04587
2p59,Q91RS4
2qnn,P03367
2qi6,P03369
2qi3,P03369
2vnp,Q46822
2qi7,P03369
3bc3,P07711
2r3w,P04587
2zq0,G8JZS4
2qi4,P03369
3e8r,P78536
2za0,Q9CPU0
2rfh,P00730
2pvh,P28523
2pwr,P03367
2qbs,P18031
2v2h,P04789
2pwc,P03367
2zb0,Q16539
2vh6,P00742
3bm8,P15273
3eko,P07900
2z4o,P03367
3f15,P39900
2pvn,P28523
2p4s,A4Q998
2pvm,P28523
2qf6,P07900
2v2c,P04789
3blu,P15273
2vw1,Q54727
3c1k,P00734
2qbr,P18031
2zaz,Q16539
2w26,P00742
2r6y,P03372
2qrp,P00489
2vw2,Q54727
2qnp,P03367
3b65,P10275
3ckp,P56817
3bkl,P12821
2r6w,P03372
2ri9,P31723
2osm,P00918
3bh3,Q7NSA6
3bkk,P12821
2qnq,P03367
2qmg,P56817
2qd8,P03367
3cke,Q9UR08
2rkf,Q90JJ9
3d91,P00797
3d04,Q5G940
2z7g,P56658
2vqt,Q8AAK6
2qd7,P03367
3bgb,P04587
3b67,P10275
2r3t,P04587
2v6n,P0C6X7
2qhc,P03367
2zcq,A9JQL9
3c2u,O52575
3d1z,P04587
3e93,Q16539
3bqc,P68400
3ckz,Q6DPL2
2rkd,P07379
2qg0,P07900
2w54,O54050
3e92,Q16539
3cyx,P04587
2vi5,P9WHE9
2vkm,P56817
3d1g,P0A988
2vjx,Q8AAK6
2z7h,Q12051
3d67,Q96IY4
2e9v,O14757
3cf8,Q5G940
2qw1,P0AEE5
2uy0,P03366
3b5r,P10275
2zcr,A9JQL9
3f0r,Q9BY41
3bl0,P00918
2zn7,P18031
2q7o,P00491
3d4z,Q24451
2vo5,Q8AAK6
3d7z,Q16539
3cf9,Q5G940
2osf,P00918
2r9x,P00811
3dd8,P00918
3efk,P08581
1w12,P00749
3ewj,P78536
3cyw,P04587
3fas,P19493
3c88,P0DPI1
3d94,P08069
2ra0,P00742
3d50,Q24451
2pyi,P00489
3czv,Q8N1Q1
3b7u,P09960
2jt5,P08254
2zc9,P00734
2zgx,P00734
2qrh,P00489
3b9g,Q9GPQ4
3ddg,Q24451
2p4y,P37231
3bar,Q8IJH3
2vr4,Q8AAK6
3d1x,P04587
2qd6,P03367
2r43,P03367
2q8z,Q8IJH3
2qlm,P00489
2pqz,P03367
3b66,P10275
2ves,P47205
3b7r,P09960
2rka,P07379
2p1c,Q86C09
3ddf,Q24451
3bl1,P00918
2yz3,Q7BJM5
2qp6,P00918
3egk,P00734
2pvl,P28523
2rk8,P07379
3dln,P19492
1w0z,P00749
2jt6,P08254
3be9,P28523
2zmm,P18031
2v54,P68693
3bla,Q96C86
3cl2,Q6DPL2
2vj8,P09960
1w13,P00749
3eqr,Q07912
1w10,P00749
2uxz,P03366
2q6f,P0C6V5
2vh0,P00742
2za5,P20231
3d4y,Q24451
3bmq,O76290
2qln,P00489
2qo8,P00918
2qhy,P03369
3bft,P19491
2q9y,P13513
2vr0,Q72EF3
2pu2,P00811
3efj,P08581
1w14,P00749
3d83,Q16539
3bv9,P00734
3cm2,P98170
2qn3,P00489
2qci,P03367
3e9b,P07824
2qi0,P03369
2qg2,P07900
2qnb,P00489
3bc4,P04587
3ds9,P0DPI1
2r2m,P00734
2pnc,Q29437
2vvs,Q89ZI2
2vsl,P98170
2vc7,Q97VT7
2vl1,Q96W94
2z3z,Q7MUW6
2qtt,Q9T0I8
2zda,P00734
3d0e,P31751
3ckr,P56817
3e16,Q16651
3d52,Q24451
3bmo,O76290
2qi1,P03369
3cen,P00742
2qoa,P00918
2qhz,P03369
3dyo,P00722
3bfu,P19491
2jkp,G8JZS4
2jke,G8JZS4
3e5a,O14965
2ole,P27487
3b68,P10275
2rd6,P09874
3d20,P04587
2pvk,P28523
2vk6,Q59310
2r59,P09960
3b7j,Q5G940
2zfp,P00734
2qrg,P00489
3bcs,P00489
2qmj,O43451
3c8a,P0DPI1
2epn,Q6ST21
3d3x,Q9K395
2jk7,P98170
3f3a,O67854
2zcs,A9JQL9
1w11,P00749
3d1y,P04587
2qrq,P00489
2e9u,O14757
3d51,Q24451
3bbt,Q15303
2pq9,P0A6D3
2qtg,Q9T0I8
3d9v,Q13464
2v77,P15085
3b4f,P00918
2vot,Q8AAK6
2rkg,A0F6C5
3c8b,P0DPI1
3c89,P0DPI1
2rk7,P07379
2rke,P07379
2rcw,P09874
3caj,P00918
2pvj,P28523
3cl0,Q6DPL2
2r9w,P00811
3bxs,P03369
2eep,Q7MUW6
2qrm,P00489
3f3c,O67854
2vnt,P00749
3emg,P43405
3bgc,P04587
3fz1,P24941
3dc2,P9WNX3
3h59,P26663
2vl4,Q8AAK6
2w1c,O14965
3g9e,P37231
3cvk,P26663
3d5m,P26663
2wev,P24941
3hmm,P36897
3gxl,P36897
3ii5,P15056
3ig6,P00749
3gur,P28161
3hf6,P17752
3fei,Q07869
3igv,P26663
3g8i,Q07869
3fyk,P49137
3ff6,O00763
3gyn,P26663
3gol,O92972
2wez,P56817
3jpv,P11309
3hp5,Q16539
3du8,P49841
3kvx,P53779
3kb3,O80992
3fui,P09960
2w3k,P00742
3fv8,P53779
3fun,P09960
2w6n,P24182
3c7p,P00918
3hng,P17948
3hd3,P25779
3fxv,Q96RI1
3g42,P78536
2wtd,O96017
2wf0,P56817
2w3i,P00742
3iej,P25774
3kah,Q13526
3ej5,P02879
2wi6,P07900
3il6,Q820T1
3g6z,P00797
3i06,P25779
2wbd,P09467
3k3b,P52732
2waj,P53779
2w6p,P24182
3hr1,Q9QYJ6
3hqz,Q9QYJ6
2wtc,O96017
2wmw,O14757
3gw5,P00797
3k48,Q9D777
3fr5,P15090
3g70,P00797
2wo8,P39900
3g3n,Q13946
3fqh,P43405
2w71,P24182
3g1m,P9WMC1
3fr4,P15090
2wqb,Q02763
3dv1,P56817
3hp2,Q16539
2zv2,Q96RR4
3fr2,P15090
3fnu,Q8IM15
3gc7,Q16539
3eq7,P23687
3fej,P37231
3hw1,P56817
3fc2,P53350
3fpd,Q9H9B1
2wtj,O96017
3g72,P00797
3eq8,P23687
2wmx,O14757
3kaf,Q13526
2wi5,P07900
3djf,Q9BMI9
2w1d,O14965
3fy0,Q13153
3ft4,P04439
2zoq,P27361
2wbb,P09467
3jzb,P10827
3jzk,Q00987
3ezv,P24941
2woa,P39900
3hyf,P0A7Y4
2w1i,O60674
3f9n,O14757
3fci,P13051
3a4o,P07948
3dp2,Q5G940
3e0q,Q9BMI9
3dp0,Q5G940
3doy,Q5G940
3k3g,Q72CX3
2wi4,P07900
3duy,P56817
3dp3,Q5G940
3fzs,Q14289
3ftw,P09960
3eyg,P23458
3d28,P26663
3il5,Q820T1
3hj0,P02766
2zvj,P22734
3fck,P13051
3idp,P15056
3fmr,Q8SR45
3doz,Q5G940
3fu6,P09960
3k3i,Q16539
3co9,P26663
3hqy,Q9QYJ6
3h2a,Q81VW8
3fmq,Q8SR45
3jzq,O15151
3e3b,P19784
3hhm,P42336
3hy7,Q9UNA0
3ezr,P24941
3fzr,Q14289
2w70,P24182
3ftv,P09960
3dgq,P09211
3cwj,P26663
3hxf,Q08602
2w1e,O14965
3hha,P07711
3fxz,Q13153
3h03,P19491
2wf4,P56817
3fi3,P53779
3a29,P09467
3f8s,P27487
3i81,P08069
3e51,P26663
3h3c,Q14289
3e3u,P9WIJ3
2v5a,P24182
3fu3,P09960
2w6z,P24182
3dz6,P17707
3h0v,P17707
3fue,P09960
3ft5,P07900
3kce,Q13526
3eta,P06213
3fal,P19793
3hy9,Q9UNA0
3et7,Q14289
3gwu,O67854
3kba,P06401
3fum,P09960
3h23,Q81VW8
2wf3,P56817
3eka,Q9A0M7
3e8n,Q02750
3jsi,O76083
3iw4,P17252
3h21,Q81VW8
3ik3,P00520
3i0s,P04585
2w0d,P39900
3ha6,O14965
2zis,Q04631
3g6g,P00523
3fkt,P56817
3kfc,P55055
3f88,P49841
3gwv,O67854
2wgs,P9WN39
3ex2,P11172
3jzc,P10828
3hc8,O76074
3dg8,P13922
2w6m,P24182
2zyb,P06239
2who,P26663
3eyh,P23458
3fhr,Q16644
3fts,P09960
3h2n,Q81VW8
3h2m,Q81VW8
3cde,P26663
3fup,O60674
3d25,P04439
3dv5,P56817
3hrb,Q16539
2w12,P83512
3ewu,P11172
2w7x,O96017
3exo,P56817
3hv6,Q16539
3ftu,P09960
3h2o,Q81VW8
3f7u,P22748
3ejs,Q24451
3fuj,P09960
3jzp,O15151
3eju,Q24451
2w0j,O96017
3fi2,P53779
2wf2,P56817
2w6q,P24182
2wu6,P49761
3dga,P13922
2wcx,P26663
3kfa,P00520
3h06,P19491
3da6,P53779
2wf1,P56817
3hvg,P56817
3dtc,P80192
3hwn,P07711
3d3p,Q07343
3gfe,Q16539
3gs7,P02766
3kai,Q13526
3h0b,P56817
2vur,Q0TR53
2w6c,P04058
3g4f,Q39761
3fcl,P13051
3h26,Q81VW8
3ksl,Q04631
3kl6,P00742
2wei,A3FQ16
3hv4,Q16539
3gww,O67854
3fqa,P24630
3fdn,O14965
3hqw,Q9QYJ6
3ft8,P07900
3hfj,Q6HT60
3ex3,P11172
2wi3,P07900
3f3w,P00523
3jzr,Q00987
2wfg,Q5A9A4
2jle,Q72547
3igb,P56817
2wi2,P07900
2zzu,P08709
2w1g,O14965
3e37,P49354
3ia6,P37231
3fq7,P24630
3dpk,P07333
3i0r,P04585
3fc8,P02766
3hab,P27487
3hxe,Q08602
3h5u,P26663
3hxb,Q08602
3h0z,O14965
3dz4,P17707
3kf7,Q16539
3fcf,P13051
3ess,Q5EK40
3eq9,P23687
3itu,O00408
3fcb,P02766
3fqs,P43405
3i7g,P45452
3hhu,P07900
2wmu,O14757
3hdm,O00141
3ejt,Q24451
3ft2,P04439
2wot,P36897
2wih,P24941
3ft3,P04439
3gz9,Q03181
3hv3,Q16539
3coh,O14965
3dcq,Q9HYN5
3hxc,Q08602
3fw3,P22748
2w1f,O14965
3k9x,P00742
3hdz,O76074
2wu7,P49761
2w1h,P24941
3fu0,P09960
3fl8,Q81R22
3dpe,P22894
2wi7,P07900
3dpf,P22894
3g86,P26663
3fyj,P49137
3f2a,P11309
3h98,P26663
3jzi,P24182
2wmr,O14757
3h5s,P26663
3k23,P04150
3h0w,P17707
2zir,Q04631
3g6h,P00523
3hvc,Q16539
3kag,Q13526
3jzf,P24182
2w6o,P24182
3i7i,P45452
3fty,P09960
2w0x,Q9NWT6
3kab,Q13526
3hac,P27487
2wo9,P39900
3fzt,Q14289
3f7b,P22748
3hdn,O00141
3ig7,P24941
3f7z,P49841
2wuu,D0AB09
3h0y,O14965
3dng,P22894
3igg,P24941
3i28,P34913
3ewh,P35968
3hhk,Q99AU2
3jsw,O76083
3h9o,O15530
3kac,Q13526
3fu5,P09960
3dz2,P17707
2wou,P36897
3ewz,P11172
3kad,Q13526
3fl9,Q81R22
2wey,Q9Y233
3dz5,P17707
3i1y,P34913
3frz,P26663
3fpm,P49137
3h2f,Q81VW8
3dp1,Q5G940
3jzs,Q00987
3h0e,P42574
2wti,O96017
3f8w,Q9BMI9
2wd1,P08581
3hyg,Q9UNA0
2wmv,O14757
3gnv,O92972
3hv5,Q16539
3h22,Q81VW8
3dvp,Q24117
3ikc,
3hxd,Q08602
3c8e,Q46845
3csl,Q79AD2
3fuk,P09960
3gws,P10828
3fsj,P20906
3g15,P35790
2vk2,P39325
3a1c,O29777
3drf,A2RJ53
2w16,P48632
2wjg,Q57986
3fzy,Q9KS12
3bwk,Q8IIL0
3heg,Q16539
2w3o,Q96T60
3eky,P03369
3g2t,Q9UJY5
3ie3,P09211
3jvs,O14757
3el1,P03369
3imy,P10828
3d1v,P00491
3bwj,P00517
3drg,A2RJ53
3d7m,P10824
3ekx,P03369
3ffu,Q6MPX4
3ekv,P03369
3g2v,Q9UJY5
3hik,P53350
3dla,P9WJJ3
3hjo,P09211
3ed0,Q5G940
2w73,P0DP23
3e8u,
3hxi,
2w77,P48632
3f35,P02791
3f33,P02791
3eu7,Q86YC2
3f34,P02791
2zym,Q9AJF5
3a3y,Q4H132
2kgi,P29375
3g2s,Q9UJY5
3e73,O43813
2v58,P24182
2k7l,Q9Y5B0
3fvh,P53350
2w7y,A5LBQ6
3e12,O66496
2kdh,P63316
3ijy,
2w8j,Q93UV0
3gnw,O92972
3dxm,P61157
3esj,P62617
3img,P9WIL5
2weq,P02829
3iw5,Q16539
3ekp,P03369
3h1x,P59071
3i9g,
3h6z,Q9VK33
2zyn,Q9AJF5
3f36,P02791
3fxb,Q5LUA7
3ghe,
3iue,P9WIL5
2vr3,Q2G015
2w47,A3DK57
3hrf,O15530
3ime,P9WIL5
3ekw,P03369
2wzf,Q5ZVS2
3ijh,
3k8d,P04951
3hv8,Q9HUK6
2k0g,Q98GN8
3ivx,P9WIL5
2kbs,Q9Y6N9
2kfx,P63316
3gkz,
3hx3,P12271
3imc,P9WIL5
3dow,O95166
2weo,P00918
3jvk,Q9ESU6
3cfn,P02766
3g5d,P00523
2vxn,P48499
3fgc,P07740
3juq,Q396C9
3evd,P03314
2weh,P00918
3evc,P03314
3gk4,P02638
3cx9,P02768
3h9f,P33981
2wos,P31151
2wor,P31151
3ehn,Q8A8X4
3hv7,Q16539
3gvu,P42684
3a1t,Q9WXQ8
3iw8,Q16539
3gxz,P81180
3a1s,Q9WXQ8
3hwx,P17109
2w4x,Q89ZI2
3k41,P11456
3fbr,P23874
3f70,Q969R5
2zwz,Q9WYE2
3f39,P02791
3gcu,Q16539
3iiy,O75530
2w10,O89100
3bpc,P01837
3ekq,P03369
3h52,P04150
3dsz,P80188
3gcp,Q16539
3el5,P03369
3ern,P62617
2v59,P24182
3dgo,
3dnt,P23874
3h91,Q14781
3f3u,P00523
3gm0,
3fj7,Q0PBL7
3hg1,Q8WLS4
3elc,P62617
3d45,Q8VDG3
3dkj,P43490
3d4f,P0AD64
2wf5,P71447
3a1e,O29777
3fjg,Q0PBL7
3g2w,Q9UJY5
3iuc,P11021
3f38,P02791
3f37,P02791
2vxa,A1WUH0
3iw7,Q16539
3e6y,P93343
2kfh,Q9H4M9
3gxy,P81180
2w6t,P48632
3ggw,
3jup,Q396C9
2w78,P48632
3fwv,P31948
3kjd,Q9UGN5
3gl6,P29375
3gf2,Q96ZY1
3g0e,P10721
3hy5,P12271
3isj,P9WIL5
3ioc,P9WIL5
3k5i,A1CII2
3e3c,Q7DB61
3g19,Q9A5I0
3ij1,O75530
2w87,Q51815
3h1z,P62944
3k5k,Q96KQ7
3d78,Q9U9J6
3iqg,P45040
2zq1,P00760
3ifp,
2rol,Q8TE68
3iqh,P45040
3g0f,P10721
2kbr,Q9Y6N9
3iux,Q00987
2wp1,Q91Y44
2kff,Q9H4M9
3dgl,
2khh,Q99257
3eyu,A2NHM3
2zq2,P00760
3gfw,P33981
2uzj,P0C0J0
2w92,Q93HW0
3f3t,P00523
2zfs,P00760
2zhd,P00760
3gk2,P02638
3fhb,Q9Y6F1
2wn9,Q8WSF8
3ga5,P23905
3iw6,Q16539
3ivv,O43791
3eqs,Q00987
3gqo,P36328
3fdt,P45973
2wl5,P07097
2zft,P00760
2wa8,P0A8Q6
3da9,P00734
2weg,P00918
3eu5,Q04631
3gx0,P77526
2wnj,Q8WSF8
3iub,P9WIL5
3el0,P03369
2w2u,Q877H3
2vx9,B0R5M0
3gcq,Q16539
3fea,O15151
3k27,O75530
3gp0,Q15759
3dri,A2RJ53
3hec,Q16539
3iqi,P45040
2we3,P03195
2wig,P06276
3hqr,Q9GZT9
3el9,P03369
3jzo,O15151
3eys,A2NHM3
3iob,P9WIL5
3g8e,Q80Z29
3e85,Q9LLQ2
2w08,P02743
2w9r,P0A8Q6
3efs,O66837
3ftq,P42208
3dpc,P00634
3jzg,O75530
3fn0,
3gjd,O67854
3jzh,O75530
2rok,Q8VDG3
2w9h,P0A017
3dxk,P61157
2wnc,Q8WSF8
3dpo,P0A6Y8
2wkt,P07097
2wuf,P9WNH5
2vzr,Q56F26
2wc4,Q08638
3a6t,P08337
3kv2,P05089
3jrs,Q8VZS8
3ifo,
3ivg,P9WIL5
3h78,P20582
3ioe,P9WIL5
3gpo,Q8JUX6
3g2u,Q9UJY5
3g08,P11609
3cyz,Q9U9J6
3dgn,
3hqh,O43791
3dzt,P18153
3gcs,Q16539
3cz1,Q9U9J6
2ke1,O43918
3cft,P02766
3h85,P84092
2wl4,P07097
2wij,P06276
2w8w,Q93UV0
3fql,Q9WMX2
3fqk,P26663
3fe7,O15151
2wik,P06276
3f3v,P00523
3a1d,O29777
3gcv,Q16539
3el4,P03369
3ivc,P9WIL5
3hww,P17109
2wfj,Q13427
3ivq,O43791
3ifl,
2knh,Q06455
2vwf,P62993
3eqy,O15151
2v57,Q58L87
3f78,P20701
3iod,P9WIL5
3efr,O66837
2kmx,Q04656
3juo,Q396C9
2zsc,B9A0T7
2wej,P00918
2wji,Q57986
2w85,O75381
2wer,P02829
3kr8,Q9H2K2
2w0z,P62993
3gk1,P02638
2wgi,P14489
3ggv,P03366
3fzn,P20906
3gus,P09211
3k84,P97612
3io7,O60674
3g35,Q9L5C8
3f5k,Q75I93
3h89,P07711
3fkv,P00811
3kcf,P36897
2zjw,P68400
3k83,P97612
3h8c,P07711
3k7f,P97612
3f5j,Q75I93
3h5b,P03367
2zy1,A9JQL9
2wgj,P08581
3ikd,Q13526
3ikg,Q13526
3fx6,P00730
3jya,P11309
3iok,O60674
3dk1,P03367
3f5l,Q75I93
3elm,P45452
3blt,P15273
2wap,P97612
2zo3,P00734
2zz6,O26232
3g32,Q9L5C8
3gsm,Q9KU37
3eyd,P26664
3fv3,P32951
3gs6,Q9KU37
3g90,P53779
2wcg,P04062
3ctt,O43451
2wk6,P19971
3g0w,P15207
3g5k,Q9HBH1
2zga,P03367
3jq9,Q581W1
2w8f,Q8WSF8
3ckt,P03367
3dxh,P61823
3h8b,P07711
2znt,P39086
3e9i,Q9RHV9
2wb5,Q0TR53
3g9l,P53779
3ibu,P00918
2k1q,P90191
2wc3,Q08638
3hk1,P04117
2w8y,P06401
3gba,P22756
2zu3,P03313
3jqb,Q581W1
3iss,P0A749
3hb4,P14061
3g3m,P11172
2kfg,Q9H4M9
3dcc,P00918
2woq,Q59643
3egt,Q86C09
3jq7,Q581W1
3ebp,P00489
3g34,Q9L5C8
2zxg,P04825
3fcq,P00800
2wkz,P12499
3ehy,P39900
3e4a,P14735
3kck,O60674
3cso,O92972
3g9n,P53779
3gjs,P42574
3ffg,P00742
2wj1,P97612
3g31,Q9L5C8
2wd7,O76290
2kaw,P51141
3jvr,O14757
3g2y,Q9L5C8
3djq,P00669
3gbe,D0VX20
3dux,P00734
2vwn,P00742
3fur,P37231
3hs4,P00918
3ibc,P55210
2w67,Q89ZI2
3iww,Q04609
3gbb,P22756
3daz,P00918
3eft,P00918
3eax,P18031
3hfv,O95363
2wks,Q48255
3khv,P00749
3hig,P19801
3hfz,Q5SGX2
2jjb,P13482
2ww2,Q8A5N9
3ibl,P00918
3dx2,Q24451
3dcs,P00918
2wzs,Q8A0N1
3djx,P00669
2wl0,P12499
2zgm,Q6WY08
3eb1,P18031
3dnd,P00517
3hav,Q9EVD7
3evf,P03314
3gep,P00492
3d6p,P61823
3gjt,P42574
3jqg,Q581W1
3f6g,Q8F3Q1
3ebo,P00489
3fnm,O25743
3f6h,Q8F3Q1
3g3d,P11172
3d6q,P61823
3grj,P00811
2w8g,Q8WSF8
3jxw,P11309
3gxt,P06280
3dd0,P00918
3d9z,P00918
3dcw,P00918
2wca,Q89ZI2
3fa3,Q2L887
3jy9,O60674
3gvb,P00811
2wky,P22756
3ggj,P00492
3kgp,P00749
3ibi,P00918
3ejq,Q24451
3ewc,A5KE01
3ejr,Q24451
3eig,P00374
3dkf,P08581
3ejp,Q24451
3ex6,P11172
3d7b,P61823
3fk1,P0A6D3
3iph,Q16539
3g0i,Q9UR30
3hl7,Q16539
3fee,Q9Y3Q0
3dx1,Q24451
3ehx,P39900
3ibn,P00918
3gc4,P28720
3ff3,Q9Y3Q0
3bm6,P00811
3e9h,Q9RHV9
3djv,P00669
3jwq,O76074
3gsg,P00811
2w5i,P61823
2zns,P39086
3hii,P19801
3h30,P68400
3fdm,Q07817
2zz2,O26232
2zz1,O26232
3ge7,P28720
3g30,Q9L5C8
2wqp,Q7DDU0
2wr8,O58212
3ggc,P00492
3hio,P02879
2whp,P21836
3hvj,P22734
3dx3,Q24451
3fed,Q9Y3Q0
2vwo,P00742
2wbg,Q08638
3hl5,P98170
3g1d,O26232
3dx0,Q24451
3gr2,P00811
3h0a,P19793
3hvk,P22734
3d8y,P61823
2zu4,P0C6X7
3dxg,P61823
3hvh,P22734
3g2z,Q9L5C8
2zxa,Q9WYE2
2vvc,P00742
3c14,P30803
3hkn,P00918
3hkt,P00918
3hkq,P00918
3gtc,P00811
3djo,P00669
3kmc,P78536
3gjq,P42574
2wj2,P97612
3d8z,P61823
3f7g,Q96CA5
3f82,P08581
3e90,P06935
3ip8,Q05115
3f7i,Q96CA5
3eos,P28720
3dhk,P00734
2zxb,Q9WYE2
3dc3,P00918
3fl5,P28523
3hek,P07900
3i4a,O94760
3hll,Q16539
3ebh,O96935
3gc5,P28720
3hvi,P22734
2ww0,Q8A0N1
3jy0,P11309
3hku,P00918
3fqe,P43405
3hit,Q2QEH4
3gqz,P00811
2zxd,Q9WYE2
3djp,P00669
3hpt,P00742
3g1v,O26232
3k2f,P00918
2vvv,P00742
3dne,P00517
3gdt,P03962
2ko7,Q63J95
3d8w,P00918
3f8e,P00918
3kid,P00749
3faa,P36897
2znu,P39086
3hiv,Q2QEH4
3kme,P78536
3gpj,P23639
3gv9,P00811
3d6o,P61823
3ffp,P00918
3ebi,O96935
3dx4,Q24451
3hiw,Q2QEH4
3dbu,P00918
3a9i,O87198
2w5g,P61823
3fmz,P02753
3f68,P00734
2w66,Q89ZI2
3f7h,Q96CA5
3jwr,O76074
2w2i,B2RXH2
3eou,P28720
2wvz,Q8A0N1
2vwl,P00742
3fjz,P0A6D3
2vvu,P00742
2zu5,P0C6X7
3inh,P56817
2jkh,P00742
3i7c,Q9BJF5
3mbl,Q02750
3lhg,P56817
2vwm,P00742
3m9f,Q9WFL7
3inf,P56817
2xng,O14965
3in4,P56817
3in3,P56817
3i6z,P04058
2xcn,Q91RS4
3i7b,Q9BJF5
3lp0,P04585
3le6,P24941
3kl8,O62305
3kvw,Q92630
3ah8,P10824
3kc3,P49137
2x2m,P07949
2x9e,P33981
3ine,P56817
3ipe,P02766
2x8i,O14757
2xne,O14965
3kry,P45452
3oad,P00797
3lp1,P04585
3ipb,P02766
3lp2,P04585
3kyr,P56817
3l38,P56817
2x2k,P07949
3ixj,P56817
3iu9,P9WK19
3ara,P33316
3anr,Q13627
3ksq,Q04631
3mj5,P0C6U8
3oag,P00797
3i6m,P04058
3l3a,P56817
3krr,O60674
3g58,Q08499
3lw0,P08069
3is9,P03366
3m8q,P04585
3lq8,P08581
3kwj,P27487
2wxk,O35904
3mvh,P31749
3iu8,P9WK19
2wxg,O35904
3gen,Q06187
2xd6,P02829
3l3x,P10275
2x8d,O14757
3max,Q92769
3lkh,O92972
3lkz,Q9Q6P4
3lmp,P37231
3krl,P07333
2xkf,P51955
3g4i,Q08499
3g4g,Q08499
3lj3,P48736
2wzx,P24735
3m1s,P49841
3krj,P07333
3lpu,P12497
3nef,Q8VZS8
3itz,Q16539
3km4,P00797
3neg,Q8VZS8
2xk7,P51955
3ind,P56817
2xez,O14757
3irx,P03366
3pa8,Q189K3
3owk,P68400
3kx1,P43235
3nzu,P48736
3njy,O75164
3mb6,P68400
3mks,P52286
2xk6,P51955
3gzn,Q13564
3l6f,P01903
3l0e,P55055
3ho2,P0AAI5
2xvn,Q873Y0
3ndm,Q13464
3lnk,P56817
3fxw,Q16644
3nnx,Q16539
3oui,Q9GZT9
3lpt,P12497
3lpj,P56817
3ljt,Q9UNA0
3kbz,P09467
3ipx,P27707
2x6d,O14965
3kc0,P09467
3ivi,P56817
2x38,O35904
3lok,P00523
2xfj,P56817
3l3z,P10275
2x8e,O14757
3kqa,P33038
3lco,P07333
3k22,P04150
2xfi,P56817
3koo,P34913
2x6e,O14965
2xcs,P66937
3mvl,Q16539
3lce,P14489
3mj2,Q08881
3l13,P48736
3ika,P00533
3ncg,A3FQ16
3n51,Q9BJF5
2xk4,P51955
3ihz,A5K8X6
3ncz,Q13464
3phe,D0PY27
3l0n,P11172
3hq5,P06401
3iu7,P9WK19
3g8o,P06401
3mlb,C3L5T6
3iop,O15530
2x4r,P04439
3k5c,P56817
2wxf,O35904
2x4o,P04439
3kwb,P43235
3fh8,P09960
2wa4,Q9NWT6
3hnz,P0AAI5
3mv5,P31749
2wxj,O35904
3ful,P09960
2wa3,Q9NWT6
3iad,Q08499
3kfn,P12499
3kw9,P43235
3kc1,P09467
3pa3,O14757
2xk3,P51955
2xkd,P51955
3m8p,P04585
3p1d,Q92793
3k5g,P56817
3fhe,P09960
2x39,P31751
2xkc,P51955
3m6f,P20701
2xk8,P51955
3mb7,P68400
2x7d,P52732
3oyl,P14350
3k3e,O76083
2xg5,P15319
2x6f,Q9W1M7
3l0k,P11172
3ow4,P31749
2x6k,Q9W1M7
3kn0,P56817
2wxn,O35904
3oyn,P14350
3mpt,Q16539
3lfs,P24941
3msk,P56817
3kig,P00918
3l5e,P56817
3nnv,Q16539
3a4p,P08581
2xh5,P31751
3kdt,Q07869
2wxv,P24941
3pjc,P52333
3g4k,Q08499
3khj,Q5CPK7
3lvp,P08069
3oot,P00797
3oyp,P26662
3pa5,O14757
2x7c,P52732
3n5h,P14324
3my1,P50750
2wxd,P29736
3arn,P33316
3g0c,P27487
3ked,P04825
3frg,Q07343
3k5u,O14965
3k5f,P56817
3mpm,P06239
3mvm,Q16539
3og7,P15056
2xru,O14965
3lfn,P24941
3ovx,P25774
2xf0,O14757
3h0j,Q00955
3nc9,P50053
3l16,P48736
2wxq,O35904
2x7o,P36897
3mvj,P17612
3kdu,Q07869
2wwj,O75164
2xct,P66937
2x6j,Q9W1M7
2xch,O15530
3kxz,P06239
3gb2,P49841
3oy3,P00520
2xa4,O60674
3l5r,P14174
2wxp,O35904
2xfk,P56817
2wzz,P24735
3ns9,P24941
2xke,P51955
3ocg,Q16539
3pa4,O14757
2wxl,O35904
3g45,Q07343
3i97,O14786
3lcd,P07333
2wxm,O35904
3krx,P25098
3oqk,P00797
3otq,P34913
3krw,P25098
3lj7,P97612
2x4u,P04439
3ivh,P56817
3nnu,Q16539
3nsh,P56817
3lpb,O60674
3nrm,O14965
3ken,P52732
3l17,P48736
2x2l,P07949
3g4l,Q08499
3kwz,P43235
3nw7,P08069
2xml,Q9H3R0
3n1v,P14324
3ls4,
3okh,Q96RI1
3ipy,P27707
3n46,P14324
3hmv,Q07343
3oc0,P27487
2x52,P10969
3o8h,P9WMC1
3mww,O92972
3kec,P45452
3o96,P31749
2x81,O14965
3n4l,P56817
3lxl,P52333
3g0g,P27487
3ly2,Q07343
3g0d,P27487
3ocb,P31749
3k5d,P56817
2xey,O14757
3ot3,O14757
3oct,Q06187
3kga,P49137
2x9f,P54760
3ma3,P11309
2x4s,P04439
3kwf,P27487
3h0s,Q00955
3l5f,P56817
3my5,P24941
2xow,P09391
3owl,P68400
3pup,P49841
2xwy,P26663
3n5j,P14324
3ixk,P56817
3nok,E7FH78
3lxg,Q9QYJ6
3o8g,P9WMC1
3hnb,P00451
3o6t,P9WG67
2x4t,P04439
2xck,O15530
3l5c,P56817
3msj,P56817
3oki,Q96RI1
3nzs,P48736
2wxi,O35904
3ho9,P0AAI5
2xuc,Q873Y0
3g0b,P27487
3odk,Q13526
3l5d,P56817
3l54,P48736
3kb7,P53350
3ouh,Q9GZT9
3nw6,P08069
3msl,P56817
3n49,P14324
3ovz,P43235
3nww,Q16539
2x6i,Q9W1M7
3h0q,Q00955
3k3h,O76083
3fh5,P09960
3nw5,P08069
2wd3,P00918
2wpa,P24941
3ion,O15530
3ow3,P05132
2x5o,P14900
3oxz,P00520
3l8v,P08581
3l9h,P52732
3nif,P08514
3l58,P56817
3lxs,P25779
3iit,P00742
2wxo,O35904
3mwu,A3FQ16
3nzc,P16184
2wxh,O35904
3nnw,Q16539
3ot8,O14757
3lzs,P24740
3i02,
3oqf,P00797
3myg,O14965
3lzu,P24740
3m5e,P00918
3hu3,P55072
3hu1,P55072
3hu2,P55072
3psl,P61964
3iet,
3kdb,P03367
3mhl,P00918
3m3x,P00918
3lxk,P52333
3m40,P00918
3m67,P00918
3hzy,
3kdm,
3lzv,P03369
3fsm,P03369
3ip6,Q7CX36
2kup,O43559
3kmm,P06239
3mhi,P00918
2kpl,Q96QZ7
3mho,P00918
3mhm,P00918
3ogx,Q9GK12
3hzk,
3lhj,Q16539
2xjj,P07900
3nw3,Q9GK12
2xhx,P07900
3hzv,
3m3r,P09616
2xdx,P07900
3fw4,P80188
3k1j,B6YU74
3kdc,P03367
3lnz,Q00987
3k5v,P00520
3me9,Q96ES7
3hcm,P04271
3ad8,Q50LF0
2xgs,Q8PC69
3m55,Q8WTS6
3ipa,Q7CX36
3m89,Q8KNP3
3oap,P19793
3ip5,Q7CX36
3p2e,A8C927
3acl,O00625
3otf,Q9Y3Q4
3mo8,P55201
3ig1,P03366
2xjx,P07900
2xab,P07900
3pb3,A8C927
3ktr,P11940
3nex,P02766
3k54,Q06187
3n5u,P62136
3kgu,P02766
3neo,P02766
2xht,P07900
3gy2,P00760
3m54,Q8WTS6
2y3p,P0AES5
3k00,B0B0V1
3kr1,P11086
3o0e,P02931
2kp8,
3lf0,P9WN31
2kvm,Q8VDS3
3lle,P02638
3huc,Q16539
3nga,P68400
3lka,P39900
3l8x,Q16539
3k02,B0B0V1
2wib,A6TF32
3iqj,P31947
3omc,Q7KZF4
3kze,Q13009
3new,Q16539
2w97,P06730
3mmr,Q8I384
3luo,Q5SLE7
2l1b,O95931
3nin,P19812
3m5a,Q8WTS6
3juk,O25363
3a5y,P0A8N7
3l5b,P56817
3m8u,B8F653
3kqo,P11086
3mo5,Q9H9B1
3obx,Q99816
3kpw,P11086
3lbz,P41182
2l0i,Q05543
3lzz,Q6WRH7
3lp4,P05089
3nij,P19812
2xjg,P07900
3mj1,Q08881
2rr4,Q9H0M4
3kqy,P11086
3kmx,P56817
3nq3,P02754
3g5v,
3lxo,P61823
3nim,P19812
3iqu,P31947
2l11,Q13185
3n6k,P14324
3mo0,Q9H9B1
3hdk,P03369
3kpv,P11086
2wq5,P15445
3kqm,P11086
3okp,Q8NNK8
3lk8,P39900
2x2c,
3lcv,Q7M0R2
3oka,Q8NNK8
2xg3,P17931
3ny3,Q8IWV8
3llm,Q08211
3omg,Q7KZF4
2l6e,P35963
3al3,Q92547
3nyn,P43250
3p4f,P61964
3l1n,O42721
3met,Q96ES7
3gy3,P00760
3ip9,Q7CX36
3nes,P02766
2x4z,O96013
3jrx,O00763
3jyr,P19576
3hkw,P26664
3kd7,
3n7s,Q16602
3iqq,P02638
3lm1,P18674
3nkk,P00760
2krd,P63316
3l59,P56817
3p2k,A8C927
3kr0,P11086
3lnj,Q00987
3miy,Q08881
3oy8,P09382
3ljo,P00760
3mss,P00520
3lgs,Q9T0I8
2xs8,Q8WUM4
3n7r,Q16602
3jzj,B0B0V1
3mo2,Q9H9B1
3o4k,Q9GK12
2rqu,Q9ULH1
3m3o,Q6WY08
3ob2,P00533
2wq4,B4EH86
3fh7,P09960
2xdk,P07900
2l1r,P63316
3p8p,O94760
3obq,Q99816
3afk,Q6WY08
2x7x,Q8A6X1
3i73,O57728
3ad7,Q50LF0
3adt,P37231
3l81,O00189
2xde,P12497
3hmp,P33981
3kgt,P02766
3pd2,Q9UZ14
3m58,Q8WTS6
3kdd,P03367
3pty,P9WNL5
3nhi,Q95NY5
3ng4,Q9GK12
2xbv,P00742
2wsx,P31553
3ob1,O43597
3nam,B6CAM1
3hmo,P33981
3lcu,Q7M0R2
3lp7,P05089
3l2y,P02741
3pd4,Q9UZ14
3kmy,P56817
3nil,P19812
3gy7,P00760
3ljj,P00760
3o6l,
3nik,P19812
3g5y,
3kqr,P02743
3okc,Q8NNK8
3m3e,Q6WY08
2wyf,Q05097
3pd3,Q9UZ14
3o6m,
3muk,Q9ESU6
3kqp,P11086
2wic,A6TF32
3hzm,
3lqj,Q03164
3m57,Q8WTS6
3o8p,Q16539
3npc,P45984
3mf5,P26663
3kqt,P11086
3nrz,P80457
3ml4,Q18PE0
3ncq,O28527
3nee,P02766
3m53,Q8WTS6
2xtn,Q9UG22
3guz,P31663
3l6x,O60716
3nm6,Q9ZMY2
2xhr,P07900
3ogm,Q39255
2xyn,P42684
3l6h,Q7DAU8
3m17,P55899
3hs9,P62944
3mxf,O60885
3i5r,P27986
2xzw,P0A3F4
3nth,P25823
3n9s,D0IR47
3m59,Q8WTS6
3mle,O24872
2xl2,P61965
2xl3,P61965
3l3q,P52293
3lq2,P0AFG9
3lq4,P0AFG9
3iwy,
3ijg,P14174
2l12,O95931
3obu,Q99816
3p5o,O60885
2xib,Q8A3I4
2ksp,Q9H4M9
3o84,B2HVG8
3hs8,P17427
3nii,P19812
3p8h,Q9Y468
3lk1,P02638
3lqi,Q03164
3ilq,P11609
3nsq,P19793
3kqs,P11086
2wtw,O14965
2kzu,Q9UER7
3iqv,P31947
2xii,Q8A3I4
3if7,P62157
3kpu,P11086
3lk0,P02638
2xto,Q9UG22
3nan,B6CAM1
2koh,Q99NH2
3n1c,P06999
2won,P04585
3ms9,P00520
3kyq,Q5EGY4
3nti,P25823
2xi7,A5HC98
2kwn,P62805
3kr2,P11086
3nx7,P39900
3hb8,P04818
3ncr,O28527
2wvt,Q8A3I4
3adu,P37231
3nkx,P63104
3hky,O92972
2y34,Q9GZT9
3p8e,O94760
3m3c,Q6WY08
3oyw,P09382
2xdl,P07900
3hbo,P03369
3gy4,P00760
3hub,Q16539
3nal,B6CAM1
3n8k,P9WPX7
3le8,P9WIL5
3ouj,Q9GZT9
3ads,P37231
2xbp,P0A3F4
3isw,P21333
3nq9,P02754
3adv,P37231
3kqw,P11086
3nht,Q95NY5
3l8s,Q16539
2xcg,P27338
3i51,P95607
2xeg,Q04609
2xei,Q04609
3l4u,O43451
3hfb,P17752
3i4y,P95607
3gt9,Q96CA5
3liw,P00742
2xmy,P24941
3l4y,O43451
3iae,Q9F4L3
3l4x,O43451
2wk2,P07254
3a2c,P49137
3nuo,P03366
3m36,P00742
3mxe,P03369
2xef,Q04609
2xhm,Q10714
2xb9,Q48255
3anq,Q13627
3l4z,O43451
3m2u,P11558
3l4v,O43451
3nu3,P03366
3aav,P00760
3nmq,P08238
2wly,P07254
2xd9,Q48255
3lc5,P00740
3nuj,P03366
3p4q,P00363
3kqd,P00742
3iut,P25779
3hf8,P17752
3ioi,P16442
3aaq,Q5ZUA2
3nu6,P03366
3lpp,P14410
3of8,P07711
2xb7,Q9UM73
3mn8,P42787
3l7g,Q44238
2xda,Q48255
3kqb,P00742
3fv1,P39086
3p8z,P27915
3lea,P78536
3agm,P17612
3owj,P68400
3mdz,P43166
3a2o,P03367
3nu9,P03366
2xaq,O60341
3m37,P00742
3l4w,O43451
3k8c,Q4CQE2
3lpk,P56817
3fvl,P00730
3k37,Q3S340
2xej,Q04609
3lmk,P41594
2wtx,P31677
3iaf,Q9F4L3
3kjq,Q14790
2xas,O60341
2wpb,P0A6L4
3fvk,P39086
3nu4,P03366
3mxd,P03369
3fyz,Q8RLA6
3k16,P38398
3ldw,A5K4U6
3p4r,P00363
3i3d,P00722
2wtv,O14965
3jyj,Q13526
3k97,P07900
3mxr,P0AD64
3lik,P39900
2x95,Q10714
3lbj,O15151
3lir,P39900
3i6c,Q13526
3fvg,P39086
2x8z,Q10714
2xbw,P00742
3g2i,P00489
3kjf,P42574
3mhc,P00918
3g2l,P00489
3kr5,Q8IL11
3n2u,P39900
3ik1,P00469
3h9k,P04818
3moh,P07379
2xnb,P24941
3k15,P38398
3g2h,P00489
2x7s,P00918
3k05,Q14676
3mz3,Q9BY41
3fvn,P39086
3g2k,P00489
3acw,A9JQL9
2xaj,O60341
2x09,Q56F26
3mi2,P11172
3agl,P17612
2xbx,P00742
3g2j,P00489
2x91,Q10714
3abt,O60341
2wyi,Q99YP5
3g6m,A9LI60
3mkf,P0AD64
3ljg,P39900
2wyj,P00742
3kqc,P00742
3nox,P27487
2xc0,P00742
3fv7,Q8RLA6
3abu,O60341
3mke,P0AD64
3lvw,P32477
3oe0,P00720
2wyn,P13482
2x97,Q10714
2xba,Q9UM73
3lpf,P05804
2x7t,P00918
2xj7,Q89ZI2
3itc,Q93J45
3lxe,P00915
3kr4,Q8IL11
2x0y,Q0TR53
3o87,P00811
2xb8,P9WPX7
2wlz,P07254
3hp9,P04995
2xaf,O60341
3l0v,P78536
3k0h,P38398
3ipq,Q13133
3mwe,P53396
2xah,O60341
3ixg,P00811
3fuz,P39086
2xag,O60341
3i5z,P28482
3i60,P28482
3acx,A9JQL9
3lgp,P78536
2wyg,P00742
3kku,P25779
3l1s,P49841
3l4t,O43451
3k0k,P38398
3mi3,Q9Y823
3l79,P00489
3oxc,P04587
3l7c,P00489
3i25,P56817
3mfw,P05089
3mfv,P05089
3mjl,P05089
2wm0,P07254
2xdm,P39045
3aas,P00760
3hl8,P04995
3n2v,P39900
3pd8,P19491
3own,P00797
3lbl,Q00987
3nyx,P29597
3ieo,P00918
3nba,P9WPA5
3fzc,Q8RLA6
3l3l,P09874
3iog,P26918
2xdw,P23687
3nu5,P03366
3m1k,P00918
3k5x,Q93J45
3l7b,P00489
3kek,P45452
3k4q,P34752
3l7a,P00489
3o88,P00811
3lpi,P56817
3ipu,Q13133
3i3b,P00722
3mnu,P00918
3lc3,P00740
3n3g,P25774
3mhw,P00749
3moe,P07379
3kgq,P00730
3gta,Q96CA5
2wzm,A0QV09
3gjw,P09874
3kjn,Q14790
3o5x,Q06124
3l3n,P12821
3krd,P9WHU1
3oe9,P00720
3l7d,P00489
3pd9,P19491
2x7u,P00918
3m35,P00760
3gn7,P09874
3k99,P07900
3nsn,Q06GJ0
3lpg,P05804
3ips,Q13133
3l3m,P09874
3mz6,Q9BY41
3iof,P26918
3le9,P78536
2xe4,Q4QHU7
3nf3,Q7B8V4
3oe8,P00720
3fv2,P39086
3odu,P00720
3n9r,D0IR47
3o86,P00811
3ijz,P00469
3n2c,Q393A1
3mkn,C3T3U2
3kej,P45452
2ksb,P25103
2xg9,P16098
3n7o,P23946
3k4d,P05804
3i4b,P49841
3k39,Q3S340
3g2n,P00489
3k3a,Q3S340
3oaw,P48736
3oe6,P00720
3kwa,P00918
3kqe,P00742
3aho,Q4W803
3lil,P39900
3mof,P07379
3mxs,P0AD64
2ksa,P25103
3ith,P03366
3nxq,P12821
3mtw,Q9A4Z9
2ks9,P25103
3ahn,Q4W803
3lbk,Q00987
3aau,P00760
2x96,Q10714
2xvd,P54760
2xz5,Q8WSF8
3igp,P00918
3ag9,P00517
2yac,P53350
2yj2,P07711
2xbj,O96017
2xc4,P00742
2yj8,P07711
2xm9,O96017
3twd,P0ACC7
3p7b,P47811
2xu1,P07711
3s7m,P56817
2yjc,P07711
3p7c,P47811
2xx2,P02829
2y1x,Q86X55
2yc5,P69834
3pj8,P24941
3apc,P48736
2xk9,O96017
3p5k,P47811
2ycf,O96017
2yj9,P07711
2xx4,P02829
2yjb,P07711
3s7l,P56817
3r7q,P48736
3uo9,O94925
3tge,O76074
3qaq,P48736
3r04,P11309
3r0i,P45568
3lq5,P50750
3qtf,P07900
3zya,Q16539
3p78,P47811
3zrk,P49841
3qj9,P97612
2yc3,P69834
2xnm,P51955
3zrm,P49841
2xm8,O96017
2xu5,P07711
2xu3,P07711
3qcq,O15530
2ycq,O96017
2xx5,P02829
2y1d,A2VLK3
2y5k,P09467
3r21,O14965
3zrl,P49841
3o9l,P00797
3ow6,P07900
2yir,O96017
3pix,Q06187
3opm,P27487
2yit,O96017
3n5k,P04191
3piy,Q06187
3qcs,O15530
3sl8,Q08499
3qar,P48736
3zs0,P05164
2x24,
2xu4,P07711
2y5l,P09467
3p3u,P02766
3u6a,P56817
3sfi,P9WMC1
3qup,P55144
3zs1,P05164
3ti6,C3W5S3
2xnp,P51955
3qkk,P31749
3ro4,P50053
3q4b,P00797
3q5h,P00797
3p7a,P47811
3qcj,P23470
3s1y,P24735
3o23,P08069
2ykj,P07900
3qg6,
2xyr,P0C6X7
3r2a,P19793
3sn7,Q9Y233
2ye9,P07900
2ykc,P07900
3rsv,P56817
3snl,Q9Y233
2yb9,P08473
2y1g,A2VLK3
3rm8,Q9BZP6
3rhx,P11362
3osw,P37231
3rcj,O15530
3qri,P00519
3r0t,P68400
2yg2,O95445
2yiw,Q16539
3ti5,C3W5S3
3skh,O92972
3mw1,Q16539
3ti8,A1ILL9
3mg8,P23639
3s7a,P00374
2ykb,P07900
2yke,P07900
2ycs,O96017
3qo9,P03366
4a23,P21836
3prf,P15056
3tjd,O60674
3ppk,P15056
3r2f,P56817
3tic,Q194T1
3rxa,P00760
3nzw,P23639
2xno,P51955
3sjo,E0WWC7
3qfv,Q9Y5S2
3ti3,C3W5S3
2yis,Q16539
3q32,O60674
3s3q,Q8MNY2
3skc,P15056
3rz3,P49427
2xk1,P39045
3r7r,P48736
3tku,Q9Y5S2
3rv3,P24182
2y6c,P09237
3b1u,Q9UM07
3qd3,O15530
3t9t,Q08881
3r5j,P42575
3svv,P00523
3qi4,O76083
2xsb,Q2CEE3
3tv4,P15056
3rvi,P56817
3nwb,P22734
3sni,Q9Y233
2xel,P08799
3tib,Q194T1
3pp0,P04626
3qpp,Q9QYJ6
2y0j,Q9Y233
3o0u,P43235
2yiq,O96017
3szb,P30838
2ylo,P10275
2yiu,P05418
3src,Q9I194
3sie,O76074
3py0,P24941
3atk,P00760
3npa,P00489
3mg7,P23639
3py1,P24941
3pz3,Q08602
3qti,P08581
3rxh,P00760
3ooz,P56817
2xiz,P11309
2yem,O60885
3tl5,P48736
2xj0,P11309
2xp8,Q13526
2yc0,Q9NWT6
3as3,Q9AMP1
3tpp,P56817
3qi3,O76083
3qbh,P56817
2xtk,B0Y2Y2
3t07,Q6GG09
2y2j,Q7CRA4
3oy1,P53779
3l9l,P17612
3nuu,O15530
3rxe,P00760
3qpn,Q9QYJ6
3atl,P00760
3ske,O92972
3s0n,P23946
3pdq,O75164
3rq7,P53350
3q3b,P49841
3r22,O14965
3ati,P00760
3mrv,P00489
2xp4,Q13526
3rcd,P04626
3rxd,P00760
2yde,Q9NWT6
3qk5,P97612
3o9v,P27487
3tpr,P56817
3ohh,P56817
3s0j,P00489
2xzg,Q00610
3zst,Q9L1K2
3r02,P11309
3rxk,P00760
3ms2,P00489
3p76,O67648
3owb,P07900
3s3r,Q8MNY2
3sji,C8CIL7
3rxb,P00760
3b1t,Q9UM07
2xpb,Q13526
3rxf,P00760
3nzi,Q92743
3p79,P47811
3so9,Q000H7
3oxi,P53779
3qzq,E7E815
3sdg,P9WMC1
3rxl,P00760
3qqu,P08069
3mrt,P00489
3sff,Q9BY41
3q96,P15056
3asx,P37268
2xp6,Q13526
2y2p,Q7CRA4
2ybt,Q9BZP6
3olf,Q96RI1
3sl5,Q08499
3qcy,O15530
3px8,P02879
3q0z,Q9WMX2
3rme,Q9BZP6
3os3,Q02750
3rjm,P42575
3rxm,P00760
3poz,P00533
2ybk,O75164
2ybp,O75164
3qpo,Q9QYJ6
3mtb,P00489
3p50,Q7NDN8
3r6g,P42575
3mt9,P00489
2y68,P14900
3ptg,P53779
3nc4,P00489
3lkj,P29965
2ybs,O75164
2y6o,Q03137
2ycm,P69834
3nwe,P22734
3s3o,P14350
2y2i,Q7CRA4
3p4w,Q7NDN8
2y2n,Q7CRA4
3soq,O75581
2y2h,Q7CRA4
3otx,Q584S0
3sl4,Q08499
3pvu,P21146
3nf9,P12497
3nf6,P12497
3b0w,P51449
3zxh,P45452
3spk,Q000H7
2yak,P53355
2y67,P14900
3qd0,O15530
3thb,P53350
3mt8,P00489
4a22,P9WQA3
3pp1,Q02750
3qc4,O15530
3piz,Q06187
3qch,P23470
3s22,P24735
3ogq,P16088
3qci,P23470
3q7j,O93655
3q2g,Q9UHI8
3ro0,P46107
3owd,P07900
3srv,P43405
3oeu,P23639
3tia,Q194T1
3peq,Q03181
3pdc,P34913
2xln,P39045
3nus,O15530
3mtd,P00489
3p9j,O14965
3ska,O92972
3nf7,P12497
3tjc,O60674
3nuy,O15530
3shz,O76074
2ydm,P12821
2xp5,Q13526
3nlb,O14757
3zw3,P48736
3qkv,P97612
2xiy,P11309
3ogp,P16088
3as2,Q9AMP1
3omm,Q96RI1
3q3t,P00797
3ms7,P00489
3px9,P02879
3zqt,P10275
3rl4,B1WBP0
3p23,O75460
3np9,P00489
3u4r,O92972
3psb,P15056
3q4c,P15056
4a7b,P45452
3psd,P15056
2xpa,Q13526
3s3m,P14350
3sfc,P00797
3qcl,P23470
2xyu,Q03137
3sc1,O15530
2xo8,P08799
3m11,O14965
2xni,P27958
3qkm,P31749
3msc,P00489
3mrx,P00489
3pj1,Q06187
3vhu,P08235
3r2b,P49137
3qrj,P00519
3tv6,P15056
3tdc,O00763
3o95,P27487
3ook,Q96RI1
3aw0,P0C6U8
3ttz,P0A0K8
3qck,P23470
3pj3,Q06187
3r01,P11309
3mqf,P00489
3mta,P00489
3pxz,P24941
3l9m,P17612
3oof,Q96RI1
3sz9,P05091
2ylp,P10275
3ms4,P00489
3vhv,P08235
3u4o,O92972
3pxy,P24941
2ylq,P10275
3pka,P9WK19
3pvw,P21146
3skf,P56817
3qrk,P00519
3vhe,P35968
3nzx,P23639
3qsd,Q8MNY2
3ans,P34913
2y2k,Q7CRA4
3qd4,O15530
3sov,O75581
3pkb,P9WK19
3lzb,P00533
3rhk,P08581
3avz,P0C6U8
3qcx,O15530
2ycr,O96017
3pz4,Q04631
3s2p,P24941
3osi,P37231
3q77,P08246
3rl3,B1WBP0
3srb,Q9I194
3pj2,Q06187
3oev,P23639
3tu9,P00883
3rxg,P00760
3r7b,P42575
3r7n,P42575
3pz1,Q08602
3pz2,Q08602
2yjw,P07900
2yjx,P07900
3rtn,P56817
2y6d,P09237
3q3k,P00742
3pkd,P9WK19
2yk9,P07900
2y1o,P14900
3qsb,P0A988
2yig,P45452
3rxp,P00760
3r2y,P49137
3at4,P68400
3ant,P34913
3s2o,P56817
3r00,P11309
3rxo,P00760
3ty0,P37231
3rkz,P07900
3s2a,P48736
3atm,P00760
3rxj,P00760
3l9n,P17612
3rxi,P00760
3s3n,P14350
3rdh,P63104
3skg,P56817
3at3,P68400
3n4c,P25774
3shy,O76074
3zvv,P48736
3ti4,C3W5S3
3sfh,Q9BY41
3mt7,P00489
3thd,P16278
3pi5,P56817
3ohf,P56817
3as1,Q9AMP1
3r92,P07900
3qkl,P31749
3r91,P07900
3pkc,P9WK19
3b28,P07900
3txo,P24723
3atw,P0C6U8
3np7,P00489
2x6w,Q9AYY6
2xuz,P40409
3arp,Q9AMP1
3qx9,Q9UKV8
3uvm,P61964
3uvo,P61964
3u0d,P80188
3t2v,Q9GK12
3b24,P07900
3ap4,O00214
2yln,Q5F9M1
3r1v,Q7PXT9
3uex,P02754
3rdo,P22629
3qo2,Q99549
3tdz,Q96GG9
3uvk,P61964
3aqt,Q8NR95
3s8o,P62993
3q6s,P83916
3poa,P71590
2y57,Q8WSF8
3zyu,O60885
3ao2,P04585
3shv,Q8NEM0
3ka2,P03369
3orn,Q02750
3b26,P07900
3rse,P61157
3m93,Q6PKX2
2xzq,
3zy5,Q18014
3tl0,Q06124
3uat,Q62696
2y56,Q8WSF8
3s0e,Q1W640
2lbm,P46100
3r93,Q99549
3uvn,P61964
3s0b,Q1W640
3muf,P56073
2ygu,P35775
3pgu,P10384
3ove,P62993
3zy2,Q18014
2y4m,D0MI02
2yki,P07900
2xxn,Q93009
3tf6,P80188
3qlm,P00592
2y1w,Q86X55
3hau,P03369
2y36,
3rdq,P22629
3o9p,P77348
3arq,Q9AMP1
3uew,P02754
3rsb,Q58517
3rbq,Q13432
4a4e,Q16637
3szm,Q8NEM0
2y4l,D0MI02
3ql9,P46100
2l6j,P25638
3ll8,P24588
3s7b,Q9NRG4
3t1l,P17931
3s8n,P62993
3hlo,P03369
3p9t,Q8KLP4
3u5l,O60885
2y4s,Q9S7S8
3rux,P96884
3arw,Q9AMP1
2y06,
3qmk,P51693
3qc9,P28327
3pwm,P03367
2yay,O15826
3sjt,P05089
2y07,
3t1m,P17931
3shb,Q96T88
3ap7,O00214
3qxd,P01903
3t1n,Q8NEM0
2xv1,P40409
3mp1,P0AEX9
4a4g,Q16637
2xhs,P33244
3arz,Q9AMP1
3b25,P07900
4a0j,O15392
2l75,Q14839
3ary,Q9AMP1
3haw,P03369
3alt,Q7M4F9
3rl8,Q12959
3mp6,P0AEX9
3pm1,P0A0N3
3uev,P02754
3r0h,Q24008
4a4f,O75940
3tkz,Q06124
3rz7,P00918
3ax5,Q62760
3tcg,P23843
3iaw,P03369
3rw9,P19623
3ppr,O32243
2y8i,P08799
3qx8,Q9UKV8
2y8q,P54645
2y8l,P54645
3rm4,Q9BZP6
3qqa,Q7B8P6
3plu,Q6Q546
4a4h,O75940
2xp7,Q13526
3qxc,O24872
2las,P63165
3rz1,P00918
2xn6,P05543
3o1e,Q9PTN2
2l7u,Q15109
3o1d,Q9PTN2
2y7w,Q7WT50
3p9m,P01901
3rt4,Q9GK12
2y7k,Q7WT50
3pwh,P29274
3rdv,P30622
3n2e,P56073
3rz9,P52293
3n75,P0A9H3
3te5,P06782
2xn3,P05543
3qs6,O67854
2xxy,P42260
2x85,Q9AYY6
3qin,P04585
3pju,Q3KK31
3pjt,Q3KK31
3rtx,O55236
3od0,Q13976
2ylc,P0A1R0
3pyy,P00519
3rz5,P00918
3zyf,Q05097
3rey,P29274
3ru1,P56817
3qio,P04585
3njq,P88911
2yb0,O15826
3qnd,Q64823
2xqq,Q96FJ2
3q7p,P55042
3n5e,P04818
3nfk,P29074
3odi,P62937
3s75,P00918
3ryj,P00918
3stj,P39099
3q72,P55042
3o2m,P45983
3qip,P04585
3ard,P11609
2y9g,Q7Z8V1
3rqe,Q9BUL8
3rl7,Q12959
3puk,Q60770
3qs5,O67854
3rm9,Q9BZP6
3p7i,Q1R3F7
3twv,Q9H2K2
3q6z,Q460N5
3pdh,Q9WYW0
3tdu,Q96GG9
2lko,Q96AC1
3sou,Q96T88
3t6r,Q96T88
3td4,Q6RYW5
2l84,Q92793
3uvl,P61964
3arv,Q9AMP1
2xzc,
3s8l,P62993
3ldp,P11021
3u5j,O60885
3qps,Q7B8P6
3t8s,P29994
3twu,Q9H2K2
3ujd,Q8IDQ9
3ovn,Q72498
2y7i,Q8ZKA9
3o75,Q88PQ6
2xn5,P05543
3tg5,Q9NRG4
3ryz,P00918
2y54,Q8WSF8
3pab,P01901
3s71,P00918
3tiw,P55072
3oob,Q13526
3q7q,P55042
2x6x,Q9AYY6
3qs4,O67854
2l3r,Q96T88
3iny,P00491
3uj9,Q8IDQ9
3pkn,P11940
3ubx,P11609
3arb,P11609
3rqg,Q9BUL8
3sl1,Q8I384
3sk2,Q8GPH6
2yga,P02829
2l98,P63316
2x6y,Q9AYY6
3t2c,B1YAL1
3p3s,P02766
3ocp,Q13976
3ujc,Q8IDQ9
3mxc,P62993
3q6w,P08581
3rjw,Q96KQ7
3aqa,P25440
2xj1,P11309
3rz0,P00918
3as0,Q9AMP1
3ppq,O32243
3tws,Q9H2K2
2ydf,P02768
3pxe,P38398
3s73,P00918
2yix,Q16539
2y4k,D0MI02
2y7p,Q7WT50
2y58,Q8WSF8
3u10,Q9UL51
3p2h,Q4VSJ8
3r6u,Q45462
3myq,P00918
3qlb,C5I2D9
3tjh,P01897
3puj,P61765
3n7h,Q8T6S0
3ta0,O28524
3skk,P05089
3qel,A0A1L8F5J9
3m6r,Q9FUZ2
3axz,P43912
3pqz,Q14451
3pxf,P24941
3atp,P02942
3tvw,Q00955
3s78,P00918
3tsz,Q07157
3rsx,P56817
3pxq,P24941
3art,Q9AMP1
3mxy,P62993
3ryy,P00918
3n23,P05024
2l8j,Q9H0R8
3rqf,Q9BUL8
3qkd,Q07817
3zyb,Q05097
3arr,Q9AMP1
3q6k,Q5WPU9
3m6p,Q9FUZ2
3ay9,P0DMV8
3oj8,P97612
3s72,P00918
3rtm,P56817
3tww,Q9H2K2
3n35,P16404
3zxe,P47929
3tv5,Q00955
3lrh,
2ydw,P25440
3arx,Q9AMP1
3aya,P17931
3qt7,Q9FD73
3tpu,
3q5u,P52293
3atv,P0DMV8
3m6q,Q9FUZ2
3pma,P00735
3ry8,Q5F4T5
3s74,P00918
3r24,P0C6X7
3pcu,P19793
3ao1,Q72498
3ueu,P02754
3atu,P0DMV8
3tdj,P19491
3qxh,O24872
3twx,Q9H2K2
3zyh,Q05097
3ao5,Q72498
3q4l,P0A988
3qxv,
2yel,O60885
3ta1,O28524
3ayc,P17931
3p3t,P02766
3tdh,P06782
3p3r,P02766
3zqe,P41784
3arg,P11609
3p9l,P01901
3ppo,O32243
3t7g,P38862
3twr,Q9H2K2
3ri1,P21802
3ov1,P62993
3q71,Q460N5
3rz8,P00918
3aru,Q9AMP1
3i8t,Q8K419
3b27,P07900
3rth,P56817
3tc5,Q13526
3qem,A0A1L8F5J9
3q4j,P0A988
2yek,P25440
3s77,P00918
3m96,P00918
3odl,P62937
3are,P11609
3zqi,P04483
2lh8,P04273
3arf,P11609
3qzv,Q12830
3ppp,O32243
2xj2,P11309
3qxt,
2xrw,P45983
2xs0,P45983
3ayd,P17931
3tao,P9WG43
3qfd,P04439
2yaz,O15826
3ryx,P00918
2lct,P15498
3ujb,Q8IDQ9
3t4n,P06782
3q8h,Q63T71
3zvy,Q96T88
3sow,Q96T88
3mam,O29280
2ygf,P02829
2yk1,
3ozj,P19793
3m94,Q6PKX2
3ao4,Q72498
3o4l,P04439
2lk1,P52756
2yge,P02829
3qyy,Q8P559
3sxu,P28905
3rlp,P07900
2xm1,Q89ZI2
3r42,P25604
2xxt,P42260
3q4k,P0A988
3s76,P00918
3tfk,P01897
3aje,Q970S6
3smq,O60678
3ryv,P00918
3ay0,Q58293
3po1,P00734
3s0d,Q1W640
3u8n,P58154
3rti,P02879
3zxz,P08581
3s3k,P35992
3qzt,Q12830
3pbb,Q16769
3n76,P9WPX7
3pwd,P28523
2xwd,P04062
2xpk,Q0TR53
3r4n,P07900
3pe2,P68400
3pe1,P68400
3tu1,Q00987
3pb9,Q9NXS2
3opr,P0AD64
3mv0,P00722
3qox,Q8TEK3
3ozp,Q06GJ0
3pr0,P97612
3sm2,Q9E7M1
3muz,P00722
2y59,P39045
2xog,P61823
3sr4,Q8TEK3
2ybu,Q9BZP6
3o64,P78536
3ppm,P97612
2xoi,P61823
3ama,P17612
3p8n,P26662
3opp,P0AD64
3mg4,P23639
3rf4,A4GRE3
3ozg,P20035
3mg0,P23639
3nzk,A1JJJ9
2ya7,P62575
3o0g,Q00535
3amb,P17612
2xy9,P12821
3qfy,O66264
2xwe,P04062
3zq9,Q1A2D0
3rwp,O15530
3r4m,P07900
2y7x,P00742
3mbz,Q8RLA6
3u8m,P58154
3oaf,P00374
3aox,Q9UM73
2ya8,P62575
3zze,P08581
3pb7,Q9NXS2
3oy0,P00918
3oyq,P00918
3qgw,Q08881
3p8o,P26662
3m3z,P11142
3slz,Q9E7M1
3t83,P00918
3t82,P00918
3t84,P00918
3svj,Q8DP79
3sio,Q8WSF8
3pn1,P43813
3qs1,P39898
3r4p,P07900
3n87,P9WPX7
2xpc,P14900
3t85,P00918
2l8r,Q9Y530
3oe5,P22734
3p3j,P00918
3mg6,P23639
2ydv,P29274
3ohi,A8B2U2
3olg,P04746
3ole,P04746
3old,P04746
3pn4,Q9FUZ2
2y5g,P00742
2y55,P39045
3ai8,P07858
2xyd,P12821
3s2v,P22756
3sm1,Q9E7M1
3n2p,P00918
3qgy,Q08881
3q2m,O06916
2y5h,P00742
3prs,P11838
3nb5,P00918
3oim,P00918
3o5n,Q4ACU6
3nw9,P22734
3ui7,Q9Y233
3ucj,Q96554
3ps6,P48736
3u8k,P58154
3rf5,A4GRE3
3qce,P23470
3n7a,P9WPX7
3t19,P04585
3qk0,P48736
3th9,P0C6F2
3n86,P9WPX7
3qcf,P23470
3sn8,P0C6U8
3sjf,Q04609
3oil,P00918
2xm2,Q89ZI2
2yhd,P10275
2y77,P9WPX7
3t8v,O96935
3mzc,P00918
3tsd,A0A6L8P2U9
3p58,P00918
3rup,P24182
3n8n,P9WPX7
2xxr,P42260
3pjg,A0A0J9WZA6
3prz,P48736
3t8w,Q8IL11
3sl0,Q8I384
2y5f,P00742
3qvu,P50225
2y81,P00742
3ml5,P43166
3ni5,P00918
2y7z,P00742
2ya6,P62575
2x2i,Q9STC1
3u8j,P58154
2ydt,B8ZY56
3str,Q939R9
3tza,P19491
2xyf,P12499
3b1m,P37231
3rlr,P07900
3p17,P00734
3tam,P04585
2ydo,P29274
3n3j,P00918
3sw8,Q939R9
3t01,Q92UV8
3nyd,P23360
3oe4,P22734
3shj,P23639
3qxm,Q13002
3zuk,O53649
3ocz,P26093
3rwq,O15530
2xys,Q8WSF8
3pfp,O53512
3p3h,P00918
3qvv,P50225
3mmf,P00918
2xxx,P42260
3r17,P00918
3ldq,P11142
2xxw,P42260
2xye,P12499
3qt6,Q9FD73
3t1a,P04585
3sw2,P00742
3qak,P00720
3qiy,P0DPI1
3q1x,Q9U8X2
3ns7,P29466
3sx4,P27487
3o3j,Q9FUZ2
3snc,P0C6X7
3p5l,P00918
3oli,P04746
3rlq,P07900
3pn3,Q9FUZ2
3sh1,Q8WSF8
3u9q,P37231
3mna,P00918
3snb,P0C6X7
2y71,P9WPX7
2y76,P9WPX7
3oku,P00918
2y4a,P39045
3rtf,P19491
3q43,O96935
3rt8,P19492
2y82,P00742
3q44,O96935
3pww,P11838
2yjq,Q1A2D0
3u1i,Q5UB51
3ozs,P22734
2xyt,Q8WSF8
3pb8,Q9NXS2
3r16,P00918
3tfu,P9WQ81
3n0n,P00918
3rx5,Q9AJS0
3sww,P27487
3rv4,P24182
3o7u,P25524
3s3v,P00374
3pgl,Q9GZU7
3okv,P00918
3qfz,O66264
3qj0,P0DPI1
3qiz,P0DPI1
4a1w,Q07817
3rx8,Q9AJS0
3roc,Q16539
3tjm,P49327
3q2j,P0A3Y5
3n0h,P00374
3s9e,P42264
3ozr,P22734
3ljz,P45452
3oik,P00918
3ozt,P22734
3tu7,P00734
3o0j,Q07343
3sna,P0C6X7
3r4o,P07900
3u8l,P58154
3p9h,Q99816
3p55,P00918
2yfx,Q9UM73
3rt6,P19492
3po6,P00918
3lox,Q9ELS8
3loo,
3p4v,P00918
2x2r,P52732
3rx7,Q9AJS0
3p44,P00918
3ml2,P00918
3oys,P00918
4d89,P56817
4at3,Q16620
4emv,G6TGY9
3n4b,P00918
4az3,P10619
3tyv,O92972
4a7c,P11309
2y80,P00742
4a4o,P53350
4at4,Q16620
3vw9,Q04760
3uh4,O95271
4fny,Q9UM73
4a4l,P53350
4gh6,O76083
3vqs,P26663
3vrv,P13053
4hcu,Q08881
4fnz,Q9UM73
3qu0,P24941
3zxr,P9WN39
3qxp,P24941
2yer,O14757
4gcj,P24941
4dk7,P55055
3rde,P16469
4dfn,P43405
3uvp,Q16539
4b1d,P56817
3u2k,P0A0K8
4az0,P10619
4at5,Q16620
4dij,Q00987
4d88,P56817
4hgt,P48730
3vg1,P56817
3v5q,Q16288
4d83,P56817
4a4x,P51955
3qtz,P24941
3tki,O14757
4hct,Q08881
4b1c,P56817
4afe,P51955
3qtx,P24941
3zxv,P9WN39
4avg,C3W5S0
3qtu,P24941
4eny,P11309
3rpv,P24941
3vru,P13053
4aof,P48736
4awk,C3W5S0
4heu,Q9Y233
3rak,P24941
4d85,P56817
2ym7,O14757
3tv8,P06280
3voz,O94925
4dce,Q9UM73
2ydi,O14757
3uix,P11309
4b4g,Q9HU22
4g2f,P29320
4hki,Q9H2K2
4hlm,Q9H2K2
2yex,O14757
4dvi,O95271
4b4m,Q9HU22
3ttj,P53779
4e8z,B4EB35
3umx,P11309
3ral,P24941
4h39,P53779
4ge5,P43378
4efu,P07900
3ufl,P56817
4eox,Q8DP79
4e96,O60885
4frj,P56817
3u8h,P14555
4ea3,P0ABE7
4dgn,P28523
3tnh,P50750
4hlg,Q9H2K2
3vjk,P27487
3rk7,P24941
3v8t,Q08881
3vjm,P27487
4b5b,Q9HU22
4fcd,Q9Y233
3rkb,P24941
3vrw,P13053
4a16,P21836
3zzh,Q01217
2ym5,O14757
3uwo,Q9HZN8
4hl5,Q9H2K2
4hcv,Q08881
3ur9,Q83883
4e5h,Q5EP34
4g31,Q9NZJ5
4alg,P25440
3u8d,P14555
4abu,P02766
3rk9,P24941
4e26,P15056
4enx,P11309
4hld,Q6GJI9
4a9m,P25440
4aaw,Q8DQ18
4h3a,P60472
3t4v,P05050
4b14,A5K1A2
4hmh,Q9H2K2
3v9b,Q08499
4f63,P11362
3vjs,P13053
3qtw,P24941
3v8s,Q13464
4an3,Q02750
4f4p,P43405
3s9z,P9WK17
3tn8,P50750
3v6s,P53779
4e5d,P08659
4akn,P25440
4e8w,B4EB35
4hlf,Q9H2K2
4f49,P0C6V2
4abv,P02766
2ym6,O14757
3u18,P14174
4gw8,P11309
3uok,O14965
3saz,P9WK17
4h38,P60472
3qtr,P24941
4gg5,P08581
3ugc,O60674
4ge2,P43378
4an2,Q02750
3u8w,Q16539
4aqc,O60674
4dfl,P43405
3ue4,P00519
3uh2,O95271
3tt0,P11362
2ym3,O14757
3udq,P56817
3sad,P9WK17
4hkn,Q9H2K2
4hlh,Q9H2K2
4hdc,P65249
4awg,C3W5S0
4fod,Q9UM73
4dgm,P28523
3vqh,P17612
4hlk,Q9H2K2
3rin,Q16539
3vf3,P56817
3vsx,P00797
4b71,P26663
4ehm,Q08602
3r6t,P22734
3v66,P37268
4a9n,P25440
4f6v,A9JQL9
3vyf,P00797
3r9n,P24941
4acf,P9WN39
2ym4,O14757
4dcd,P03300
4gz3,O15294
3qw7,P0DPI1
4d8n,Q92876
4h3c,P60472
4awm,C3W5S0
3vf9,P43405
4hbx,O60885
4a6w,C6EAB7
4a6v,C6EAB7
4b12,A5K1A2
4gto,Q04631
4dk8,P55055
3v5j,Q08881
4fhi,Q9PTN2
3vp3,O94925
3vbv,P11309
4gtp,Q04631
4ac3,Q8DQ18
3rwi,Q9GJ77
4hv3,P02879
4g34,Q9NZJ5
3udr,P56817
4e93,P07332
4gts,Q08602
3t0m,P31947
3unj,P24941
4h1j,Q14289
4gsy,Q6GJI9
4a9i,P25440
3rah,P24941
3u4i,P28907
4ael,Q9Y233
4hn2,O43314
3azb,Q965D7
3ntp,Q13526
3q92,P50053
4g55,Q00610
4ajw,O35904
4fgz,Q8IDQ9
3uzp,P48730
3s00,P24941
3ti1,P24941
2ym8,O14757
4eg4,Q38C91
3v04,Q02750
3vsw,P00797
4ehr,Q07817
4edy,O60760
3ua8,P42262
4avu,Q9H2K2
4d9p,Q81VW8
3twj,Q13464
3vw6,Q99683
4dfw,P53350
4fs3,Q6GI75
3ril,P04062
4e5f,Q5EP34
3vf8,P43405
3sgt,P60473
3vv6,P56817
4hup,P02879
3qqk,P24941
3uph,O92972
4egi,P07900
4eh4,Q16539
3unk,P24941
3rwj,Q9GJ77
4dh6,P56817
3sdk,P23639
3vi2,Q8T6J6
3s1h,P24941
4a9r,O96017
4aa5,Q16539
3vv8,P56817
3tiy,P24941
3ztx,Q6DE08
3vp4,O94925
4hlc,Q6GJI9
3s3i,Q16539
4anx,P48736
4fzg,P23639
3vbx,P11309
4azy,P56817
3tkm,Q03181
4anw,P48736
4dei,P08581
3udy,P56817
3vi5,O60760
3s68,P22734
3s9i,P9WK17
3vnt,P35968
4bbf,O60674
4b13,A5K1A2
4b11,A5K1A2
4ee0,O60760
3upy,Q2YIM3
4g9c,P15056
4dmn,P12497
4b00,P56817
4f65,P11362
4awf,C3W5S0
4fcb,Q9Y233
3sh0,P60472
3vrt,P13053
3rwg,Q9GJ77
3upf,Q80J95
4hkk,Q9H2K2
4fri,P56817
4d8i,E0PTS8
4e5g,Q5EP34
4huo,P02879
3qa2,P50053
3v1r,Q2F7J3
3r8v,P24941
3sz1,P37231
4a9c,O15357
4hej,P65249
3uxm,Q9HZN8
4anu,P48736
3qi1,P56817
3vc4,P11309
4hbv,O60885
3udj,P56817
4awo,P07900
4avw,Q9H2K2
4ec4,P98170
4hkp,P11172
4dea,O14965
4dem,P14324
4anm,P28523
4g19,I6ZUH3
4h5d,P14324
4h5c,P14324
3sd5,P48736
3v01,Q02750
3vby,P11309
4dhf,O14965
3avf,P12497
4eh3,Q16539
4h2o,P60472
4d8c,P56817
4aa7,P0ACC7
3uol,O14965
3sgx,P60472
4h4m,P03366
3qts,P24941
3qtq,P24941
3rik,P04062
4fli,P53582
3vp1,O94925
3t3y,P05050
3uhm,P47205
4bbe,O60674
4drp,Q13451
3rwf,Q9GJ77
4dro,Q13451
3qw6,P0DPI1
4hv7,P02879
3tv7,Q13464
3r0w,Q000H7
3vbg,Q00987
4hni,P49674
4af3,Q96GD4
3s0o,P24941
3t0l,P31947
4eh6,Q16539
3udk,P56817
3sgv,P60472
3udm,P56817
4fhh,Q9PTN2
4aa0,Q16539
4deb,O14965
4d8a,Q81VW8
4h71,P53350
3vqu,P33981
4fpf,Q54727
3vbt,P11309
4gtv,Q08602
4ded,O14965
4aq3,P10415
4afj,P49841
3vb6,P0C6U8
3ava,P12497
4foc,Q9UM73
3rk5,P24941
4e3f,P00918
4el9,P18654
3vjt,P13053
4ebv,Q05397
4ere,Q00987
3umw,P11309
3sdi,P23639
4b3u,Q9HU22
3vv7,P56817
3vb5,P0C6U8
3v3v,P45983
4hby,O60885
3rpy,P24941
4h2j,P60472
4dpf,P56817
4hbw,O60885
3sqq,P24941
4acu,P56817
3vyd,P00797
3rwh,Q9GJ77
4ddl,Q9Y233
3vi7,O60760
3av9,P12497
4eg6,Q38C91
4an9,Q02750
4anv,P48736
3v4v,P13612
4ewo,P56817
4eeh,P07900
4eg7,Q38C91
3rwe,Q9GJ77
4ez3,P24941
4awq,P07900
3r8z,P24941
4hco,P53350
3vb4,P0C6U8
3vb7,P0C6U8
4fzc,P23639
3uqp,P56817
3tkh,O14757
4fll,P53582
4flk,P53582
4dus,P56817
3t4h,P05050
3sb0,P9WK17
3s4q,Q16539
4di2,P56817
4eb9,Q13490
4drn,Q13451
3vjl,P27487
4drm,Q13451
4b95,Q15370
4h36,P53779
3rjc,P24941
4eh7,Q16539
3qbn,O14965
4gb9,P48736
4eh9,Q16539
4egh,P07900
4e1m,P12497
3th8,P60472
3u4h,P28907
3uwk,Q9HZN8
3veu,P56817
4f8h,Q7NDN8
3uqr,P56817
4ehv,Q16539
4dt6,P06730
4e3d,P00918
3tyq,O92972
4fpk,Q54727
3ua9,Q9H2K2
3rvg,O60674
2ydj,O14757
4fob,Q9UM73
4ejn,P31749
3r8u,P24941
3udp,P56817
3up7,O14965
3u6j,P35968
4h3b,P53779
4hgs,Q9Y6M4
3rni,P24941
4deh,P08581
4aac,Q16539
4a9u,O96017
4h2m,P60472
4anb,Q02750
4ask,O15054
4eyj,O15264
3vid,P35968
4a9s,O96017
4f64,P11362
4eh8,Q16539
4azt,Q47592
3avl,P12497
4ega,Q38C91
4e20,Q9R117
3tti,P53779
4gtt,Q08602
3upi,O92972
4deg,P08581
4eh2,Q16539
4e1n,P12497
3vbw,P11309
3rwc,Q9GJ77
3udn,P56817
4em7,G6TGY9
4flj,P53582
3aza,Q965D7
3vye,P00797
3v5l,Q08881
3v6r,P53779
4dbn,P15056
4hai,P34913
4aw5,P54760
4esi,P02879
4a9t,O96017
4hnf,P48730
3r9d,P24941
4acx,P56817
2ydk,O14757
4erw,P24941
4dpi,P56817
3vp2,O94925
4e4x,P15056
4h1m,Q14289
4f6x,A9JQL9
3qai,P50053
4drk,Q13451
3v8w,Q08881
4edz,O60760
3qw8,P0DPI1
4awp,P07900
4dgg,P00523
4ebw,Q05397
4gdy,Q8N5Z0
4eh5,Q16539
3rmf,P24941
4aml,P10968
4exg,P56817
4eft,P07900
3avb,P12497
3uyt,P48730
4ec0,O60760
4daw,Q13153
4eg5,Q38C91
4hgl,Q9Y6M4
4ejf,P55212
4aa4,Q16539
3rwd,Q9GJ77
3v4j,Q9HC16
4dgr,P03472
4gtm,Q04631
3v49,P10275
4eym,O15264
4frk,P56817
4b74,P26663
4d8e,E0PTS8
4e4a,P00918
4dum,P06730
4ajn,P04642
4asj,Q9HU22
4dy6,Q8Y8D7
4b73,P26663
3uug,P25548
3t0t,Q6GG09
4arw,Q9HU22
3u15,O15151
4ajo,P04642
4dew,P02766
3rul,P0CG48
4fcq,P07900
4daf,Q81VW8
4al4,P04642
4gy5,Q96T88
4i47,D9J2T9
3uib,Q4QHJ8
4b2d,P14618
4eki,Q8TEK3
4gui,P58687
3v3q,P22736
3s8x,P00918
3s9t,P00918
4dkq,Q0ED31
3uzc,P29274
4h75,Q9Y657
4db7,Q81VW8
2lcs,Q12163
3sax,P00918
2lkk,P07148
4a4v,P37231
4fut,Q6ND88
4dkr,Q0ED31
4ewn,Q9X0C6
4aqh,P05121
4gby,P0AGF4
3v3l,Q9NTX7
3u0t,
4dve,A2RMJ9
4b5s,B1IS70
3tay,P0C6Y8
4f3h,Q8P8F1
4glr,P10636
3ui2,O22265
3ask,Q96T88
3t6j,Q9NY33
4b0b,O33877
4b5t,B1IS70
4dko,Q0ED31
3t6b,Q9NY33
3v7d,P52286
3tpx,Q00987
4b5w,B1IS70
4eu0,Q9HZE7
4f20,Q6GDH2
4d8z,Q81VW8
4der,P02766
4erf,Q00987
4dj7,Q6VMK1
4ay5,O15294
4fcr,P07900
4euv,Q9HZE7
4etz,Q9HZE7
4aq4,P0AG80
3vhd,P07900
4gbz,P0AGF4
3sfg,Q80J95
4e8y,B4EB35
4h5e,P14324
4euc,B3EY95
4guj,P58687
4g0p,O04379
4e34,Q9HD26
4glw,C1CKI0
4ara,P21836
4gah,Q5T1C6
2y9q,P28482
4g69,Q12959
4dma,P03372
3uil,Q9GK12
4dst,P01116
3uza,P29274
2lnw,P52735
4fm8,P56817
4arb,P21836
4ai5,Q6G8R1
2liq,B3GA02
4dsu,P01116
3udh,P56817
3vhc,P07900
4des,P02766
2llq,P0DP33
2llo,P0DP33
2ll7,P0DP23
3que,Q16539
3v31,Q9H9E1
3ual,P62258
4b4q,Q47212
3asl,Q96T88
4ekg,Q8TEK3
4gao,Q6PH85
4abk,Q460N5
3r5n,P37231
4fxq,Q4MV79
3ut5,D0VWZ0
4dkp,Q0ED31
3qbc,A0A0H3JXR3
3zsq,P12497
3rum,P0AEX9
4dn0,A0A0H2ZD98
4aza,P06730
4es0,P61964
2y6s,
4agm,P04637
4f1q,Q460N5
3t0x,
3uxg,O14593
4av0,P08191
4e9c,P53350
4agn,P04637
4hbm,Q00987
4dai,Q81VW8
4g8m,P19491
4f14,O76041
2lo6,P53617
4dmw,P16154
3uyr,
3au6,Q5SJ64
3u6w,P9WQB3
4g68,J9PBT4
4g8l,Q05823
2yim,O06543
4ab8,P00760
3zt3,P12497
4dgb,P62940
3u3u,F8QQG5
3uoh,O14965
3sbi,P00918
3ttn,Q9I6J0
3zt2,P12497
4djs,P35222
4aj4,P04642
3r0y,Q000H7
3zt4,P12497
4eqf,Q8C437
4fl3,P43405
3qn7,P00749
2lsk,Q9UBZ9
4aba,P00760
4gkc,P50120
3uo6,O14965
4e6c,Q16539
4ahv,P12497
4ajl,P04642
4ago,P04637
4de7,P9WMW9
4fys,P15144
3unz,O14965
4ds1,Q02647
4fn5,Q9HWD2
2lzg,Q00987
4auy,P08191
3vjc,P37268
3v30,O14593
4glx,
3uvq,Q16539
2y1n,P22681
3ud7,P05230
4a4w,P37231
4fvq,O60674
3u0p,P15813
4det,P02766
4flp,Q58F21
4egk,P07900
4fvr,O60674
4dru,O92972
4htp,P49917
4eqj,P03369
2yhw,Q9Y223
4f9g,Q86WV6
3ubd,P18654
3r5t,Q9RCF6
3udv,P26281
4deu,P02766
2lgf,P0DP23
3v78,P95092
4gwi,Q2PHL4
3ud9,P05230
4aje,P04642
4agp,P04637
4aia,Q6G8R1
4e9d,P53350
4fl2,P43405
4avi,P08191
4agl,P04637
2yhy,Q9Y223
3umq,Q9GK12
2yme,Q8WSF8
4gq4,O00255
4dbm,Q8WSF8
3tk2,P30967
4ad3,D6D1V7
4g0a,Q03243
3u90,P02791
3tcy,P30967
4dcv,P50743
4abf,P00760
3ztc,Q15370
4abg,P00760
2lbv,Q9I9P7
4esg,P61964
4fnn,Q9GK12
4exz,P50120
3uo4,O14965
3sap,P00918
4aji,P04642
4a4c,P22681
3ued,O15392
3rqw,E0SJQ4
4b76,P26663
4eo6,P26663
3ttm,Q9I6J1
4g0q,O04379
3u51,P00523
4ah9,P12497
3run,P00720
4bd3,Q5T6S3
4f5y,Q86WV6
3tz4,Q00972
4emr,D9J2T9
2lyw,P30989
4abb,P00760
2lp8,Q07817
4dcx,P33590
4gzw,K7N5N3
4epy,P01116
3t2w,Q12QS6
4dcy,P33590
4e67,P53350
4avj,P08191
4f3i,O60885
4b4n,A9PKC6
4axd,Q93YN9
4fmu,Q9BYW2
4aft,Q8WSF8
4hcz,O43189
2yi5,P07900
4f7v,P26281
3tgs,C6G099
3tct,P02766
3uo5,O14965
2lty,Q96PU5
2ltx,Q9HCE7
4ef4,Q86WV6
4g0k,P42620
3so6,D3ZAR1
3tif,Q58206
2ltz,Q9HAU4
4ep2,P03369
3v2x,Q9H9E1
3ud8,P05230
3r7o,P08581
3r8i,P37231
3u3z,Q8NEM0
3rzi,O53512
3zyr,G1EUI6
2yi7,P07900
4abe,P00760
4g0y,O04379
3up2,O14965
3unn,Q14676
3re4,O28471
3v2o,Q9H9E1
4ede,P50120
4abd,P00760
3uvu,P39748
4aj2,P04642
3va4,Q5PSV9
4fi9,Q9UH99
3vha,P07900
3r5m,P19793
2yq6,Q07817
3rsr,P21524
4azf,Q92630
3uod,O14965
4ahu,P12497
3zrc,Q15370
4ab9,P00760
3tkw,P03366
3uvx,O60885
4gwk,P52209
2lsr,Q9Y6N9
3ug2,P00533
4a2a,Q9WZU0
4fk7,Q4MV79
3t0w,
4e81,P0A6Y8
4b1j,Q86W56
3upk,P33038
3zsx,P12497
4i3z,P24941
4fl1,P43405
3uoj,O14965
3tz2,Q00972
4fak,P0C1V0
4gq6,O00255
4aoc,A0A0H2Y045
4ewr,P61964
3tzd,Q13185
4efg,P50120
4ery,P61964
3v3b,Q00987
3sbh,P00918
4fm7,P56817
3upv,P15705
4avh,P08191
2ltw,P46937
4g0z,O04379
3zsy,P12497
4ahr,P12497
4a6s,Q05097
2lha,P21579
4g0l,P42620
2ynn,P41811
3uvw,O60885
3t4p,G1C2I2
4duh,P0AES6
4fqo,P02638
3uec,O15392
4ahs,P12497
4ad2,D6D1V7
2ltv,P46937
4av5,P08191
4gzx,K7N5N3
4g8n,P42264
2ymd,Q8WSF8
3rg2,P0ADI4
3tsk,P39900
4aci,Q8NQ97
4b0j,O33877
4b9w,Q99MV1
3u2q,P0CE47
2yi0,P07900
4ay6,O15294
4f1l,Q460N5
4eej,P50120
2y8o,Q16539
3zso,P12497
4erq,P61964
4ajk,P04642
4aj1,P04642
3th0,P12528
4aze,Q13627
3v4t,P33038
4dcs,P50743
4eo8,P26663
3udd,O95271
4abh,P00760
4f8j,Q6N8W4
2yfa,Q88E10
3tb6,P96711
4b0c,O33877
4aom,Q8I4W8
2loz,Q63HR2
4fem,G8JZT0
4fxp,Q43295
4emf,D9J2T9
3u3f,Q14289
4dxg,A0A0H3K6A3
3tz0,Q00972
3vje,A9JQL9
3uda,P05230
3usx,Q9GK12
4erz,P61964
4dow,Q9Z1N2
4fxz,O67854
3ztd,Q15370
4av4,P08191
4fe9,G8JZS6
4b8y,Q2FVW9
3uzd,P61981
4euo,A9CGA5
4fmq,P28482
4agq,P04637
4djr,Q90K99
4ap7,P08581
4aoi,P08581
3utu,P00734
3vd4,P00722
4amy,P23687
3vdc,P00722
3uw5,P98170
4gid,P56817
4a7i,P00742
4agc,P35968
4djp,Q90K99
4an0,P23687
3t5u,P00918
3uw4,P98170
4e7r,P00734
4djq,Q90K99
4ase,P35968
4dq2,E5R5T0
3vd7,P00722
4e3n,P00811
3t0b,P00722
3uz5,
4an1,P23687
4app,O96013
3sud,A8DG50
4amz,P23687
4az2,P00734
4bbh,A5K1A2
3t09,P00722
3vd9,P00722
3v7s,C8N5A9
4b7q,C7FH46
3tfv,A9JQL9
3s54,Q7SSI0
4acg,P49841
3s53,Q7SSI0
4ayw,Q9NRK6
2yfe,P37231
3s56,Q7SSI0
4afh,I6L8L2
3t2q,P00722
3tfn,A9JQL9
4ax9,P00734
4ayt,Q9NRK6
4e3m,P00811
3t2p,P00722
4b7r,C7FH46
4fk6,P23458
3t64,Q8II92
4ayx,Q9NRK6
3t60,Q8II92
4gfd,P65248
3tfp,A9JQL9
4fea,P55210
4fns,Q9ALJ4
4djh,P00720
3s9y,Q8IJH3
3pwk,A5MTN0
4a4q,Q8Q3H0
3vf5,P03367
4ea2,A9JQL9
2y8c,Q8II92
4asd,P35968
4djw,P56817
4dv8,P15917
3vh9,Q01693
4ewh,Q07912
4ea1,A9JQL9
4b9k,Q15370
4ayv,P00734
4fkk,P15145
3vf7,P03367
3su3,A8DG50
4e3k,P00811
3sue,A8DG50
3vfb,P03367
3t70,Q8II92
3vfa,P0C6F2
3t08,P00722
4e4n,P23458
4djv,P56817
4ag8,P35968
3v5p,Q9BJF5
4e3b,O14907
4e3j,P00811
3u6h,P08581
4gqq,P04746
4e6d,O60674
4de1,Q9L5C8
3zv7,P04058
3zvt,P39045
3u9c,P68400
4do5,P17050
4de0,Q9L5C8
3qqs,P9WFX5
4e3i,P00811
3sx9,Q9BJF5
3t3e,P00489
4e9u,A9JQL9
4e28,P04818
2yiv,Q9F8A8
4ge9,Q8N5Z0
4g8v,P61823
4dld,P22756
3v7c,C8N5A9
4b7n,F8UU09
3qdd,P07900
4e4l,P23458
4frs,P56817
3ts4,P39900
4ei4,P23458
4b6o,P9WPX7
3shc,P00734
3t3h,P00489
4fbe,Q86PD7
4e3g,P00918
3tne,P32951
4aa2,Q10714
4a95,A5K1A2
4a6l,P20231
4b7j,F8UU09
3ump,P06999
3uxk,P11444
3u7n,Q5HGZ3
4ehz,P23458
4gqr,P04746
3twp,P9WFX5
3veh,P9WFX1
4hge,O60674
4fai,Q86PD7
3uuo,Q9Y233
4a50,P52732
3zvw,P39045
3sv8,A8DG50
4b5d,I6L8L2
4a6c,P35963
4gk7,P23639
3rv8,P9WFX1
3umo,P06999
3si4,P00734
4gzp,K7N5N3
3t3d,P00489
4g0c,P00918
3spf,Q07817
3sut,D2KW09
3rv7,P9WFX1
4eu3,B3EY95
3r88,P9WFX5
4b6r,Q48255
3rv9,P9WFX1
4gzt,K7N5N3
3t03,P37231
3tzm,P36897
4e5j,Q5EP34
4a51,P52732
3tvc,P45452
3r6c,P9WFX5
3su0,A8DG50
4f39,P19492
4dkt,Q9UM07
3uri,P11838
3qs8,P9WFX5
3t3i,P00489
3u6i,P08581
4flh,P48736
4h3f,P56817
4hf4,Q9Y233
4ddy,Q9L5C8
4f1s,P48736
3s43,Q7SSE3
4efs,P39900
3sha,P00734
3v7x,P00918
3t3u,Q9BJF5
3sxf,Q9BJF5
4h4b,P49902
3v51,Q9BJF5
3uzj,
3su1,A8DG50
3uxl,P11444
3u78,Q6ZMT4
3uwl,Q834R3
4f09,O60674
4fsl,P56817
3suw,D2KW09
4acc,P49841
4gkh,B0VD92
3st6,P9WFX1
4acm,P24941
4fcf,P0AD64
4e5w,P23458
4ach,P49841
3qtv,P00734
4e35,Q9HD26
3rv6,P9WFX1
4dfb,O68183
3rj7,P00918
4b05,P56817
4bc5,O75191
4f08,O60674
4g8y,P61823
3suf,A8DG50
3vhk,P35968
3sym,P00489
4fs4,P56817
3rbm,A5K4U6
3su5,A8DG50
3rr4,P28720
3suv,D2KW09
4dfu,O68183
3t6y,Q8II92
2lsp,Q04206
3vdb,P00722
4b6q,P9WPX7
4e3l,P00811
4de3,Q9L5C8
3s45,Q9W9R3
3u7s,P03367
3t3g,P00489
4g3g,Q9WUL6
4g90,P61823
4dju,P56817
4agd,P35968
4fev,B0VD92
4eky,P00489
4e3o,P00811
4eke,P00489
4dhl,P80366
3sv6,A8DG50
3u92,P42264
4abj,P00760
4ge6,P43378
3u7m,Q5HGZ3
4gki,B0VD92
4e0w,P42264
4dff,Q9Y233
4ej2,P00489
3u81,P22734
4el0,P00489
4dsy,P80366
4i8n,P18031
4exs,C7C422
3qw5,P0DPI1
3s5y,P06280
3suu,D2KW09
4h1e,P56817
4en4,O00764
3t3v,Q9BJF5
4ek9,Q8TEK3
4h3i,P56817
4g3e,Q9WUL6
3uxd,
4du8,Q9FD73
3tcp,Q12866
3t0d,P00722
4el5,P00489
4dpy,Q9FD73
4aph,P12821
4e6q,O60674
4g3f,Q9WUL6
3tll,P28720
4a6b,P35963
4dt2,P80366
3su2,A8DG50
4acd,P49841
4fse,P56817
3zzf,Q01217
4eo4,P07236
3s6t,Q06GJ0
3tt4,P22894
4djy,P56817
3u93,P42264
4dpt,Q9FD73
4fjz,P48736
4dk5,P48736
4dpu,Q9FD73
4do4,P17050
4eoh,O00764
3qwc,P00734
4e5i,Q5EP34
3u7l,Q5HGZ3
4alx,P58154
3su4,P26664
4ha5,P56817
4djx,P56817
4abi,P00760
3uu1,P9WFX5
4afg,I6L8L2
4few,B0VD92
3s1g,P28720
4ayy,P00734
4gg7,P08581
3ryw,A5K4U6
3v7t,P20231
3sug,A8DG50
3qx5,P00734
3si3,P00734
3v5t,Q9BJF5
3uf9,Q97VT7
4ge4,Q8N5Z0
3sv2,P00734
4e49,P00918
3upx,Q9BJF5
4ge7,Q8N5Z0
3syr,P00489
4h3g,P56817
3axk,P0C512
3sur,D2KW09
3sus,D2KW09
3qto,P00734
3v5g,P00918
3v4x,Q9FD71
3sm0,P28720
4de2,Q9L5C8
4b6p,P9WPX7
4aa1,Q10714
4exh,Q9E7M1
3tvx,P27815
3axm,P0C512
4e0x,P22756
3v2w,P00720
3u7k,Q5HGZ3
3vw7,P00720
4dds,Q9L5C8
3sv7,A8DG50
3vbd,P00918
4h3j,P56817
4e3h,P00918
4b9z,B3PEE6
4f9v,Q9VRQ9
4f9u,Q9VRQ9
3su6,A8DG50
4gjd,P00797
4jsr,Q9NTG7
4jt9,Q9NTG7
4c4g,P33981
4i7c,Q8IUQ4
4b6s,Q48255
4jr5,P43490
4i1c,P56817
4bky,Q14680
4mq1,Q13627
4i9i,O95271
4hvs,P10721
4bzo,P11309
4mz4,O92972
4jik,O14757
4gmc,O92972
4bty,Q16853
4jje,P42574
4ijp,Q13523
4c4f,P33981
4c4i,P33981
4bkz,Q14680
4hhz,P09874
4c4e,P33981
4bnx,O54438
4cby,P56524
4g17,Q9Y6M4
4bnu,O54438
4l02,Q9NYA1
4jt8,Q9NTG7
4bnv,O54438
4bqw,Q9GZT9
4hyf,Q9H2K2
4k69,P23946
4hys,P45983
4bo2,O54438
4idv,Q99558
4bo1,O54438
4i6q,P52333
4ivs,P56817
4cbt,P56524
4lyn,P24941
4nb6,P51449
4ju3,O92972
4btw,Q16853
4lxm,P56817
3zov,P56817
3w55,P28482
4jve,Q00987
4j3e,P56273
4bfy,P9WPA7
4bo7,O54438
4bo5,O54438
4gjc,P00797
4li6,O95271
4hw7,P07333
4mq2,Q13627
4jg7,P51812
4bo4,O54438
4bo8,O54438
4g16,Q9Y6M4
4n3r,O95271
4j0a,O92972
4j0t,P56817
3zm5,Q8DNV6
4jzf,P08709
4gj7,P00797
4bo6,O54438
4h4d,P62623
4i10,P56817
4l7f,P45983
4msg,O95271
4mt9,O95271
4gs8,P14735
4h58,P15056
4bo0,O54438
4idt,Q99558
4j51,Q9Y2R2
4h4e,P62623
4i7d,Q8IUQ4
4lh5,P12497
4j08,O92972
4bie,Q99683
4bnz,O54438
4bib,Q99683
4k4f,O95271
3w54,Q26710
4byj,O14965
4krs,O95271
4bti,P00742
3zm6,Q8DNV6
4brx,Q00944
4jg6,P51812
4d8s,Q07599
4ju4,O92972
4i5p,Q9NYY3
4j0r,O60885
4j0s,O60885
4jjs,O92972
4bo9,O54438
4ez5,Q00534
4i12,P56817
4mwv,A0A024E3Q2
4bo3,O54438
4m5o,F0TRT1
4bqx,Q9GZT9
4ff8,P55144
4i0f,P56817
4mk5,M9V5A4
4j0y,P56817
4i0z,P56817
3vva,Q26710
4mwr,A0A024E3Q2
4i31,P26662
4lkm,P53350
3vs3,P08631
4jj7,Q14790
4jda,Q9SSM7
4inu,P23639
4jju,O92972
4kio,Q08881
4l6q,O75116
4bw3,O60885
4bfz,P9WPA7
4iqu,P09838
4c35,P00517
4cfw,P24941
4mcc,P43912
3wd2,P11797
3wix,Q07820
4kil,F0TRT1
4hzx,A9YN63
3vtb,P13053
4btu,P00742
3wiy,Q07820
4i4e,Q05397
4i0d,P56817
4ikr,P53582
4b72,P56817
4ir5,Q9UIF8
4bw4,O60885
4gw6,P12497
4jwr,Q00987
4ikt,P53582
4li5,P00533
3zc6,P52333
4mk2,M9V5A4
4dwk,P14735
4ju7,O92972
3zeb,P09391
4ju6,O92972
4jj8,P55210
4hzt,P56817
4b6c,P0C559
4i4f,Q05397
4gvm,P12497
4iqt,P09838
4mwq,A0A024E3Q2
4j1h,P56817
4ir6,Q9UIF8
4hxm,O60885
4lkl,P53350
4ii9,Q9EY50
3zlq,Q9Y5Z0
3vuc,P00797
4inb,A9PKC6
4ivt,P56817
4li7,O95271
4bsq,O70370
4jv7,Q00987
3zmi,P09391
4k3l,P0A988
3zm4,Q02750
3zot,P09391
4bdt,P22303
4azp,Q05816
4kp6,Q07343
4i6b,Q9NYY3
4mti,Q13490
3zki,Q9Y5Z0
4bqy,Q9GZT9
4bw1,O60885
4mxa,F0V9W9
4gja,P00797
4l3p,O43318
3zlk,Q9HU22
4mcv,P00523
4hy5,Q13490
4btt,P00742
4bzn,P11309
4hzw,A9YN63
4mu7,Q13490
4hvd,P52333
4feq,P55144
3vo3,P35968
4j6i,P48736
4gsc,P14735
4mcb,P43912
4ght,A9XG43
4int,P23639
3zlo,Q07817
4mzj,Q8I4W8
4gk2,P29320
4ibm,P06213
4jv9,Q00987
4jht,P05050
4m5r,F0TRT1
4iku,P53582
4hhy,P09874
4g2w,O76074
4mb9,G6TGY9
4iz0,O92972
3zmj,P09391
4b78,P56817
4i7f,P04585
4l34,Q9H2K2
4dr9,A0A0H3JZJ4
4bdc,O96017
3w5e,Q07343
4lc7,P56817
4dho,P31947
4m4q,F0TRT1
4g2j,O76083
4kfp,P43490
4j04,O92972
4kb8,P48730
4m5u,F0TRT1
3wfg,P08235
4kc1,P16442
4jbs,Q6P179
4j4o,A5K8X6
4kqr,G3XD46
4dhn,P31947
4fz6,P43405
4dvf,P56817
4men,O60885
4jx7,P11309
4lqy,Q9Y6X5
3ukr,P61157
3vtd,P13053
4kmu,P0A7Z4
4kqq,G3XD46
4j1f,P56817
4b81,P21836
4bnt,O54438
3vtc,P13053
3wax,Q9R1E6
4j4n,Q8I4V8
4l32,Q9H2K2
4j1k,P56817
4gye,Q9QM22
4kbc,P48730
4dzw,Q95WL3
4bjc,Q9H2K2
4l0s,Q9H2K2
3zo4,P00517
4i0r,P43405
4jzr,Q9GZT9
4bde,O96017
4bfp,Q9H2K2
4gk4,P29320
3zlx,Q02750
4b0g,O14965
4bgg,Q04771
4ie5,Q9C0B1
2ly0,Q6XT21
4l31,Q9H2K2
4dhs,P31947
4dht,P31947
4dhm,P31947
4hvg,P52333
4mk1,M9V5A4
4c38,P00517
4kqo,G3XD46
4ke0,P56817
4g1f,P27487
4m3q,Q12866
3wav,Q9R1E6
4dwb,Q95WL3
4dv9,P56817
4alu,P11309
4kjv,P98170
4c37,P00517
4ipf,P56273
4hvh,P52333
4bb4,P54760
4mx0,A0A067Y7N7
3zlw,Q02750
3w2r,P00533
4jhq,P02701
4c36,P00517
4j1e,P56817
4im0,Q9UHD2
4hyh,O14757
4jrg,P56273
4mk8,P26663
4iwd,P08581
4ktc,P26662
3wc5,P09955
4jlg,Q8WTS6
3zo1,P00517
4jql,P07900
4lgu,Q13490
4awi,P45983
4l8m,Q16539
4mka,P26663
4ke1,P56817
4ezl,P48736
4hxl,O60885
4lnf,P12425
4mzl,Q8I4W8
4mx9,F0V9W9
4inr,P23639
4btl,P21836
4nie,P51449
4bda,O96017
4mbl,P11309
4hy4,Q13490
4ie6,Q9C0B1
4hy0,P98170
4dtt,P14735
4l2g,Q9H2K2
4j3m,Q9H2K2
4fic,P00523
4mww,A0A067Y7N7
3wd1,P11797
4jr3,P00533
4hww,P05089
4bdi,O96017
3zep,P52333
4b84,P21836
4bjx,O60885
3way,Q9R1E6
4eyr,Q000H7
4bjb,Q9H2K2
3zmg,P56817
4ixv,P78540
4l0v,Q9H2K2
4fxj,P14618
3wbl,P24941
4nrc,Q9UIF8
4kiq,Q16539
4ixu,P78540
4jp9,P56817
4jbo,O14965
4meo,O60885
4k4e,O95271
4la7,O80992
4i0t,P43405
4meq,O60885
4i11,P56817
4kn7,P0A7Z4
4l0i,Q9H2K2
4j0v,P56817
4dhr,P31947
4alw,P11309
4lww,P43490
3w2t,P27487
4j53,P53350
4lgh,P00523
4n4v,O95271
4lxa,P56817
4joa,Q9UM73
4ie4,Q9C0B1
4i7b,Q8IUQ4
4ehe,P15056
4mwu,A0A024E3Q2
4l53,O43318
4jrv,P00533
4jmu,P12497
4bcb,P23687
3w1f,P33981
4lge,Q13490
4bdk,O96017
4hbp,P97612
3w5t,P13053
4gvu,P00772
3zly,Q02750
4ith,Q13546
4ezj,P48736
4g2l,O76083
4kb7,P26663
4dhq,P31947
4kbi,P26663
3zlv,P21836
4joo,P56817
4bcd,P23687
4l2k,Q9H2K2
3wab,P09955
3zbf,P08922
3w33,P00533
4lh7,Q837V6
4bdd,O96017
4k8s,P56817
4dhp,P31947
4i0s,P43405
4nrb,Q9UIF8
4dxj,Q95WL3
4itj,Q13546
4kw6,J7HJM3
3zls,Q02750
4bae,P0C559
4izy,P45983
4c4j,P33981
4gv1,P31749
4j52,P53350
4jnm,P43490
4lgg,P00523
4jq7,P00533
4l6s,P09874
4hyi,O14757
4hxs,O60885
4jnc,P34913
4hxr,O60885
4hlw,P10275
4kz0,P48736
4lts,P43490
4jlh,P12497
4mvh,Q9Y233
3wiz,Q07817
4k3k,P0A988
4ie2,P78540
4gzf,Q9QM22
4eev,P08581
3wi6,P49137
4j06,O92972
4mcd,P43912
4htx,O00408
4mzk,Q8I4W8
4kin,Q16539
4b80,P21836
4j1i,P56817
3v3m,P0C6U8
4i33,P26662
4mep,O60885
4mbc,G6TGY9
4jbp,O14965
4mk7,P26663
4iti,Q13546
4bek,P56817
4b82,P21836
4idz,Q9C0B1
4ln7,F0TRT1
4bj9,Q9H2K2
4k2y,P23946
4jpe,P56817
4jib,O00408
4e1e,Q95WL3
4j1c,P56817
4fyo,P43405
4m84,Q9BJF5
4b7z,P21836
4kc2,P16442
4n4t,Q6PFX9
4bgh,P24941
4jai,O14965
3zmh,P09391
4lxk,P56817
4jaj,O14965
4bic,Q99683
4j3d,P47205
4l52,O43318
4ksq,P15056
4fgy,P37231
4mot,Q8DQB5
3wc7,P09955
4j0p,P56817
4j70,P23639
4hze,P78540
4j17,P56817
4kai,P26663
4bhz,P33981
4l0l,Q51504
4m6p,P43490
4gk3,P29320
4bi0,P33981
4kc4,P16442
4k60,P23946
4dwg,Q95WL3
4au8,Q00535
4i32,P26662
3waw,Q9R1E6
4l2f,Q9H2K2
4kn4,P0A7Z4
2yoj,O92972
4i6f,Q9NYY3
3w69,Q00987
4i6h,Q9NYY3
4dhu,P31947
4kba,P48730
4ixh,Q8T6T2
4jzd,P08709
4hyu,P45983
4m6q,P43490
4bhn,Q99683
4ifh,P14735
4jvi,A0A0H2Z7A6
4bw2,O60885
3zim,P42336
4kbk,P48730
4mds,P0C6U8
4fxf,P14618
4ezk,P48736
4hxq,P05089
3w2s,P00533
4b70,P56817
4is6,P01903
4msk,O95271
4mbj,P15056
4ark,Q02750
4l0t,Q9H2K2
4anq,Q9UM73
4l0b,Q9H2K2
3wff,P08235
4i06,P78540
4ehg,P15056
4bi1,P33981
4c4h,P33981
4bs5,O70370
4kju,P98170
4klb,P25779
4bs4,Q9H2K2
4iks,P53582
4hvi,P52333
4li8,O95271
4bdj,O96017
4aua,Q00534
4gj6,P00797
4b77,P56817
4bid,Q99683
3vry,P08631
4l10,Q9H2K2
3w2q,P00533
4jsc,P56273
3uli,P24941
4bdg,O96017
4fgx,P56817
3w32,P00533
4kzl,Q9H2K2
4mgv,A5K8X6
4bio,Q9NWT6
4bdh,O96017
4lh6,Q837V6
4do3,P97612
4mwx,A0A067Y7N7
4k9h,P56817
4j0z,P56817
3rtp,P53779
4c66,O60885
4l33,Q9H2K2
4jze,P08709
4b83,P21836
4kip,Q16539
4kzc,P48736
3wd9,Q07343
4i5m,Q9NYY3
4hzz,A9YN63
4mbi,P11309
4jkt,D3Z7P3
3zo2,P00517
4ie0,Q9C0B1
4bdf,O96017
3w2p,P00533
3w2o,P00533
4alv,P11309
4b85,P21836
4e90,O76083
4bdb,O96017
4eqc,Q13153
4l09,Q9H2K2
4muw,Q9Y233
3vzv,Q00987
4mwy,A0A067Y7N7
4hg7,Q00987
4jpc,P56817
3wi2,Q9Y233
4ie3,P78540
4bfd,P56817
4jq8,P00533
4bcc,P23687
4mk9,P26663
4byi,O14965
4bi2,P33981
4l7g,P56817
2yns,Q71VM4
4avt,P02743
4ie7,Q9C0B1
4lop,P47811
4fil,A0A0H3JWU6
4f7l,P49336
4loq,P47811
4gpk,G5DDY8
4ggz,Q89U61
4kln,P55072
4bg6,P63104
3zi0,P9WNS1
4ly1,Q92769
4i9h,P13491
4cfe,P54646
4f6w,P49336
4fr3,P31947
4ko8,P55072
4f7n,P49336
4hy9,P0A6Y8
4kom,V5IRU4
4i54,Q0ED31
4jyb,C5AP93
4k9y,Q05397
3zhz,P9WNS1
4g4p,Q837S0
4hpy,Q6N089
3zke,P63167
4bcq,P24941
4b8p,Q71VM4
3wdz,Q9Z2X8
4lkg,V5IRV0
4loi,Q86WV6
4loh,Q86WV6
4lwc,P27694
2rt5,Q96T58
4lkj,V5IRV5
4lhv,P61006
4lg6,Q9H9E1
4jyc,C5AP93
4lxz,Q92769
4lrh,P15328
3zhx,P9WNS1
4gqp,
4iuo,P58687
4iax,P80188
4btk,Q5TCY1
4jgv,P22736
4iaw,P80188
2m3z,P12497
4io2,E9P5T5
4iue,Q9H2K2
4li0,P61006
4nj3,P24941
4kon,V5IRU4
3zh8,P41743
4gv8,Q8SDV3
4n07,P19491
4jfk,Q13451
4hyb,P0A6Y8
3zll,Q9HU22
3w07,O26232
4cff,P54646
4b33,O74036
3v2p,Q9R0G6
4b7p,P07900
4i67,Q72GF3
4loj,Q3TBT3
4b32,O74036
4jbl,O15570
3zk6,Q07817
3v2q,Q9R0G6
3w9k,Q973T5
4ezo,P0A6Y8
4f0c,I7B368
3zlr,Q07817
3ux0,P31947
4kii,P02754
4hwb,P78552
4e1k,P43889
4n6h,P0ABE7
4ddh,P9WIL5
4b2l,O74036
4k6i,P19793
3zcw,P52732
4fht,Q9XAM6
4bqg,P07900
4mjo,P09467
4f6u,P49336
4nmx,Q8NBP7
4b34,O74036
4hp0,P00698
4jff,P04439
4m7c,Q15554
4hod,O67854
4mz5,P33316
4hmk,O67854
4k4j,P19793
4irx,A0A0H3C834
4kao,Q05397
4de5,P9WIL5
4fzj,P9WIL5
4fmn,P38920
4jnj,
3v2n,Q9R0G6
4hbn,Q9Y3Q4
4km0,P9WNX1
4io3,E9P5T5
4l50,P76141
4kqp,Q9CES5
4az5,P49610
4g5f,P9WIL5
4b2i,O74036
4c4n,Q62226
4ch2,P00734
4dlj,Q16539
4nkt,O13833
3zkf,P63167
4lkk,V5IRV5
4kne,P9WNX1
4ef6,P9WIL5
4bgy,Q6DQ34
4b35,O74036
4jne,P0A6Y8
3zos,Q08345
4ezw,P0A6Y8
4jn4,P0A6Y8
4hva,P55212
4jv8,O43924
4km2,P9WNX1
4ksp,P15056
4azc,P49610
4k3p,P0A988
4ezx,P0A6Y8
2ynr,P52293
4l4v,Q95460
4bkj,Q08345
4g5y,P9WIL5
4iut,Q9XI47
4f70,P49336
4lps,O25560
4i60,P02701
4i9o,P45481
4br3,P35790
4bxu,O75381
4iuv,Q9XI47
4jfl,Q13451
4i7l,P00720
4knm,Q8N1Q1
4ceb,P12497
4att,P08191
4bup,Q3U8K7
4ido,Q8WXF7
4lbp,Q45075
4knj,P00918
4i9r,P29373
4ht0,P00918
4bi6,P36186
2m0v,O14745
4mr4,O60885
4fcm,Q13283
4j2t,P04191
4c0r,Q93DA5
4mr3,O60885
4apo,O00170
4igt,P19491
3zhf,O75843
4c73,I6Y8T4
4bcs,P56734
3wde,P9WPC9
4k3q,P0A988
4bh3,Q5EP31
4i2w,G5EG62
3wdc,P9WPC9
4hs8,Q9YK84
4ipj,Q57265
4ijl,P27694
4hpi,P00698
3w5n,Q82PP4
3vvy,A0A0F6AY66
4i9u,P13491
4luv,P27694
4i2z,G5EG62
4kn1,P14207
4bt9,P13674
4cgj,P12497
4j7e,P56273
4ikn,P53676
4io6,E9P5T5
4aq6,Q88E47
4k3h,
4bks,Q15370
4aif,O00170
4ieh,P10415
3vx3,Q5JIH4
4j8b,Q96WV5
4as9,P02829
4c1m,P05164
3zp9,P00918
4kox,Q9HV14
4ad6,A0A0H3JKY1
4bqt,Q8WSF8
4knn,Q8N1Q1
4kni,P00918
4j3l,Q9H2K2
4i9s,P29373
3vw2,A0A0F6AY66
4j8t,Q9HYR3
4j86,P41811
4jg0,
4klv,Q9HV14
4bgx,Q6DQ34
4au7,Q6Q783
4kax,P62330
4kov,Q9HV14
4ayu,P02743
4fz3,Q9NTG7
4kby,Q3TBT3
4j22,Q9H2K2
4mm5,O67854
4f9y,Q16539
4ih6,P26663
4ljh,Q05097
4gvc,Q13009
4hfz,Q00987
4k0o,Q47200
4auj,P08191
4l4z,P76141
4b3d,O74036
4bb9,Q14397
3zi8,D8NA05
4b3c,O74036
3vzg,O60844
4iuu,Q9XI47
4ezy,P0A6Y8
4i8x,P13491
4jin,O28471
4lno,P12425
4jx9,D0C9L6
4bqh,Q386Q8
4gs9,Q99814
4iur,Q9XI47
4dzy,Q00972
4dli,Q16539
4kmz,P14207
4fmo,P38920
4hj2,P08263
4j84,P41811
4lar,
4jiz,Q9H8S9
4j8r,
4nxu,Q9NQG6
4j7d,P56273
4j93,Q79791
4del,P9WQA3
4luz,P27694
3vw1,A0A0F6AY66
4nku,O13833
4io7,E9P5T5
3vw0,A0A0F6AY66
4jv6,O43924
4j78,P41811
4ba3,P52293
2ypo,O53512
4l58,Q8IZD2
4izm,O59010
4io8,P0DMV8
3vws,Q6YMS4
4aw8,A0A315GY36
4i1r,Q9UDY8
4jg1,
4bkt,Q15370
4hso,Q9K169
4g8o,P05121
4c6u,I6Y8T4
4m1d,A2NUT2
4io4,E9P5T5
4c6v,I6Y8T4
4b3b,O74036
4mr5,P25440
3vvz,A0A0F6AY66
4jal,P0AGJ7
4mr6,P25440
3wb5,P56817
4bi7,P36186
4g8r,P05121
4j73,P41811
4j74,P56273
4k3r,P0A988
4jjm,D0ELH5
4mmf,O67854
4igk,P38398
4k3m,P0A988
4gng,Q9BZ95
4k55,O00481
4hnn,D7U7T8
4efk,P9WIL5
4i9c,P71002
4f6s,P49336
4ht2,O43570
4gvd,Q13009
4hu1,Q8N1Q1
4ifi,P38398
3zln,Q07817
4jfm,Q13451
4j77,
3zdv,Q9HYN5
4n7j,P55212
4gne,Q9BZ95
4n7m,P55212
4ddm,P9WIL5
4ksy,Q86WV6
4kot,Q9HV14
4b60,P14738
4gw5,
4fgt,P04818
4kmd,Q9UMX1
4igq,Q53WJ1
4nk9,P11362
4g93,P03147
4hs6,Q9YK84
4i7p,P00720
4j81,P41811
4eoy,Q8IJK2
4jfe,P04439
4nka,P11362
4nxv,Q9NQG6
4azi,P49610
4avs,P02743
4l6t,Q8GAV4
3wb4,P56817
4bh4,Q5EP31
2lyb,P12497
4jfx,
4kp8,O43570
4jfd,P04439
4ge1,Q86PT9
4mme,O67854
2m0u,O14745
4k3o,P0A988
4jpy,P30967
4mnq,P04439
3zm9,P35790
4k67,A8HWY8
2ypp,O53512
4ej8,P12499
4jvb,O43924
2m0o,O43189
4b8o,Q71VM4
4jck,P17931
4kod,P55072
4j21,Q9H2K2
4lkf,Q05097
4k19,P80188
4kcx,Q58F21
4lkd,Q05097
4b9h,B3VBK9
4jwk,D0C9L6
4lke,Q05097
4ipi,Q57265
4btm,Q5TCY1
4kn0,P14207
4gw1,
4mm4,O67854
4ipn,A0A0H2UP35
4gu9,Q05397
4cc2,Q6XZF7
4hfp,P00734
4cc7,Q6XZF7
4j82,P41811
4nbn,P55212
4gnf,Q9BZ95
4kow,Q9HV14
4bea,P06730
4bj8,E7F650
4i7j,P00720
4ddk,P9WIL5
4ijh,P27694
4gxl,O00214
4gu6,Q05397
4e70,A6XNE6
4ayq,B0SWV2
2lsv,P25638
4l1u,Q92541
4idn,Q8WXF7
4dx9,O14713
4j2c,O43752
4f7j,P49336
4kfq,P35439
4hmq,A0A0H2UPT5
4gue,P18654
4ih7,P26663
4k66,A8HWY8
4kn2,P14207
4lp6,P00918
4jc1,P17931
4k0u,Q01567
4ib5,P68400
4azb,P49610
4luo,P27694
4ezr,P0A6Y8
4hiq,P02766
4jr0,P42574
4ezz,P0A6Y8
4k5y,P00720
3vfq,Q460N5
4k63,A8HWY8
4gny,P02754
4n5d,P55212
4jmx,O53638
4lk6,Q05097
4ezq,P0A6Y8
4ht6,Q02647
4nra,Q9UIF8
4igr,P42264
4jpx,P30967
4j8g,Q96WV5
4h85,Q00972
4ezt,P0A6Y8
4jkw,O00481
4b6u,Q9DBB5
4h81,Q00972
4c1t,C6A6Z1
4ejl,P12499
2lya,P12497
4lw1,P27694
4cdr,O15294
4nks,P11362
4cc3,Q6XZF7
2mc1,P15498
4jfz,
4i7m,P00720
4cgi,P12497
4ayp,B0SWV2
3wdd,P9WPC9
4azg,P49610
2lto,Q9H7E2
4ih5,P26663
4kzq,Q9H2K2
4his,P02766
4ly9,Q14397
4c1u,C6A6Z1
4loo,P47811
4ghi,Q99814
4kp5,O43570
4h3q,P28482
4c94,D0E0C7
4lk7,Q05097
4jym,Q9SZU7
4h7q,Q00972
4mz6,P33316
4iho,P01899
4io5,E9P5T5
4np9,P47709
4btb,P13674
2m41,Q96RK0
3vfj,P0AEX9
4kab,Q05397
4i7k,P00720
2m3m,Q12959
4ayr,B0SWV2
4k1b,P11309
4gbd,Q9HZ64
4gih,P29597
4k8a,Q05397
4l51,P76141
3zjc,Q8NHV1
4fp1,P11444
4kb9,Q7SSI0
4gd6,P0AD64
4hw2,Q07820
3w0l,Q91753
4fxy,P42676
4jk5,P00749
3ueo,Q92547
4gmy,O60674
4ijq,P00492
4lmn,Q02750
4gs6,O43318
4hvb,P48736
4imz,Q83883
4bny,O54438
4jk6,P00749
4bcm,P24941
4hra,Q8TEK3
4bco,P24941
3zcz,P39045
4hgc,P00760
2yol,P06935
4ivc,P23458
4m1j,Q9I194
4isu,P19491
4ew3,P22102
4gql,P39900
4gr0,P39900
4btx,Q16853
4gfo,P29597
4ew2,P22102
4hw3,Q07820
4gfm,O60674
4da5,P35790
4ks2,Q0A480
4hev,P0DPI1
4ivd,P23458
4bt4,P23616
4ca5,P12821
4mss,B4EA43
4m0e,P22303
4jfv,Q8A3I4
3v0p,P16442
4hnc,P11444
4inh,Q83883
4jia,O60674
4jfw,Q8A3I4
4mdn,Q00987
4bt3,P23616
4az6,P49610
4eos,P24941
4eon,P24941
4hws,P0A8M3
4eol,P24941
4eop,P24941
4eoi,P24941
4mf1,Q08881
3zmm,O60674
4i72,Q57ZL6
4baq,P00734
4bps,Q9KID9
4jh0,P27487
4bak,P00734
4hz5,H7C794
4bam,P00734
4heg,P03367
4k18,P11309
4mdq,Q00987
4kyh,Q9CPU0
4gpl,
4hxz,A0A0J9WZF0
4iu0,Q6TUJ5
4i5c,P23458
4imq,Q83883
4j45,P98170
4m0f,P22303
4bt5,P23616
4gj3,P29597
4gii,P29597
4ish,P08709
3zcl,P08581
4in9,D0EM77
4ivb,P23458
3zn0,O60341
4k5o,O96935
4jjf,P32440
4ks1,Q07599
4jyu,P08709
4j44,P98170
4mo8,P00918
4k3n,Q8IL11
4bxk,P12821
4bcj,P50750
4f9w,Q16539
4k5l,O96935
4j5p,P97612
2yoh,Q8I4S1
4jsa,P00918
4j47,P98170
4bcn,P24941
4ks5,Q0A480
4k5n,O96935
4ele,Q81R22
4mjp,P0A988
4ivk,K4HQE7
4gr3,P39900
3wjw,O26232
4axm,P07711
4iic,P48825
4gr8,P39900
4m48,Q7K4Y6
4c6x,I6Y8T4
4jfi,Q13451
4k0y,P11309
4hwp,P0A8M3
4n6z,P11309
4hwr,P0A8M3
4ca6,P12821
4jyv,P08709
4i71,Q57ZL6
4kyk,Q9CPU0
3zmz,O60341
4i73,Q57ZL6
4k5m,O96935
4mjq,P0A988
4kp0,P23946
4j28,Q8A3I4
4j48,P98170
4i74,Q57ZL6
4gj2,P29597
4bah,P00734
4hwo,P0A8M3
3vtr,Q06GJ0
4kww,Q15274
4jfj,Q13451
4ban,P00734
4mm6,O67854
3zpr,P07700
4iid,P48825
4n99,P0A988
4bch,P50750
4ca8,Q10714
4bds,P06276
4hzm,Q8ZQ06
4mm7,O67854
4k77,P23458
4mm9,O67854
4i80,O00255
4amw,Q9STC1
4n98,P0A988
4j03,P34913
2yof,Q8I4S1
4hy1,A0A0J9WZF0
3zmt,O60341
4k6z,P23458
3v0l,P16442
4bs0,P23360
4hxw,Q839Z1
4jjg,P32440
4mjr,P0A988
3zpt,P03366
4he9,P03367
3zn1,O60341
4m2r,P00918
4hdf,P03367
4hdp,P03367
4jft,Q8A3I4
4lh3,Q8CHT0
4c70,I6Y8T4
4lpf,I6XBW5
4kzu,Q9H2K2
4bvb,Q9NTG7
2yog,Q8I4S1
4k5p,O96935
4ccd,P54818
4c6z,I6Y8T4
3znr,Q8WUI4
4h42,P00749
4m2v,P00918
4c71,I6Y8T4
4j26,Q92731
3zns,Q8WUI4
4bao,P00734
4giu,P9WFX5
4ca7,Q10714
3zdh,P58154
4iie,P48825
4ks3,Q0A480
3zmu,O60341
4bbg,P52732
4ij1,P9WFX5
3zpu,P03366
4elb,Q81R22
4bck,P24941
3zps,P03366
4mfe,Q2K340
4jfs,Q8A3I4
4j46,P98170
4jss,P00918
4jsz,P00918
4iwz,P00918
4m2w,P00918
4eor,P24941
3zmv,O60341
4lh2,Q8CHT0
4bcp,P24941
4iq6,P49841
3w37,L0N7E5
4gfn,Q839Z1
4lko,P27487
4gkm,P9WFX5
4elg,Q81R22
4amx,Q9STC1
4iif,P48825
4lxd,P10415
4bqs,P9WPY3
4n9a,P0A988
4hym,A0A0J9WZF0
3zbx,P08581
4bci,P50750
4lrr,P0A886
3zpq,P07700
4ks4,Q0A480
4isi,P08709
4iva,O60674
4kx8,Q07075
4gly,P00749
4kxb,Q07075
3zc5,P08581
4n5t,Q7ZUW7
4bcf,P50750
4elh,Q81R22
2lwi,P01112
3zdg,P58154
4mm8,O67854
4bcg,P50750
4mf0,Q08881
4hdb,P03367
4kvm,O74985
4elf,Q81R22
4c72,I6Y8T4
4m2u,P00918
4eok,P24941
4kql,P43889
4c61,O60674
4mma,O67854
4mqu,Q14397
4mha,Q12866
4jhz,P05804
4o12,P43490
4n6y,P11309
4lwu,P56273
4mzs,O70370
4l4l,P43490
4n9e,P43490
4d0x,O60674
4n9d,P43490
3wcb,Q4CWB4
4ncg,P04585
4n8e,P27487
4l4m,P43490
4u45,O95819
4d0w,O60674
4nw5,P51812
4k2g,Q9I194
4lwi,P07900
4d1s,O60674
4tyt,P04190
4lwh,P07900
4jps,P42336
4tw9,P48730
4oon,Q07806
4nld,Q9WMX2
4kwp,P68400
4d2v,Q14680
4knb,P08581
4nxs,P06280
4j3j,P27487
4wwo,P48736
4k2f,Q9I194
4twc,P48730
3wcf,P37268
4whh,P53350
4oty,Q05769
4pis,B9A5C1
4c1e,Q9K2N0
4kpx,P43889
4o0z,P43490
4mro,Q14397
4cl9,O60885
3wch,P37268
4oas,Q00987
4piq,B9A5C1
4j1p,P25440
4op1,Q14397
4tn2,P26663
4tkg,Q9H2K2
4o76,O60885
4lwe,P07900
3wcg,Q4CWB4
4nzm,O43314
4uvc,O60341
4cku,P46925
4o10,P43490
4ool,U6AVY0
4pzw,P56817
4w9s,P13166
4wwp,P48736
4wlb,P51449
4odf,Q00987
4ode,Q00987
4ogt,Q00987
4phw,Q9Y233
4o1l,P55263
4pnk,P25098
4mzo,O70370
4cc6,Q9AIU7
4ogn,Q00987
4q6r,O95470
3wci,P37268
4ow0,P0C6U8
3wcl,P37268
4o9s,P02753
4pl3,Q9EQY0
3wt5,P13053
4tkf,Q9H2K2
4q1n,P00797
4clb,O60885
4mex,P0A7Z4
4u5t,Q10587
4m7b,Q9H2K2
4ps5,O60885
4uv8,O60341
4cik,P00747
4tjy,Q9H2K2
4oya,Q96PN6
3wym,Q9Y233
4m8t,P18654
4mib,P26663
4m3b,P9WMC1
4pvt,Q9K2N0
3zmq,P18031
4whl,P53350
4tki,Q9H2K2
4u79,P53779
4o1b,P43490
4nzn,O43314
4lq3,Q2N379
4pnr,Q9H2K2
4bg1,O75936
4ovz,P0C6U8
4pvo,Q9K2N0
4okg,P47205
4cqg,Q61846
4psq,P02753
4c7t,Q00944
4qt0,P00338
3wnt,P14174
4m3g,P9WMC1
4uyh,P25440
4wj5,P04439
4m3e,P9WMC1
4pjt,P09874
4bgm,O75936
4jvq,O92972
4lp9,P11838
4oba,Q00987
4olc,A8BB85
4c68,A5K1A2
4oq5,Q07820
3wnr,P14174
4umu,Q14680
4uzd,O14965
4cxw,Q9C0B1
4l7d,Q14145
4j5b,P30405
4pni,P28327
4umt,Q14680
4qn7,Q20R18
4pv0,P43405
4wwn,P48736
4n1t,P36639
4m3m,Q07599
4nau,P63820
4uv9,O60341
4o4r,Q80J95
4tjw,Q9H2K2
4urk,P48736
4d2t,Q14680
4o72,O60885
4w7t,P07900
4j5d,P30405
4pzx,P56817
4hrc,P23639
4p0w,P14324
4op2,Q14397
4n1b,Q14145
4p0v,P14324
3wns,P14174
3wke,P34913
4ux6,P29477
3wgw,P12004
4qye,O14757
4msu,Q14397
4cli,Q9UM73
4p0x,P14324
3wyl,Q9Y233
4lqg,Q04609
4pnm,Q9H2K2
4hrd,P23639
4qyh,O14757
4nak,P69834
4u03,Q9KVG7
4pnt,Q9H2K2
4bis,O75164
4u0m,Q9KVG7
4k9g,P14174
4j59,P30405
3wt7,P13053
4u0n,Q9KVG7
4knr,P43889
4oyb,Q96PN6
4uva,O60341
4j3i,O60885
4d09,O00408
4c1c,P04190
4obz,P07339
4nrt,A0ZNP5
4nhx,Q8N543
4bpj,P97287
4rfy,Q06187
4qtd,P45983
4ckr,Q08345
4d08,O00408
4lv4,P9WQA3
4o2e,P01889
4o7c,O60885
4pnq,Q9H2K2
4p74,Q9I0A4
4qg7,Q6GJI9
4waf,P42336
4og7,O00255
4nru,Q80J95
4cxy,Q9C0B1
4n8d,P27487
4pl5,Q9EQY0
4oym,Q96PN6
4j5e,P30405
4na4,O88622
4mwe,Q38C91
3wk7,P34913
4ot6,Q06187
4pp7,P15056
4p6e,P25774
4qga,Q6GJI9
4o0j,P12497
4mwc,Q38C91
4u93,P07900
4o7f,O60885
3wv2,P45452
4w9q,Q13451
4pkt,P15917
4l7n,Q9Y6F1
4l7o,Q9Y6F1
4ok6,K4KA16
4u6r,O75460
4o91,O43318
4lq9,Q2N379
4m7x,Q8NVG0
4lm5,P11309
4pkr,P15917
4pks,P15917
3we4,P23443
4q9s,Q05397
4o13,P43490
3wk5,P34913
4jln,P27707
4umr,Q14680
4mw6,Q38C91
4no9,P23639
4p7e,O60674
4hnp,P23639
4md6,O76074
3wkd,P34913
4c8r,O75936
4obp,O95819
4oho,Q14397
4cfm,P24941
3wkc,P34913
4ph4,Q8NEB9
4o71,O60885
4i9z,O76074
4mw2,Q38C91
4og6,O00255
4mw1,Q38C91
4o70,O60885
4oyi,Q96PN6
4kpz,P43889
4wh9,P30305
4l23,P42336
4qgg,Q6GJI9
4nan,P69834
4rio,P52333
4uwk,Q8NEB9
4l7l,Q9Y6F1
4o6e,P28482
4d2p,Q14680
4o7a,O60885
4p0n,Q9Y233
4l70,Q9Y6F1
4qgh,Q6GJI9
4nal,P69834
4cxx,Q9C0B1
4l7b,Q14145
4occ,Q00987
4txe,P29029
4nhy,Q8N543
4qlt,P23639
4tpm,Q9Y233
4tpp,Q9Y233
4o77,O60885
4tk0,Q9H2K2
4x7i,P56817
4o4k,Q9X1X0
4tx6,B0Y2Y2
4l7u,Q9Y6F1
3wf7,P23443
4pyv,P00797
3ws8,Q9Y233
4u5j,P00523
4mx1,P02879
4o7b,O60885
4pkw,P15917
4jlm,P27707
4o75,O60885
4rrs,P56817
4p73,Q9I0A4
4k6v,Q64823
4uy1,O15496
4cfv,P24941
4jvj,P14324
4lng,Q4WP27
3wyk,Q9Y233
4c1f,P52699
4nnw,P23639
3w8o,G3XD33
3wf8,P23443
4nw7,Q07343
3wv3,P45452
4pid,P03252
4o1d,P43490
4o74,O60885
4nrp,Q6P6C2
4bfr,Q8BTI9
4nnn,P23639
4muk,P9WIL4
4bzr,P12821
4lnb,Q4WP27
4no1,P23639
4ohm,Q14397
4mx5,P02879
4rro,P56817
4mvy,Q38C91
4nwk,A8DG50
4oz3,Q96PN6
4o28,P43490
4mvw,Q38C91
3wka,P34913
4otg,Q16512
4ctj,Q5UB51
4knx,P43889
4rce,P56817
4o15,P43490
4uvb,O60341
4jpa,P45452
4j5c,P30405
4c5w,O75936
4tju,Q9H2K2
4pnl,Q9H2K2
4osf,P14174
4pnc,C3TPN7
4oq6,Q07820
4p2t,Q2HRB6
4cqe,P15056
4m3d,P9WMC1
4og5,O00255
4pku,P15917
4lwt,P56273
4ngh,
4d2w,Q14680
4mwb,Q38C91
4w7p,Q13464
4tk5,Q9H2K2
4mra,P00489
4nvq,Q96KQ7
4mw4,Q38C91
4ok5,K4KA16
4bhf,O75936
3wf6,P23443
4nat,P63820
4myq,Q07343
4d2d,Q5M4H8
4r6v,P22455
4n7e,Q99523
4ohp,Q14397
4npv,Q01064
4wsk,Q8A3I4
4nrq,Q6P6C2
4qls,P23639
4pl0,Q9X2W0
4o2f,P01889
4urn,X5EN43
4l2x,P14324
4mw0,Q38C91
4ov5,P01903
4qsm,P00338
4tlr,
4qtc,Q8TF76
4uwh,Q8NEB9
4r02,P23639
4qyg,O14757
4pyq,P22734
4p1r,Q9Y233
4umq,Q14680
4c1d,Q9K2N0
4rcp,P53350
4wcu,Q08499
4k6w,Q64823
4m7y,Q8NVG0
4wgi,P0AEY0
4qag,P03366
4o78,O60885
4oow,O92972
4m3f,P9WMC1
4csj,P04150
4wsj,Q8A3I4
4qqc,P22455
4clz,Q96PN6
4rfz,Q06187
4mao,P18654
4nk3,P24735
4nhc,
4j8m,O14965
4oti,Q16512
4nah,P63820
3wk8,P34913
4rrn,P56817
4px6,P43405
4pm0,Q13946
4ra5,Q04759
4rcf,P56817
4o5b,P12497
4uyn,O14965
4o55,P12497
4mw5,Q38C91
4nw6,P51812
4u0g,P9WPC3
4wn1,Q9Y233
4pkv,P15917
4n1u,P36639
4url,X5EN43
4mh7,Q12866
4o7e,O60885
4l1a,Q000H7
4o5g,Q9X1X0
4ojq,K4KA16
4o43,Q9X1X0
4pf3,P08235
4rg0,Q06187
4pl4,Q9EQY0
4w9n,P49327
4cqf,A5H660
4o24,Q9X1X0
4lmu,P11309
4og8,O00255
3wf9,P23443
4q9z,Q04759
4nus,P51812
4to8,W8TRN9
4bgk,O75936
4mvx,Q38C91
4olh,Q14397
4kcg,P27707
4wki,O75173
4ohk,Q14397
4od9,P07339
2mlm,R9YTM5
4mk0,P25098
4nuf,P0AEX9
4qlq,P23639
4qo4,Q00987
3wk6,P34913
4wz8,Q00955
4py1,P29597
4wbo,P28327
3wkb,P34913
4p90,Q13153
4nrm,Q6P6C2
4lte,P14735
4obq,O95819
4q1s,P23639
4bpi,P97287
4lwv,P56273
3whw,P36639
4qgf,Q6GJI9
4u0i,P10721
4fc0,P15056
4mxc,P08581
4pce,O60885
3wk4,P34913
4c1g,P52699
4pci,O60885
4no8,P23639
4puz,P43405
4l7c,Q14145
4r5n,P56817
4ok3,K4KA16
4p6g,P25774
4jlj,P27707
4rj6,P00533
4wk7,O75173
4ia0,O76074
4ona,Q9BJF5
3wk9,P34913
4obo,O95819
4no6,P23639
4uyd,O60885
4qlu,P23639
4op3,Q14397
4uwf,Q8NEB9
4twd,P0C7B7
4lxb,P00734
4cfx,P24941
4u6y,P04439
3wf5,P23443
4uwg,Q8NEB9
4c1h,P04190
4p75,Q9I0A4
4p72,Q9I0A4
4oc6,P07339
4u44,O95819
4v25,Q15119
4nwm,Q06187
4ogv,Q00987
4p10,Q96IY4
4rlk,P28523
4oq3,Q00987
4n00,P56817
4l7r,Q9Y6F1
4tpt,P53671
4bhi,O75936
4rll,P68400
4uzh,O14965
3ws9,Q9Y233
4rj3,P24941
4oth,Q16512
4mo4,Q9I5Q5
4urm,P0A0K8
4ncm,P31345
4qyy,P63086
4w97,P9WMB9
4mw9,Q38C91
4pmt,P04629
4nb3,P27694
4po0,G1U9S2
4wm9,Q8RLA6
4oyk,Q96EP0
4nzo,O43314
4u0s,Q9BVA6
4w9h,Q15370
4usj,Q9SCL7
4u0e,P12493
4cg8,P35790
4qnb,P12497
4qab,P58154
4q3s,Q6WVP6
4uu8,Q6DHI5
4txc,P53355
4m13,Q08881
4m14,Q08881
4o0a,P27694
4v05,P11362
4q0a,Q9PTN2
4tzm,Q95XC8
4pvv,P9WID5
4psx,Q12341
4m0y,Q08881
4mg8,P03372
4q3u,Q6WVP6
4w9k,Q15370
4q3t,Q6WVP6
4qaa,P58154
4c1w,Q4LB86
4tzn,Q95XC8
4tzq,Q20305
4d3h,Q2G229
4qnu,A1AC32
3wha,P07900
4nbl,P55212
4cga,P35790
4qac,P58154
4o3u,P14210
4mgc,P03372
4p00,Q3J125
4lj5,Q9RA63
4n7u,O00481
4mg7,P03372
2mkr,P32776
4n84,P63104
4q3r,Q6WVP6
4w9j,Q15370
4np3,P15379
4n7y,P63104
4r4t,P27694
4oag,Q8BGV8
4r4i,P27694
4p02,Q3J125
4pow,P35120
4pfu,G4FEC0
4cg9,P35790
4q6e,P00918
4kxl,O35820
4msl,Q99523
3w9r,Q84MC7
4utn,Q6DHI5
4ktu,P00760
4uu7,Q6DHI5
4utr,Q6DHI5
4oo9,P00720
4kxn,O35820
4m7j,
4pd8,Q9KPL5
4pxf,P02699
2mg5,P0DP23
4m12,Q08881
2mow,P53617
2mwp,Q12888
4qfs,P54645
4p3h,Q2HRB6
4ocp,E8MF12
4qh7,Q24117
4l3o,Q8IXJ6
4mrg,P15379
4w9i,Q15370
4qxr,Q86WV6
4cki,P07949
4csd,Q8XXK6
4onf,
4cfl,O60885
4u0f,P12493
4ouj,B1INP8
4rdn,Q9Y5A9
4wk1,A0A0H2WXZ7
4qdk,Q55467
4tkn,Q15036
4psh,Q9WZ62
4u0u,Q9BVA6
4q3q,Q6WVP6
4rww,Q8Y3Y7
4lj8,Q9RA63
2mpm,P51671
4r4o,P27694
4rqk,O15530
4jmg,
4oee,P09038
4oys,Q8NEB9
4ndu,A7UNK4
4lbo,P17931
4mn3,O95931
4q9o,Q8DRB3
4mga,P03372
4qq4,Q14149
4o2a,P81947
4d1d,D6R8X8
3wp0,P31016
4tsx,F2WR39
4ozl,B8ZYW1
4qxq,Q86WV6
4qc1,Q9UIF8
4w9d,Q15370
4ibg,Q05127
4tv3,P42336
4ibc,Q05127
4c3k,P0A3F4
4nj9,Q52L95
4qsv,Q6PL18
4qsu,Q6PL18
4poh,P19793
4oi6,Q9FCE4
4mrf,P15379
4p4s,P20591
4nmv,Q9HD26
4qht,A0A0H3AHP1
4o2c,P01889
4nms,Q9HD26
4q4s,P28720
4c16,P16581
4wk2,P08648
4k10,Q4QBL1
4rpn,P52679
4lbl,P17931
4ce3,P02829
4mrh,P15379
4qh8,Q24117
4phu,O14842
4kva,A0A3Q0KDV9
4pd7,Q9KPL5
4u4s,P19491
4n9c,P43490
4q0k,G7J032
4prb,C5MK56
4nl1,Q81VW8
4wvl,Q8TEK3
4k43,P68135
4rvr,Q9UIF8
4r7m,Q8IL11
4l9i,P28327
4m8e,P19793
4pnu,U6NCW5
4pz5,P02751
4pgh,C5YH12
4pd5,Q9KPL5
4m5j,P26281
4uof,A5J299
4wj7,Q9BSQ5
4ckj,P07949
4nmt,Q9HD26
4nbk,P55212
4nmo,Q9HD26
3wp1,P31016
4qtn,D2ZZC1
4w50,P54764
4qlv,P23639
4pul,P28720
4pg3,Q8IDJ8
4o4y,
4kif,Q643C8
4ovh,U6NCW5
4kv9,A0A3Q0KDV9
4pb1,Q9KPL5
4mmm,P30044
4pp3,P19793
4ci3,Q16531
4q4q,P28720
4k7i,P30044
4ogj,O60885
4ce2,P02829
4uxq,P22455
4pb2,Q9KPL5
4lzs,O60885
4k8o,P36370
4oef,P09038
4ci2,Q16531
4muv,Q98GN8
4j09,P0A722
4qem,P59071
4lov,P08191
4m5l,P26281
4tu4,Q6PL18
4mp7,Q15119
4cy1,P61964
4pum,P28720
4pp5,P19793
4uoh,A5J299
4pre,C5MK56
4m5m,P26281
4tk1,Q03555
4d1a,D6R8X8
4qsx,Q6PL18
4mmp,K0Y3H9
4usw,Q96PN6
4cu1,P29473
4ncn,G0S8G9
4mg9,P03372
4pzv,Q5NGA7
4u7t,Q9Y6K1
4n7g,P63104
4c52,Q07817
4prp,C5MK56
4pr5,P01889
4jmh,
3zev,P20789
4tk2,Q03555
4nrl,P03460
4prn,P01889
4pra,C5MK56
4q6f,Q9UIF9
3wig,Q02750
4mg6,P03372
4up5,Q86UU0
4my6,Q8N8S7
4o3f,P09411
4pft,Q9X0V0
4qf7,P59071
4uwl,Q8NEB9
4r4c,P27694
4qij,P9WNP5
4mue,P9WIL4
4tpw,P06730
4tte,Q6PL18
4oru,P41222
4ibd,Q05127
4cig,P12497
2mwo,Q12888
4lzr,O60885
4v27,D6D1V7
4kxm,O35820
4mgd,P03372
4lnp,Q9BX66
4w9c,Q15370
4qsw,Q6PL18
4rpo,P52679
4ofl,A0A5P8YI66
4oeu,Q0P844
4tt2,Q6PL18
4mpn,Q15119
4psb,A0A1S3THR8
4myh,P40416
4oz1,Q14498
4qev,P25440
4ln2,Q9BX66
4nrk,P03460
4ci1,Q16531
4qk4,Q13285
4prd,C5MK56
4c1y,Q4WW81
4ocq,E8MF12
4lyw,O60885
4uyf,P25440
4cjq,P12497
4uyg,P25440
4qbm,Q9UIF9
4cu7,A0A0H2UP19
4m8h,P19793
4lbu,P28720
4ck3,P12497
4prh,C5MK56
4nym,P01112
4ibb,Q05127
4myd,P37355
4k42,P68135
4uac,D6E1Y1
4orx,P41222
4pmm,P04629
4leq,P28720
4og3,O00255
4nvp,Q9Y3Q4
4ruu,P50120
4m5h,P26281
4qer,P59071
4nmr,Q9HD26
4d1c,D6R8X8
4pio,A0R5M8
4nni,P9WH43
4qxo,Q86WV6
4tq3,O28625
4pf5,P02866
4w9f,Q15370
4n6g,P55212
4qqi,Q9H9E1
4ory,P41222
4mgb,P03372
4tun,P00698
4trc,Q97W95
4n7h,P46934
4qfg,P54645
4qf8,P59071
4nmq,Q9HD26
4tmp,P42568
4w9w,Q9NSY1
4oks,K4KA16
4mq6,P9WIL4
4puj,P28720
4nyj,P01112
4q4o,P28720
4jzb,Q4QBL1
4k7n,P30044
4w4z,P54764
4ibf,Q05127
4or0,P02769
4g2r,P9WQH5
4pd6,Q9KPL5
4mp2,Q15119
4qgd,P59071
4d1b,D6R8X8
4ogi,O60885
4cc5,Q9AIU7
4q4r,P28720
4tz2,Q6PL18
3wgg,D5KM69
4p5z,P29320
4pp0,P35120
4je7,Q9FV53
4c5d,Q07817
4qpl,Q9CZW6
4w9x,Q9NSY1
4usi,A8JI83
4o6w,P53350
4mdr,O00189
4nyt,Q15485
4us4,Q9KDT3
4mg5,P03372
4mpe,Q15119
2mov,Q15109
4q4p,P28720
4rrv,O15530
4us3,Q9KDT3
4ce1,P02829
4r91,P56817
4o36,P61823
4q6d,P00918
4p4t,P20591
4mzf,Q71DI3
4cj4,P12497
4mnp,Q8RDN9
4muf,P9WIL4
4o3t,P14210
4pd9,Q9KPL5
4lys,O60885
4c9x,P36639
4u43,O95819
4ny3,Q15257
4ibj,Q05127
4u0c,P12493
4u0d,P12493
4m3p,Q93088
4d1j,B3PBE0
4nyf,P0C6F2
4cjp,P12497
4ozn,B8ZYW1
4ozj,B8ZYW1
4pin,A0R5M8
4pov,A2RI47
4mrd,P15379
4non,Q5M586
4np2,P15379
4r6x,Q8IDQ9
4w9g,Q15370
4r6w,Q8IDQ9
4uua,Q6DHI5
4n9b,P43490
4ibk,Q05127
4m5k,P26281
4utx,Q6DHI5
4tz8,Q6PL18
4o61,Q6P6C2
4u0a,P12493
4u0b,P12493
4r1e,Q8I4W8
4clp,Q96PN6
4ua8,D6E1Y1
4k7o,P30044
4wiv,O60885
4puk,P28720
4lpg,P14324
2mji,P12104
3wqw,Q2V6H4
4w5j,Q04ML5
3wqm,P9WJ61
4u0x,Q6DRA1
4led,T2LG16
4nnr,P26885
4qok,P04439
4mre,P15379
4m0z,Q08881
3wqv,Q2V6H4
2mnz,Q9UGL1
4ono,P29016
4r5g,P0A6Y8
4je8,Q9FV53
4m5i,P26281
4nja,P01660
4mul,P9WIL4
4tyl,Q6PL18
4mzh,Q9Y657
4pda,Q9KPL5
4umn,Q00987
4ca4,A2IC68
4q9m,Q8DRB3
4kp4,P0AEJ4
4o9w,P53350
4pop,A2RI47
4m5n,P26281
4buq,A2IC68
4qfr,P54645
4v01,P11362
4o37,P61823
4v04,P11362
4pms,P04629
4w9e,Q15370
4mpc,Q15119
4wht,
4why,Q9WJJ4
4d1y,Q8A8A4
4ibe,Q05127
4whs,P00436
4whr,P00436
4c9w,P36639
4wf2,P06709
4utv,Q6DHI5
4whq,P00436
4k6u,Q64823
4ibi,Q05127
4cjr,P12497
4od7,B4EZ68
4ock,E8MF12
4ocv,B7GN78
4j7i,Q8WTS6
4k6t,Q64823
4um9,P06756
4r4q,P27694
4qkd,Q9BT30
4mji,P01889
4qjr,Q13285
4cs9,Q8QN58
4csy,P16581
4qzs,O60885
4wke,O75173
4qew,P25440
4qsh,W6G6F5
4nyi,P01112
4tk3,Q03555
4qsk,W6G6F5
4tk4,Q03555
4poj,P19793
4oeg,P09038
4lph,P14324
4uye,P55201
4jaz,P37231
4m5g,P26281
4w9l,Q15370
4rn6,P00734
4u4x,P19491
4lnw,P10827
4o62,Q504Y3
4nmp,Q9HD26
4pri,C5MK56
4ql1,P61964
4og4,O00255
4oct,Q6P6C2
4tsz,Q9I7C4
4l2l,P09960
4pnw,U6NCW5
4rqv,O15530
4wym,P12493
4wmc,Q6XEC0
4lv2,P00811
4qbb,P03305
4cws,P07900
4ngm,Q04609
4cwr,P07900
4jzi,Q9Y5Y6
4r6t,Q8IL11
4jyt,Q9Y5Y6
4kz4,P00811
4len,Q9L5C8
4cwq,P07900
4mhz,B7QK46
4m8x,Q90JJ9
4m8y,Q90JJ9
4tyo,Q13526
4lv1,P00811
4nue,O60885
4wkv,Q9I194
4qy3,P00918
4ppb,Q08881
3zj6,Q9SPP9
4cwp,P07900
4cwt,P07900
4cd6,A5H1I6
4os2,P00749
4mc6,P0C6F2
4lsj,P04150
4cd0,Q9UM73
4mc9,P0C6F2
4jz1,Q9Y5Y6
3wmc,Q06GJ0
4jit,P0A9M5
4mhy,B7QK46
4os6,P00749
4lhm,P07650
4ty7,P03951
4j3u,Q9FYY0
4wkt,Q9I194
4ob2,Q7SID2
4na7,P03951
4r8y,P56817
4qge,H2QL32
4ocz,P34913
4mse,Q9Y233
4kza,P00811
4o04,P07900
4ob1,Q7SID2
4p6w,P04150
4r5v,O96935
4pqn,Q08881
4clj,Q9UM73
4cmo,Q9UM73
4mlx,P00918
4ppa,Q08881
4l19,P45452
4kz6,P00811
4od0,P34913
4o3b,P19491
4nuc,O60885
4n1z,P14324
4r5t,O96935
4kwg,P05091
4msc,Q9Y233
4cd8,A5H1I6
4r3w,A5MTN0
4na8,P03951
4kzb,P00811
4oyt,A5K8L9
4p5d,O35820
4ppc,Q08881
4lkt,Q01469
4mbf,P0AD64
4mnw,P00749
4kz8,P00811
4m6u,P11444
4kz3,P00811
4mqp,P9WQ81
4o2b,P81947
4owm,P9WFX5
4nwc,P42264
4mlt,P00918
4oc4,Q04609
4mny,P00749
4cft,P29473
4o9v,Q9Y5Y6
4joj,Q9HD26
4qir,Q9JYV4
4lm3,Q9Y233
4r59,P00918
3zj8,Q8GU20
4qgi,P0C6F2
4quo,Q9JYV4
4civ,P9WPX7
4mnv,P00749
4cd1,O35795
3wq5,Q7X9A9
4n4s,P63086
4mc1,P0C6F2
4llx,Q9Y233
4k6y,Q9HD26
4ozo,Q8A5P6
4kiu,P9WPX7
4pcs,Q8A3I4
4os4,P00749
4ciw,P9WPX7
4ih3,Q8TDX5
4rak,P55055
4o44,P03366
4r95,P56817
4r76,Q8IL11
4keq,Q988B9
4kwf,P05091
4uub,Q6DHI5
4w9p,Q13451
4llp,Q9Y233
4k78,Q9HD26
4rj4,P00533
4mnx,P00749
4r93,P56817
4nga,P08709
4rj8,P00533
4obv,A7B1V0
4jxs,P00811
4w9o,Q13451
4cpq,P03366
4r5b,P00918
4jog,Q9HD26
4cd5,B3PGI1
4cae,A5K1A2
4cpx,P03366
4jxw,P00811
4wku,Q9I194
4jls,P0A9M5
4ps8,P48736
4c2v,Q6DE08
4tw8,Q02790
4q1c,P27707
4os1,P00749
4o3a,P19491
4bf1,P00918
2yne,A5K1A2
4tpk,P06276
4cwn,P07900
4o0t,Q13153
4ovg,U6NCW5
4pqa,Q9JYL2
4o09,P07900
4o3c,P19491
4q93,P54577
4cpz,U5XBU0
4g95,P00374
4rj7,P00533
4oc1,Q04609
4os5,P00749
4p5e,O43598
4cpt,P03366
4tw7,Q13451
4p58,O88587
3wq6,Q7X9A9
4cd4,B3PGI1
4joe,Q9HD26
4ciy,P9WPX7
4wks,Q9I194
4os7,P00749
4cpu,P03366
4lv3,P00811
4kz7,P00811
4ngr,Q04609
4ps3,P48736
4mvn,Q2FXC2
4o0v,O96013
4r5a,P00918
4mrz,Q9Y233
4nwd,P42264
4k1e,Q9Y5K2
4qme,Q9JYV4
4uma,Q9K169
2ynd,A5K1A2
4oc0,Q04609
4ty6,P03951
4q2k,P00766
4cwf,P07900
4jxv,P00811
4cpw,P03366
4kwo,P28720
4cpr,P03366
4umc,Q9K169
4nh9,P14625
4o0r,Q13153
4ou3,P15145
4cu8,A0A0H2UP19
4llj,Q9Y233
4owo,P9WFX5
4n8q,P9WFX5
4mi9,P00489
4p7m,Q6Q3H7
4p7s,Q6Q3H7
4cix,P9WPX7
4o05,P07900
4ps7,P48736
4nh8,P07900
3wmb,Q06GJ0
4cnh,Q9UM73
4k76,Q9HD26
4bf6,P00918
4o97,Q9Y5Y6
4pee,Q8A3I4
4v24,Q9NYA1
4ms0,Q9Y233
4ntj,P0ABE7
4na9,P08709
4mic,P00489
4lkq,Q9Y233
4o07,P07900
4r92,P56817
4pp9,Q08881
4joh,Q9HD26
4ual,Q9Y5S2
4owv,P9WFX5
4nh7,P07900
4mi6,P00489
4ob0,Q7SID2
4mhs,P00489
4cps,P03366
4msa,Q9Y233
4oc2,Q04609
4oc3,Q04609
4cpy,U5XBU0
4r5x,O96935
4mrw,Q9Y233
4kij,P9WPX7
4itp,P00918
4k75,Q9HD26
4lm0,Q9Y233
4nq6,P04190
4lm1,Q9Y233
4oak,Q9JN36
4mc2,P0C6F2
4q1e,P27707
4o0b,P07900
4tw6,Q13451
4own,P9WFX5
4m0r,P9WFX5
4o0y,O96013
4jof,Q9HD26
4rj5,P00533
4cwo,P07900
4o0x,O96013
4kup,P11838
4oma,Q84AR1
4cp7,P03366
4pct,Q8A3I4
4q18,P27707
4ovf,U6NCW5
4kiw,P9WPX7
4mi3,P00489
4prj,O14965
4caf,A5K1A2
4ng9,P08709
4mho,P00489
4bzs,P12821
4cq0,P00918
4oc5,Q04609
4q19,P27707
4qhp,Q9JYV4
4loy,P00734
4q1f,P27707
4llk,Q9Y233
4lm2,Q9Y233
4jok,Q9HD26
4qkx,P00720
4msn,Q9Y233
4umb,Q9K169
4lm4,Q9Y233
4wx4,B9A5C1
4p6x,P04150
5ew3,P35968
4o4g,P03366
4uib,P09955
5bvw,Q08345
4ys7,Q9Y233
5bvn,Q08345
5bpa,P45452
4zg7,Q13822
4unr,P9WKE1
3wv1,P45452
5am1,P34913
4qmn,Q9Y6E0
4yne,P04629
4xv1,P15056
4qmy,Q9Y6E0
5ak2,P03372
5d9k,P51812
5bue,P28482
5a3t,Q9UGL1
4xv2,P15056
5am3,P34913
5buj,P28482
4otf,Q06187
5cs2,Q8IL97
4ylj,Q13627
4yl0,O14684
5alz,P34913
5bvo,Q08345
4u01,Q9WMX2
4zyi,Q00987
4yqh,Q9Y233
4yl3,O14684
4qmt,Q9Y6E0
5bve,P28482
5d7r,P0A0K8
5ajx,Q16875
4x9v,P53350
4wt6,P11309
4qmp,Q9Y6E0
4x9r,P53350
4ryg,P00797
4z1q,O60885
5cte,Q00955
5ake,P34913
4xv3,P15056
5alu,P34913
4pry,P42574
4qmo,Q9Y6E0
4qmv,Q9Y6E0
5ak0,Q16875
4wsy,P11309
4zg9,Q13822
4yk5,O14684
5e1e,P23458
5als,P34913
5d9l,P51812
4zjr,P51449
4d2s,P33981
4zga,Q13822
5d12,P00523
5d11,P00523
5aaf,O14965
5alg,P34913
5aae,O14965
5aag,O14965
4q4i,P04825
4qpa,P28482
4rz1,P00797
4wx7,B9A5C1
5apj,P51449
4z2i,P11797
4yv2,Q4DA73
4zpg,P56817
4qr5,O60885
5aph,P51449
4ybs,O15164
5aep,O60674
5aen,P09960
4zur,Q48935
4nxo,P14735
5djv,P14324
4y6p,Q8IKG4
4yps,P04629
5ct7,P15056
4qp9,P28482
4y6m,P46925
5axq,Q9Y233
5d10,P00523
4wag,Q9UBF8
4qw4,P23639
5ai5,P34913
5ajw,Q16875
5bui,P28482
4wq3,P04632
5am4,P34913
5ak5,P34913
4qmw,Q9Y6E0
4y67,Q8IKG4
4qoc,Q00987
4zuq,Q48935
5d7c,P0A0K8
5bvd,P28482
4yll,Q13627
4ybm,O15164
4xt9,P51449
4x9w,P53350
5a83,Q6PL18
4qo9,Q9Y6E0
5c26,P43405
4zup,Q48935
5aly,P34913
4zpf,P56817
5c83,P98170
4ylk,Q13627
4xv9,P15056
5bvf,P28482
5alf,P34913
4q4e,P04825
4ybt,O15164
4uia,P09955
4uco,P43813
5aad,O14965
4qmz,Q9Y6E0
4ymj,Q16288
4yl1,O14684
4z2g,P11797
5akh,P34913
4qw3,P23639
4zjw,P51449
4unq,P9WKE1
4qr4,O60885
5ai9,P34913
5aln,P34913
5awj,P13053
4py2,Q2YQ76
5alk,P34913
4qmq,Q9Y6E0
4qp8,P28482
5alm,P34913
4zum,Q48935
4uit,Q9H8M2
4uns,P9WKE1
4qws,P23639
4wpf,P51449
4wz4,P24735
4x2i,O60885
4qvl,P23639
4z2j,P11797
4qps,P52333
4zuo,Q48935
4y73,Q9NWZ3
4wnk,P43249
3wyj,P60472
4yoj,P0C6W3
4zyc,Q00987
4wzv,P14780
4wtu,P56817
4yoi,P0C6W3
4qvm,P23639
5fdg,P03433
5ctc,Q00955
4qt2,Q8I4V8
5ajy,Q16875
4zg6,Q13822
4qw5,P23639
4unn,P9WKE1
4xbd,Q83883
5ey8,A0R618
4wrs,P11309
4yv9,A0A0J9X288
4ufz,P43813
4qmm,Q9Y6E0
4qw7,P23639
4y2x,P34913
4qwk,P23639
4zpe,P56817
4qwx,P23639
4wvs,P98170
4qzx,P23639
5ajv,Q16875
4wf6,P15917
4wq2,P04632
5a0c,P08246
4qw1,P23639
5alo,P34913
4z1s,O60885
4zro,Q98VG9
4qwl,P23639
5aki,P34913
4rcd,P56817
4ql8,P10275
4udb,P08235
4xg9,P43405
4wp7,P00352
5c84,P98170
4yrs,Q4DA54
5axp,Q9Y233
5f5i,O75164
4xub,Q9UIF8
4ya8,P46925
4xkx,P56817
4wy6,P56817
4qwg,P23639
5ald,P34913
5ale,P34913
4rvm,O14757
5bpe,A0A0X1KHD2
4qvp,P23639
4ptc,P49841
4uxh,Q4QC75
5cf8,O60674
4qxs,P14324
4qwr,P23639
4qxj,P23639
5d1u,P15917
4qw6,P23639
5a5r,Q6PL18
3wzu,O14733
5afx,Q86C09
4x47,V8BWT1
4xs2,Q9NWZ3
4z2l,P11797
5am0,P34913
4ztl,Q9NWZ3
4qr3,O60885
4qmu,Q9Y6E0
4qwj,P23639
4yax,O15164
5a5s,O60885
5a3w,Q9UGL1
4yrt,Q4DA54
4py4,Q460N5
5auy,P53355
5d1t,P15917
5am5,P34913
4z2k,P11797
4z9l,P53779
4zsp,P56817
4yog,P0C6W3
4rss,P43405
4rxa,P14324
4wvu,P98170
4yuw,Q4DA73
5c4u,P51449
4rvt,O95819
5c42,P03366
4u82,P60477
5c7e,Q5NBT9
5ap5,P33981
4xg8,P43405
5ap1,P33981
4w4x,P53779
4zlz,Q06187
5a5p,Q6PL18
4uxb,P09874
4xsx,A7ZSI4
4u2y,Q9L1K2
5aux,P53355
4zh2,P0A7Z4
4ykn,P27986
4rs0,Q05769
5c7f,Q5NBT9
5c3k,P98170
4wyo,Q00955
4w4v,P53779
4y62,P16442
4twy,P0C6X7
4y8c,O76083
4qmx,Q9Y6E0
4y46,P53779
4xuc,P21964
4uiu,Q9H8M2
5al3,Q9H2K2
4tvj,Q9UGN5
4re9,P14735
4uvu,Q9H2K2
4uvx,Q9H2K2
5alt,P34913
5ci7,O75385
5c0k,P98170
4zlo,Q13153
5ap6,P33981
5ai8,P34913
4rvk,O14757
4y85,P41279
4ucv,P43813
5afk,P36544
4rx9,P43405
4p4b,Q04609
4yzn,Q6XHB2
4uiv,Q9H8M2
4x7q,Q9P1W9
5djr,P14324
4yp8,Q9NWZ3
4rn2,Q9BY41
4yjn,Q9BJF5
4y2t,P34913
5c6v,Q5NBT9
4zsa,P11362
5cqj,P60472
4wno,O75385
4y5h,P53779
5aib,P34913
5bq0,Q06187
5aku,Q9H2K2
4r6e,P09874
5cy3,P43405
5dda,O00255
4p44,Q04609
4p4f,Q04609
4y83,P41279
5abw,P08246
4uuh,O95271
5cwa,P9WFX2
4p4e,Q04609
5ccl,Q9H7B4
4p4d,Q04609
4yux,Q4DA73
4x6y,P34913
4uvw,Q9H2K2
4xg3,P43405
4p45,Q04609
4xe0,O35904
4uw1,O95271
4ztn,Q9NWZ3
4uiz,O60885
4wyy,P24735
4xyf,P08581
5ajz,Q16875
5c7b,P98170
4zsq,P56817
4qwf,P23639
4qz7,P23639
5a3n,Q9UGL1
4x6x,P34913
4x8g,Q9UM07
4uiy,O60885
5a82,Q6PL18
4xsz,A7ZSI4
4yo6,Q9NWZ3
5boy,P45452
4yad,O15164
5all,P34913
5d6p,P0A0K8
5dj5,Q10QA5
5cf5,O60674
4zim,O60674
5eds,P48736
4yay,P0ABE7
4umj,Q9HWY4
4ynd,Q9NRG4
4xh6,P11309
4qz6,P23639
5ai0,P34913
5ar4,O43353
4yz9,O75460
4ttv,P26639
4v1f,I0RTF3
5a0a,P08246
5alj,P34913
5c4t,P51449
4xum,P37231
4xg4,P43405
4x69,Q47066
4z7h,O75460
4z90,E0SJQ4
4rxe,Q86C09
5auu,P53355
5ctb,Q00955
4wpn,P00352
4rsc,Q28175
4pv7,P27487
4y2p,P34913
5a1f,Q9UGL1
4wy3,P0C6X7
4qna,Q9Y6E0
4rn0,Q9BY41
4xm7,P15917
5ab0,Q6P179
4zun,Q48935
5ddd,O00255
4x68,P24735
4uda,P08235
4ybi,P56817
4ztm,Q9NWZ3
5av0,P53355
4x49,V8BWT1
4xua,Q9UIF8
4qwu,P23639
4wz5,P14489
4qz3,P23639
4xmo,P08581
4zs2,Q9C0B1
5alx,P34913
3wyy,P33981
4x7o,Q9NZJ5
4ura,O75164
4qz0,P23639
3wqh,P27487
4tmf,P28907
4y6r,Q8IKG4
4d2r,P08069
5a09,P08246
4uuq,Q99685
5c4s,P51449
5ap2,P33981
4zk5,O95819
4xta,P37231
4uxj,Q4QC75
4rxd,Q86C09
4qz1,P23639
5al4,Q9H2K2
4xyc,P9WN38
5ak6,P34913
5auv,P53355
5ar7,O43353
4xg7,P43405
4w4w,P53779
4zly,Q06187
4w4y,P53779
5akg,P34913
5afn,P36544
4uvv,Q9H2K2
5ap4,P33981
5ai4,P34913
4zsr,P56817
4p4i,Q04609
4rx8,P43405
5afl,P36544
5al2,Q9H2K2
4rse,Q28175
4rpv,P11309
4rx5,Q06187
4x2l,P56817
3wyx,P33981
4zom,P51449
4qwi,P23639
5bot,P45452
4yvz,Q9WY43
4yhf,Q06187
4yzc,O75460
5dls,O14757
4qvw,P23639
4x6k,V8BWT1
4y2b,Q13946
5es1,Q96L34
5a3u,Q9GZT9
4xjr,P08492
4zh3,P0A7Z4
4rvl,O14757
5cf4,O60674
5ai6,P34913
4wvt,P98170
4x7j,Q9NZJ5
5akw,Q9H2K2
4x7h,Q9NZJ5
5clm,P56817
4r1y,P08581
4yuy,Q4DA73
5afj,P36544
4v0i,O35904
3wpn,P52732
5alv,P34913
4ucu,P43813
4zla,O25294
5c7a,P98170
5aic,P34913
5ccm,Q9H7B4
4tn4,A5K8L9
5d1j,P24941
5a85,O60885
4qz5,P23639
4z3v,Q06187
4x7k,Q9NZJ5
5ap0,P33981
4uvy,Q9H2K2
4wy1,P56817
5akz,P34913
5d6q,P0A0K8
5ahj,P23639
5c7c,P98170
4ptg,P49841
4qp7,P28482
4uix,O60885
4yfi,Q59H18
4uiw,Q9H8M2
5ap7,P33981
4yzm,Q6XHB2
5ar5,O43353
5a6n,O43293
4xxs,P56817
5al1,Q9H2K2
5cxz,P43405
4s3f,Q5SLI8
4y29,P37231
4y2s,P34913
3wzk,P33981
4y87,O76083
4y2u,P34913
4yv0,Q4DA73
4rx7,P43405
4xhk,P11309
5c4o,P51449
5cxh,P43405
5ak4,P34913
4qz2,P23639
4qvq,P23639
5a0b,P08246
5aia,P34913
4tmr,A5K8L9
5diq,P14324
3wzj,P33981
4xct,P14780
5fdd,P03433
4zh4,P0A7Z4
4zs3,Q9C0B1
4ucs,P43813
4qzw,P23639
4x7n,Q9NZJ5
5ddf,O00255
4qw0,P23639
4qvv,P23639
4tww,P0C6X7
5alw,P34913
5dde,O00255
4qms,Q9Y6E0
5djp,P14324
4z7i,Q9UIQ6
4qvn,P23639
5ar8,O43353
4rlp,P23443
4p4j,Q04609
4pte,P49841
4r5w,P09874
4xjt,P28907
5c7d,P98170
5al5,Q9H2K2
4uct,P43813
5afm,P36544
4xjs,P28907
5dd9,O00255
4s3e,Q5SLI8
4qvy,P23639
4z2h,P11797
4yab,O15164
4trw,P56817
5ak3,P34913
4x3u,Q8VDS3
5auw,P53355
5cf6,O60674
4ryc,P00797
4y2j,P34913
4yv1,Q4DA73
4xdo,Q9H3R0
5ddb,O00255
4wnp,O75385
4xy2,Q9Y233
5a5z,C7C422
4qt1,P52333
4yat,O15164
4yuz,Q4DA73
4trz,P56817
5d1s,P15917
4yyl,P03433
5am2,P34913
4y6s,Q8IKG4
4qz4,P23639
4xg6,P43405
4w4s,Q45222
4y2v,P34913
4xm8,P15917
4y32,P31947
4ux4,Q9H2K2
4xm6,P15917
5auz,P53355
5ap3,P33981
4x7l,Q9NZJ5
4s2i,G3G192
4y8d,O14976
4y2y,P34913
5akk,P34913
5aix,O60760
5bs4,P03366
4wr7,P00915
4xtx,I6YFP0
5ece,O95271
4ww6,P00918
5ah2,A0QND6
4ww8,O43570
3wtn,P58154
5epl,O00257
3wtm,P58154
3wtl,P58154
3wzn,P22629
3wto,P58154
4x1s,
4xtz,I6YFP0
3wzp,P22629
4zzx,Q9UGN5
4odn,Q5SLE7
4yoz,P28749
4zzz,P09874
4xrq,P12493
4wmu,P0AEX9
4odl,Q5SLE7
4wup,P00915
4rd0,Q980A5
5e0a,Q9GK12
4x8n,Q9UBL3
5agu,P9WNU1
5cfa,Q14U76
3wtj,P58154
4xii,P06276
4zzd,A2RI36
5c7n,P55201
3wtk,P58154
4xu3,I6YFP0
5agv,P9WNU1
5cp9,P14210
4zhl,P00749
4yee,Q9QZH4
4z68,Q9H2K2
5c11,P29375
5ai1,P07445
4xu1,I6YFP0
5a2k,P01727
4x1n,
4rd3,Q980A5
4zvi,P0AES7
4ymh,Q9HGR1
3wth,P58154
4zeb,Q52012
4rd6,Q980A5
5cvd,Q9BV86
4xtv,I6YFP0
5ais,O60760
4zb6,A0A0R4I980
3wzq,P22629
4x1r,
5d9p,O06842
5e0l,Q24117
4xty,I6YFP0
4rt1,Q9HY69
4x13,P90498
4yv5,Q9I834
4xu0,I6YFP0
5c13,Q5VWG9
4tqn,Q92793
4xu2,I6YFP0
4x0z,P90498
4x34,Q12888
3x00,P22629
4odm,Q5SLE7
4cwb,C8MLE4
4xk9,Q8WSF8
5agj,Q5A9A4
4xkb,P72583
5aiv,O60760
4wri,Q2MHR1
4xqu,A0A059T4A1
4u5v,P52293
4tkj,P05413
4ris,Q70966
4xtw,I6YFP0
4ra1,Q52012
4zb8,A0A0R4I981
4txs,D0PY27
4tjz,P05413
4und,P09874
4rr6,Q9YFY3
4rxh,Q9C2K9
4d4d,Q9Z4P9
4rme,P19793
3wti,P58154
4x14,P03089
5eq0,Q9HC52
4zei,Q52012
4crj,C8MLE4
4u5u,P52293
4xkc,P72583
5ct2,P14210
4urx,P01112
4x3s,Q8VDS3
4y5d,P22629
4yc9,O15164
5cyi,P24941
4cst,P08191
5a2j,P01727
4yz5,A0A0H2UQE4
5c0m,Q96ES7
4xyn,Q15109
4oex,O76074
4z46,P00698
4zec,Q52012
4ycv,W7JP72
4urw,P01112
4yw2,A0A0H2UQE4
4pxm,P03372
4ymq,P51449
4wph,Q93009
5ea3,P03420
4tkh,P05413
4ysl,A5VWI3
5cbr,P19491
4czs,P81461
4zdu,P52293
4wv6,P52292
5epk,Q14781
3wvm,P05413
4x1f,O75469
5boj,P02766
4rlt,P9WFK1
4xqa,Q64823
4w53,P00720
4xxh,P36673
5aba,P04637
4yyn,P21675
4ucd,P03418
5cst,D9J2T9
4x0f,Q07343
4pgd,P01901
4twt,P01375
4rgd,Q47765
5ea7,P03420
4zmf,P42527
5cyv,Q0S6D0
4qtl,P00918
4rh5,P26045
5ajo,Q10471
5fjx,P43621
5aom,P04637
4y2q,P34913
5e1s,P06213
4rra,Q9YFY3
4pgc,P01901
4yw7,Q05097
4xya,O60885
4rlw,P9WFK1
4zl4,A5K302
5efc,Q9QLL6
5e1b,Q9BV86
4urv,P01112
4wmx,P0AEX9
4x5r,P08191
5acw,Q9K2N0
4res,P05024
5efa,Q9QLL6
4rlu,P9WFK1
5d1r,P9WMC9
5d7e,P35189
4rrg,Q58597
4ym2,P56470
4odk,Q5SLE7
4w57,P00720
4oew,O76074
4qpd,E3NZ06
4y3b,
4xqb,Q64823
4qjw,O43570
2ms4,P62937
4pg9,P01901
5ahu,Q86C09
4qxt,
4wy7,
4wop,P9WPQ5
4z8a,A0A0B4JDC9
4q46,A0A0J9X1Z6
4cjn,A0A0J9X1X5
4w52,P00720
5a3o,Q9HYN5
4w5a,P46100
4pvx,P14324
4x50,P08191
4x63,O14744
5csz,
5e1m,Q9BV86
4pge,P01901
5am6,P11362
4nxq,Q13009
4rxz,O15151
4tyb,D0PY27
4u0w,O34817
5cin,
4pvy,P14324
4w55,P00720
4x5q,P08191
4ycw,Q15046
4ydn,P02766
4tkb,P05413
4zek,Q52012
4tky,P0AEG4
4xek,Q14289
4zyf,Q00987
5e8f,O43924
4wz6,P13569
5afv,P35790
5azg,Q09490
5a81,Q6PL18
4z89,A0A0B4JDC9
4q0l,O43570
4ymg,Q9HGR1
4qjp,Q8N1Q1
5a5q,Q6PL18
4q06,P00918
4zzy,Q9UGN5
5dhf,P62826
4y4v,O25255
5a46,P11362
5aoj,P04637
5dqe,Q15562
4y94,Q3ZC95
4r73,A3N294
5e73,Q9UIF8
4x5z,O00255
4uin,
5e4w,P0AA27
4yym,P21675
4xgz,
4rrf,Q58597
5dqf,P35747
3x1k,A0A0X1KGP2
4ynl,P27709
4or4,A0A0J9X1Y8
4x8o,P69441
4ret,P05024
4xbo,P0AE01
4qp1,P28482
5cs5,P14210
4x3t,Q8VDS3
4x3k,Q8VDS3
4yrd,A0A0H3JP37
4z2p,A9D857
5a7b,P04637
5btx,G8UY02
4x2s,O59010
4z7f,Q837A3
5dms,Q07832
5bnj,P49336
5cqu,P68400
4ywa,Q05097
4rwj,P11362
4u5n,P52293
4x8p,Q9UBL3
4urz,P01112
4uc5,Q9K169
5e8r,Q96LA8
4qb3,O60885
4css,P08191
4x3e,O75530
4xcb,Q2MFS1
4zba,A0A0R4I985
4ofb,P38398
4d62,Q2TLC1
4rrq,Q9UZ14
5e1o,Q9BV86
5ey9,B2HMK0
4u5s,P52293
4u5o,P52293
4ycu,Q15046
4wey,A0A0H2UL03
5cbs,P19491
4zph,P53762
3wut,Q53EZ4
2mps,Q00987
5ct1,P14210
4z2o,A9D857
4ym4,Q96CG3
5c3p,Q7RYZ9
5dtj,P21836
4qp6,P28482
4rrr,Q9UZ14
4zji,Q13153
5eay,P27694
5azf,Q09490
4y16,P11609
4x21,P53779
5ael,Q86C09
4v11,P21579
4qn9,Q6IQ20
5c5h,P37353
4pgb,P01901
5ea6,P03420
5e74,Q9UIF8
4cl6,O33877
4xy8,Q9H8M2
4tya,D0PY27
4wn5,Q9Y2N7
5e1d,Q9BV86
4u5l,P52293
4z88,A0A0B4JDC9
4r07,Q9NR97
4yef,P80386
4xc2,O95166
5d21,Q05097
4omk,O76054
5cil,
4xtt,A0A0M3KL06
4qjo,O43570
4z93,O60885
4or6,A0A0J9X1Y8
4zt8,D9J2T9
4wyp,P61823
5aer,P62168
4wet,A0A0H2UL03
3wsy,Q92673
4xmb,Q14145
4cp5,P22887
4xy9,O60885
4nxr,Q13009
5agi,Q5A9A4
4qj0,O43570
5aol,P04637
5fjw,P43621
4u7o,A0A0M3KKX3
4ucc,P03418
5ab9,P04637
4x1q,
4z6i,Q9H8M2
4y59,P22629
4x6s,Q14451
4q08,P00918
4u68,Q7JXA8
4omj,O76054
4z7q,P08514
4wyz,P61823
5e0m,Q24117
5cfb,O75311
4qiy,P00918
5a4c,P11362
5a14,P24941
4qfo,A7Y7W1
4xhv,M9NFI9
4qjx,Q8N1Q1
4qfp,A7Y7W1
4x3h,Q63053
4r75,A3N294
4uil,
4zme,P42527
5dif,P62826
4ryl,O60678
4r0a,Q9NR97
4unp,P9WKE1
5ajp,Q10471
4pyy,P00918
4x5p,P08191
4q09,P00918
4uru,P01112
4ury,P01112
5dah,P55197
5acy,O60885
4qjm,P00918
3wuv,Q53EZ4
5aut,P53355
5ahw,A0QYW6
4yy6,Q9H8M2
4zud,P0ABE7
4yyi,Q9H8M2
4uce,P03418
5bv3,Q06151
4x1p,P00749
4qy8,
4rwk,P11362
5am7,P11362
4x11,P90498
4pdk,Q9KQU8
4qyo,
4z6h,Q9H8M2
4w54,P00720
4r3s,
4xcu,P22455
4xh2,
5f2k,B2HHT4
4q07,P00918
4qiz,Q8N1Q1
3wuu,Q53EZ4
4zed,Q52012
5cgj,Q9Z2X8
5alc,
5cs3,P14210
5d1w,O05892
5ea4,P03420
4ux9,P45983
5dq8,Q15562
4xt2,P27540
4qfl,A7Y7W1
4zow,P0AEY8
4pyx,P00918
5c5t,Q84406
4wf4,A0A0H2UL03
4d52,Q4WW81
4ycl,P04191
5btr,Q96EB6
4qfn,A7Y7W1
4ymx,Q8RCC4
4u54,P52293
4oiv,Q96RI1
4xx9,O15530
5ea5,P03420
5a2i,P01727
4ty9,D0PY27
4wci,Q9Y5K6
4x8t,P08709
4qip,P15494
4xmr,Q0P864
4yw6,Q05097
5cc2,Q63226
4r74,A3N294
4yp1,Q3TBT3
4z7n,P08514
4rwl,P11362
4uu5,Q8N3R9
4x5y,O00255
4wmy,Q8WWA0
4rcg,P9WIH3
5cso,D9J2T9
4ty8,D0PY27
4zjj,Q13153
4wmv,P0AEX9
4y7r,P61964
5aoi,P04637
4qp2,P28482
5dgu,P04585
5acx,Q9K2N0
4yth,O60674
5em6,P00533
5dgw,P04585
5bry,P03366
4crc,P03951
4crb,P03951
4yo8,Q9ZMY2
4zhm,
4ytf,O60674
5em7,P00533
5dia,P11309
4ynb,Q9ZMY2
4ytc,O60674
4xuz,S5LVN3
4x0u,P49419
4rab,P00492
5bwc,P04058
4y8z,P03951
4rac,P00492
4cra,P03951
4crd,P03951
4rad,P00492
4yik,Q9NPB1
5cep,Q12852
4zbf,Q07820
4ran,P00492
4zo5,Q9Y233
4wkn,Q9ZMY2
4o2p,P00523
4zip,P03366
5ceq,Q12852
4raq,P00492
5cjf,Q9ULX7
4wkp,Q9ZMY2
4oel,P53634
4yur,O00444
4pv5,Q9CPU0
4qhc,P9WKD3
4zbi,Q07820
5dhj,P11309
4wko,Q9ZMY2
4qll,Q75I93
5em5,P00533
4r0i,Q9Y5Y6
4ty1,P11309
4wr8,P14174
4z0k,P00740
4r3b,P0AD64
4qlk,Q75I93
4crf,P03951
5cgc,P00720
5cgd,P00720
4q1a,P27707
4q99,P00918
4ymb,P22756
4rhu,P9WHQ9
4s1g,P00797
5dhh,P0ABE7
4wrb,P14174
5brn,P00492
5dhg,P0ABE7
4y8y,P03951
5bsk,P00492
5dit,Q13451
4zls,P03366
4xj0,P28482
5avi,Q13133
4rhy,P9WHQ9
5aml,P00918
4yvc,Q13464
5em8,P00533
5a69,A0A0H2US73
3wz8,P11838
5cau,P00533
3wz6,P11838
5e2p,P03951
4rhx,P9WHQ9
4ykk,A0A0R4I973
4x6n,P03951
3wz7,P11838
4yhq,P03366
5abh,Q89ZI2
4x6o,P03951
4re2,A2YPH1
4q1b,P27707
4u2w,B1VC43
4p6c,Q9KKP2
4riv,P00918
5cas,P00533
4yt7,P08709
4yve,Q13464
5fl4,Q16790
4x6i,P43235
4zz3,P22102
5a6k,A0A0H2US73
4xar,Q14832
5bml,Q13464
4y79,P00742
4rn4,P00918
4zx0,P00918
4r3c,Q16539
4ruy,P00918
4rux,P00918
4ufk,P54818
4x8v,P08709
4re4,A2YPH1
4x8s,P08709
4yti,O60674
5can,P00533
5cnj,Q14416
4zz1,P22102
5abf,Q89ZI2
4yt6,P08709
5dgz,P11309
4q87,P00918
5cnm,Q14832
4z2b,Q6L8Q7
4x6j,P43235
4z84,P00517
4um1,P58154
4xir,P07900
4q1d,P27707
5cbm,A0A024V0B1
4xnv,P00268
4xnw,P00268
4rao,P00492
5dk4,P00953
4x48,P19491
5c2e,Q9Y233
4ufl,P54818
4ufm,P54818
4qd6,Q08881
5e2o,P03951
5egm,P00740
4zqt,O96935
5c28,Q9Y233
4q9y,P00918
5caq,P00533
4re3,A2YPH1
4wbg,Q51578
5ek0,A8EVM5
5c8k,P00533
4yha,A0A0M3KL20
4ps1,Q14790
4ygf,A0A0M3KL20
4x6h,P43235
5amd,P00918
5cav,P00533
4yih,Q8TCD5
4zy4,Q13153
5cal,P00533
5c91,P46934
4xip,P07900
4wef,Q6WJ03
4y63,P16442
4zy5,Q13153
4q8y,P00918
4xas,Q14416
4q7w,P00918
4q8x,P00918
4um3,P58154
5a0e,P30405
4nct,Q13627
4zwy,P00918
4q7v,P00918
4ruz,P00918
4zwx,P00918
4u7v,P04585
5c8n,P00533
4zwz,P00918
4y8x,P03951
4zae,P00740
5edq,P00533
4u6z,P53582
4rsp,V9TU12
4x8u,P08709
5edr,P00533
4ufh,P54818
4ye3,P03366
5cao,P00533
4q7s,P00918
5byi,P00918
4yml,P0AF12
4qf9,P22756
4ykj,A0A0R4I973
4z1k,P00918
4u1b,P53582
4yx9,A0A0M3KL26
5c2a,Q9Y233
4z83,P00517
5fl6,Q16790
4xx4,P00797
4zxy,P08709
5bms,O96013
4u3f,D0VX31
4q7p,P00918
4z1n,P00918
4riu,P00918
4y0a,A0A0M3KL09
4x6m,P03951
4wcf,O76290
4z1e,P00918
5cap,P00533
4rfc,P00918
5e13,P10153
4xx3,P00797
4oem,P53634
4ufj,P54818
4zy6,Q13153
4u71,P53582
5bwb,P04058
5amg,P00918
5fl5,Q16790
4z0q,P00918
4u73,P53582
4x6p,P03951
4xit,P07900
4u69,P53582
4x3i,Q63053
4qrh,A0A0J9X1Z9
4q90,P00918
4ufi,P54818
4q83,P00918
5a6b,A0A0H2US73
5a6a,A0A0H2US73
4u6w,P53582
4z1j,P00918
4cr5,P03951
4zx1,P00918
4xaq,Q14416
4y64,P16442
4wov,P29597
4wxi,P03951
4yc0,A3UNN4
5c1w,Q9Y233
5c8m,P00533
5e2r,P00918
4xe1,P00918
5abe,Q89ZI2
4rfd,P00918
4xiq,P07900
5c29,Q9Y233
4cr9,P03951
4u6c,P53582
4u70,P53582
4zxx,P08709
4q81,P00918
4zz2,P22102
4rkx,A0A0M3KKW7
4ps0,P42574
5abg,Q89ZI2
5jau,Q13093
5j8x,P0AEB2
4yes,P00734
5jyo,O94925
5k0i,O14684
5hln,P49841
5jog,Q92905
5e91,P37173
5k0s,P59078
5lgo,P00760
5fqc,Q9K2N0
5hmh,Q00987
5ei8,P33981
5czb,O92972
5lck,P28482
5iha,Q14680
4yzu,P00740
5ftq,Q9UM73
5hex,P52789
5fwj,P41229
5g3n,P14555
5kjk,Q9NRG4
5tkd,P29597
5fxs,P08069
5hkm,O15530
5ihc,Q14680
5iu2,P41279
5fxq,P08069
5tkb,Q08499
5e90,P36897
5fp0,P34913
5kit,P43490
5hmi,Q00987
5eh0,P33981
5i2r,Q9Y233
5jjr,Q6YMS4
5b0x,P68400
5ji6,P50579
5lh8,P00760
5t68,P43405
5dri,P9WK17
5kjn,Q9NRG4
5ktx,Q92793
5i89,Q92793
5fxr,P08069
5fun,Q9UGL1
4wnm,P43405
5j1v,P49759
5aeh,Q9H2K2
5ktw,Q92793
5hls,O60885
5g3w,Q70I53
5ei2,P33981
5li3,Q9HXM1
5eth,P51449
5byz,Q13164
5hmk,Q00987
5jjs,Q6YMS4
5k4l,P29375
5jo0,Q8IKG4
5hlp,P49841
5jmp,Q8IKG4
5dw1,P25440
5k0j,P22734
5kjm,Q9NRG4
5eec,Q9F663
5kre,Q5VWZ2
5ei6,P33981
5bns,P0A6R0
5jyp,O94925
5f3i,O75164
5i8b,Q92793
5hzn,P08069
5lz9,Q13093
5f3g,O75164
5jbi,Q8IKG4
5byy,Q13164
5f3e,O75164
5he2,P21146
5eud,Q67PY4
5ee8,P0AD64
5f2f,P08191
5hfu,P52789
5g1c,Q70I53
5kr8,P56817
5ecv,P9WK17
5jic,Q2FWC7
5dy5,Q8IXJ6
5jmw,Q8IKG4
5a8y,P08246
5he0,P21146
5eue,Q67PY4
5ih8,Q14680
5enh,Q8WWQ0
5j1w,P49759
5jc1,Q8IKG4
5ejv,P51449
5hx8,P23458
5cls,P50579
5jat,Q13093
4yqu,P78417
5jap,Q13093
5lcj,P28482
5kzi,P11309
5eob,P08581
5enf,Q8WWQ0
5fbn,Q06187
5jnl,Q8IKG4
5lc0,A0A140DLX4
5m55,P51955
5lma,P43405
5hk9,A0A0H2ZD27
5itd,P42336
5lsy,Q9BYW2
5he3,P21146
5jaz,Q8IKG4
5i5x,O15382
5fq9,P14489
5f2s,O75164
5he1,P25098
5ke0,P63086
5edi,Q9Y233
5kqf,P56817
5toz,P52333
5k4x,G7CNL4
5fbo,Q06187
5eol,P11309
5fcw,Q9BY41
5c20,A9XG43
5t4b,P27487
5hka,A0A0H2ZD27
5fqb,P04190
5b5b,P13053
5k5e,P06276
5b4k,Q9Y233
5dp8,A9XG43
5hm0,O60885
5elz,Q2FWC7
5lss,Q9BYW2
5lyh,Q460N5
5f9e,Q04759
5dgm,P14324
5bnr,P0A6R0
5jiy,Q96KQ7
4ztq,O14965
5i86,Q92793
4z22,P46925
5a4e,Q13627
5fpu,Q9UGL1
5dcz,Q9H2K2
5ene,Q8WWQ0
5koq,P00797
5kqd,Q9H999
5hmy,Q6YMS4
5ih5,P48730
5eak,Q7KZI7
5ktu,Q92793
5lxp,Q460N5
4yht,P15056
4wn0,Q5PPM0
5ism,P27487
5fah,P49862
5dp9,A9XG43
5enb,Q8WWQ0
5ehy,P33981
5m53,P51955
5ivt,G0X8E8
5k0f,P22734
5a3x,Q13627
5bqi,O14684
5a54,Q13627
5i5z,P49336
5lz8,Q13093
5f3c,O75164
5j4y,P03072
5joh,Q92905
5drc,P9WK17
5k0b,P22734
5b4l,Q9Y233
5k0c,P22734
5k09,P22734
5c1y,A9XG43
5ho8,O15530
5t6g,Q83883
5lsx,Q9BYW2
5trj,Q9WMX2
5ax3,P28482
5cuq,C0LMU0
5lrk,P09955
5lrg,P09955
5jlz,P01903
5a4t,Q13627
5e8z,P36897
5kos,P00797
5j4v,P03072
5t6f,Q83883
5f37,O75164
5e0g,Q83883
5k0t,P59078
5fgk,P49336
5c1x,A9XG43
5ha9,P09874
5duf,P9WNP1
5jas,Q13093
5i7u,P27487
5ieg,Q8BHN3
4yqv,P78417
5lrj,P09955
4xuh,P37231
5jzn,O15075
5lxc,Q92630
5dlv,Q64610
4ufu,Q9H2K2
5jdc,O76290
5jim,P02766
5hx6,Q13546
5kbq,Q13153
5lj0,Q6PL18
5dsx,Q8TEK3
5f32,O75164
5f2w,O75164
5iee,Q8BHN3
5t4f,P27487
5lj2,O60885
5ceh,P29375
5i59,P35439
4q15,Q8I5R7
5k05,P22734
5sy2,P00797
5jgd,O43318
5i58,P35439
5ghv,P43405
5i12,P14780
5axi,Q3TTA7
5sxn,P00797
5b1s,Q4DA73
5hn7,A5K4U6
5j5t,Q8IVH8
5db3,O00255
5kkr,Q6VAB6
5ewm,A0A1L8F5J9
5dv2,Q96LI5
5dxg,P03372
5m57,P51955
5kde,P9WI55
5emk,O14744
5i40,Q9H8M2
5ewj,A0A1L8F5J9
5dtq,Q8TEK3
4ui3,Q9H2K2
5ehp,Q06124
5jgb,O43318
5t1a,P00720
5tt7,P43405
5ku3,O60885
5khx,P23458
5fbe,P00746
5lmb,P43405
5dt2,Q8TEK3
5j75,
5ezz,P56817
5lyy,Q13093
5dp6,A9XG43
5lg3,E0SJQ4
5bpp,P09960
5eko,O15264
5acb,O75909
5tjx,P03952
5bnm,P0A6R0
5l72,O35904
5fwa,Q3UKX1
4ui5,Q9H2K2
5kgx,P12497
5kgw,P12497
5jrq,P15056
5bqg,O14684
5hvy,P49336
5l4h,Q7NDN8
5ful,Q3UKX1
5h7h,P41182
5jid,P02766
5dp5,A9XG43
5ho7,O15530
5dgj,Q83883
5a7c,Q15059
5i0l,P39900
5kls,A8EVM5
5fum,P21836
5j3s,O95551
5m51,P51955
5k5s,P41180
5fqt,P03372
5eyd,P08581
5adq,Q9H2K2
5fqp,P03372
5ads,Q9H2K2
5adt,Q9H2K2
5lwn,P52333
5f1z,P29597
5ans,P36639
5f4n,O14757
5emm,O14744
5bqs,C1CIR8
4zs0,O14965
5jar,Q13093
4zsj,Q13164
5g3m,O15496
5adr,Q9H2K2
5hbe,P49336
5jin,Q96KQ7
5icv,Q9H7X0
5e0h,Q83883
5jga,O43318
5hbj,P49336
5ih6,P48730
5idn,P49336
5hzx,Q7ZWC3
5hkb,A0A0H2ZD27
5a4q,Q13627
5ho6,P08581
5fus,B4EKM5
5dry,Q8TEK3
5d7a,Q9UKE5
5jr6,A0A144A2H0
5lsc,B8QIQ9
5j5d,P9WP25
5f1l,Q9H8M2
5jq9,A0A2S9PLG4
5di1,O95819
5hl9,P02919
5hld,P02919
5eml,O14744
5dpa,A9XG43
4xwk,P21447
4r5y,P15056
5l4e,Q7NDN8
5eif,P27915
5kmh,A8EVM5
5f00,P56817
5cuh,P14780
5hlw,P08581
5db2,O00255
4zts,O14965
5dyt,P06276
5ei4,O60885
5kbr,Q13153
5jsm,P15056
5gjf,O43318
4ui8,Q9H2K2
4yh3,O60885
5l8t,Q9UIF8
5eym,Q02750
5dp7,A9XG43
5fqr,P03372
5e7r,O43318
4yh4,O60885
5arg,Q9NRG4
5h8x,P22894
5to8,Q14289
5k4i,P28482
5izq,P15328
5db1,O00255
5lxd,Q92630
5tr6,P43405
5lkr,P06276
5iv4,Q96PN6
5anq,O75164
5a8z,P08246
5lt6,Q9BYW2
5a4l,Q13627
5icp,P49336
5f94,P49841
5fdp,Q08345
5f20,P29597
5i94,O94925
4yqm,P78417
5jt2,P15056
5emj,O14744
5tol,P56817
5ety,O95271
4y5i,P31947
5fi6,O94925
5f02,P07711
5f0h,P9WMC1
5lay,Q00987
5dv4,Q96LI5
5ifu,Q8I5R7
5ehg,P27915
5dh3,Q13188
5i24,B3PEE6
5db0,O00255
5kx8,Q9NWZ3
4xhl,P29295
5kx7,Q9NWZ3
5jcj,O76290
5sz9,P00797
5f6u,P63279
5j79,O43353
5eyk,Q6DE08
5dxe,P03372
5jdi,O76290
5eyc,P08581
5dtr,Q8TEK3
5i83,Q92793
5j47,P03072
5fi7,O94925
5iuh,Q9UM73
5i3m,P39900
5f1u,Q9PPB4
5l44,A0A1L1QK30
5cuu,Q4JH30
5e8w,P36897
4zcw,P09104
5amn,P07949
5drt,Q8TEK3
5sy3,P00797
5d6f,P50579
5f01,P56817
4ui7,Q9H2K2
5t4e,P27487
4yxd,Q0QF01
5jnn,O80992
5fqs,P03372
4z16,P52333
5ely,Q04609
5ehi,P27915
4ui4,Q9H2K2
5idp,P49336
5k8v,Q9WVG6
5fue,A5H660
5l98,Q9UIF8
5l99,Q9UIF8
5laz,Q00987
5lax,P01903
5hbh,P49336
5i56,P35439
5jiq,P02766
5a7i,P32019
5f6v,P63279
5ief,Q8BHN3
5kmf,A8EVM5
5hn9,A5K4U6
5jrs,Q06187
5cei,P49336
4ynk,P13053
5hna,A5K4U6
5i4o,P39900
4uhg,Q9H2K2
5l6p,P54753
5i23,B3PEE6
5jfr,P50579
4wi1,Q8I5R7
5j7b,O43353
5kdf,P9WI55
5kcv,P31749
5ivs,Q77VV3
5trk,Q9WMX2
5hg1,P52789
5a8x,P08246
5hm3,O53580
5e0j,Q83883
5gjg,O43318
5a7j,P32019
5th7,Q9NQR1
5dp4,A9XG43
5i43,P39900
5fqv,P03372
4za0,P09104
5hor,P08581
5j6d,P17752
4z8d,P0A6R0
5kqg,P24666
5g11,Q9HXM1
5hoa,P08581
5l6o,P54753
5enm,P56817
5kup,Q06187
4ufy,Q9H2K2
5i13,P03433
5trh,Q9WMX2
5fi2,O94925
5ega,C3W5S0
5i2z,P39900
5da3,Q13882
5k4j,P24941
5lqq,Q64610
5law,Q00987
5tri,Q9WMX2
5lav,Q00987
4ui6,Q9H2K2
5dg6,Q83883
5ax9,Q9UKE5
5enk,P56817
5jyy,R4NFR6
5f39,O75164
5i0b,O96013
5g10,Q9HXM1
5k1i,Q08499
5ezx,P56817
5loh,Q96GX5
5t4h,P27487
5ekx,P27915
5ddc,O00255
5hn8,A5K4U6
5hlb,P02919
5f95,P49841
5hng,O15530
5eiw,P27915
5d29,Q04609
5anu,P36639
5g2n,P48736
5anv,P36639
5k5n,P49841
5anw,P36639
5fa7,Q9EXV5
5ih9,Q14680
5j5x,P17612
5fck,P00746
5fd2,P15056
5e89,P17931
5izj,P17612
5g1n,P27708
5fnu,Q9Z2X8
4zam,P0AD64
5fao,Q9EXV5
5fap,Q9EXV5
5f4l,C6G099
5i22,O00499
5ive,P29375
5e8a,P17931
5a2s,P56524
5el2,Q8I8T0
5i8g,Q92793
5l7k,Q13432
5ags,P9WFV1
5fas,Q6XEC0
5ivj,P29375
5isl,P29375
5e88,P17931
5izu,Q4ACU6
5hvs,P14174
5hvt,P14174
5tbm,Q99814
5h9p,P17931
5ijp,G0SCH1
5f4p,C6G099
5hva,Q9RS96
5f4u,C6G099
5fat,Q6XEC0
5f4r,C6G099
5agt,P9WFV1
5teg,Q9NQR1
5lwe,P51686
2mwy,O15151
5dx4,O60885
5cqt,O60885
5eci,Q9SKE2
5khi,O88703
5js3,P00800
2rvn,Q61686
5ech,Q9SKE2
5elv,P19491
5cy9,O60885
5ggn,Q8WZA1
5jt9,P00800
5iw0,P29375
5izk,P57772
5l3j,P0AES6
4y24,P09382
5i2e,P49773
5t1l,
5ejl,G3FT00
5ijj,G0RY29
5j19,P53350
5izf,P17612
5ggk,Q8WZA1
4znx,P06241
5e2n,Q8N1Q1
5l4i,P02766
4rfr,P05050
5etr,Q2G0Q5
5j31,P63104
5jvi,P00800
5kau,A0A0H3JRN6
5igq,Q8NHY2
5aqt,P11142
5ivy,P29375
5cu4,P68400
5jss,P00800
5dbm,Q92793
5etq,Q2G0Q5
5jxn,P00800
5aqv,P11142
2n8t,Q62940
5in9,P41148
5d0r,Q96PN6
5ant,P36639
5duc,P9WNP1
5ivv,P29375
5i2f,P49773
5ewz,P63104
5khk,O88703
5kbe,Q43965
5lz5,Q13093
5gmh,B3Y653
5k8n,D3WZ85
5eom,Q13394
5ix1,F7BJB9
5i3y,P56817
2n9x,Q9GZQ8
5t52,P86993
5t1k,
5k6s,Q13362
5swf,Q13362
5ekm,P00918
5kbh,Q43965
5d25,O60885
5h7g,P41182
5lwd,P00800
5ggp,Q8WZA1
5etv,Q2G0Q5
4zfi,Q00987
5hff,P31016
5ett,Q2G0Q5
5h5r,P36969
5svx,Q14149
5lz7,Q13093
5ee7,P00720
5htl,Q9KUV7
5i3w,P56817
5ar0,P0DMV8
2n0u,O15151
5f1c,G3MM57
5kax,Q8KFZ1
4ybj,P00523
5j18,P15056
2n0w,O15151
5ftg,P35790
5k4z,G7CNL4
5fnt,Q9Z2X8
5svy,Q14149
5l0c,P18206
5etp,P26281
5eel,Q14451
5e7n,P27694
5h9r,P17931
5d26,O60885
5t54,P86993
5d3l,O60885
5aqq,P11142
5ggo,Q8WZA1
5kbg,Q43965
5egs,Q96LA8
5hip,P20581
5k8o,D3WZ85
5kcb,A0A0H3JRN6
5aqu,P11142
5aei,
5ekh,P00918
5k7h,Q1D4I5
5heb,P31016
4yjl,P25054
5drs,P00918
5g2g,P07445
4xo8,P08191
5ets,Q2G0Q5
5fb1,P23497
5fh6,Q86U86
5hja,Q6TUJ5
5ivc,P29375
5izm,P57772
5hv0,A0A4Y1WAP5
5lvl,O15530
5cp5,O60885
5lwm,P52333
5eh5,P00918
5ipj,P11309
5d3s,O60885
5fsy,C9ZP98
5kbf,Q7KQK0
5lif,P00800
5svz,P52293
5t5g,Q9NQR1
5ivn,
5fyq,Q8IXJ6
5eng,Q92793
5l4f,P02766
5lso,Q96I25
5aqo,P11142
5egu,O60885
5ez0,P29074
5dw2,O60885
5etk,P26281
5iay,Q96T88
5tb6,Q92793
5aip,Q7DD70
4z5w,Q8LPB4
5ih2,Q64010
5t1m,
5il1,Q86U44
5aqn,P11142
5izl,P57772
5e2q,Q9NY33
5eeq,Q14451
5eta,Q16539
5dlz,O60885
5fsn,P36639
5fos,O74036
5eis,O60885
5itf,
5hf1,P31016
4z0f,A0A024UZE1
5h5q,P36969
5ikb,Q01812
5hfc,P31016
5j74,
4z07,Q13976
5du8,P9WNP1
5fsx,C9ZP98
5ekn,O15264
5ehw,P00918
5fpp,P21836
5c85,P55201
5eqy,P35790
5t6j,Q04477
5g4n,P04637
5jek,Q14653
5flq,P00918
5j3v,Q92973
5knj,Q8NB16
4yx4,P00918
4yhz,
4zv2,
5icx,
2n06,O15151
5fou,O74036
4rqi,Q15554
5t1i,Q13185
4zki,A0A0M3KKX3
5flt,P00918
5hbn,P37571
5i1q,P21675
5gjd,O43318
5d3t,O60885
5etu,
5ezg,P9WMC1
5fng,P00918
5f1j,P9WMC1
5eqe,P35790
5ii2,Q86U86
5iyv,P47735
5fb7,A0A093VKV7
5fh7,Q86U86
5g4m,P04637
5j0d,Q92793
5f1h,Q9H8M2
5csd,A0A093VKV7
5l3a,O60674
2ncz,O60885
5ewk,C9Z6T8
4yje,P25054
5ie1,P56817
5btv,P31947
5f90,H2FH31
5iy4,P12004
5jeo,Q99FX5
5eu1,Q9H8M2
4yb7,Q5HSJ4
5hyq,
2n3k,O60885
4ybk,P00523
5exw,P11021
5htc,Q8TF76
5d7x,P55201
5etx,C1KIK8
4yc8,P00519
5fov,O74036
5a3r,P04191
5ggl,Q8WZA1
5etf,Q16539
5aqf,P11142
5jq7,Q05320
5i3v,P56817
5fbi,P00746
5i29,P21675
5ckr,O66465
5esq,
5lp6,P81947
5ggj,Q8WZA1
5fh8,Q86U86
5htb,Q8TF76
5id0,
5ewh,P55201
5fwr,P08191
5er4,P02638
5lne,A0A0H2V7F6
5klt,P52293
5hbs,P09455
5i8p,Q13093
5khj,O88703
5tca,P00746
5his,P20581
5ia0,P29317
4yb5,Q5HSJ4
5l9g,A0A109C781
4yk0,Q92793
5k03,P22734
5fv7,P39748
5ia2,P29317
2ndg,P42568
5hjq,Q9VIH7
5f1r,P22262
5klr,P52293
4yk6,Q5JTC6
5aqr,P11142
4ysi,Q93009
5a3s,P04191
5eld,D6R7L2
5hjb,P42568
5aqp,P11142
5f0f,P9WMC1
5ekj,P00918
5tcc,P00746
5ey0,A7X1N2
5epn,C1KIK8
2n1g,Q9UBZ9
5d0c,O60885
5d6y,O75164
5c4l,O68183
5hey,P31016
5l0h,P18206
5g46,P51449
5d1n,C7Q5P8
5eje,P69441
5eto,P26281
5svl,P56373
5hgc,H0ZQY2
5khd,F2RCL8
5i9y,P29317
5a3q,P04191
5sxm,P61964
5em9,Q8K4V4
5fe9,Q92831
5khg,O88703
5ixq,P47735
5dus,K9N638
5g43,P51449
5lvn,O15530
5a6x,A0A0H2ZE85
5aqj,P11142
5dkn,P02638
5fog,B6AA20
5f3t,Q6YMS4
5fs5,P08191
5tdw,P36124
4d7b,P02766
5fol,B6AA20
5eq1,P55201
5l2w,P24941
5aqk,P11142
5klp,Q6VE93
5kh7,Q9UBN7
5awu,Q9BQI5
5hog,Q01454
5ko1,Q8NB16
5ji8,Q9H8M2
5er5,P02638
5etl,P26281
5ezh,P9WMC1
5fsl,P36639
5lvr,Q92831
5hu9,P00519
5ia5,P29317
5ixt,P47735
5i8c,
4xtm,P81371
5syn,O95372
5hfb,P31016
5iql,Q9ULM3
5c4k,O68183
2n7b,Q9NYZ4
5d2a,Q9HYN5
5csh,P68400
4zs9,A0A1A9TA69
5jr2,P54764
5c2o,Q8DSE5
5i88,O60885
5dva,Q6XEC0
5dts,Q6XEC0
2n27,P0DP23
5fpk,O74036
5b56,P52293
5hes,Q9NYL2
5tdr,P36124
4yhp,P68431
5etb,P55201
5elq,Q8K4V4
5lz4,Q13093
5f3z,Q6YMS4
5evz,P11021
4zgk,Q00987
4ze6,P11838
5svk,P56373
5cks,P0AB91
5iop,
5avf,Q9KL26
5aqz,P0DMV8
5fb0,P23497
5ii1,Q86U86
4y4j,P11838
5hrw,Q86U86
5gu4,P02879
5ave,A0A0H3AES3
5b4w,O43157
5dtw,P9WNP1
5agr,P9WFV1
5etm,P26281
5aqh,P11142
5tbn,Q9BVI0
5dlx,O60885
5f2u,O43924
5e3a,Q9NY33
5eoc,
5th2,
5dtt,Q6XEC0
5awt,Q9BQI5
5i9x,P29317
5kew,Q87GI4
4yxi,P00918
5aqg,P11142
5ly3,A3MWN5
5i25,P03951
5fnd,P07900
5l8n,P51161
5eh7,P00918
5eok,P03951
5gr9,Q9FII5
5a7y,Q4J894
5gic,P13053
5a5v,Q0P8Q4
5eb3,Q9I4L4
5jal,Q13093
5gow,Q14186
5d6j,A0R618
5fut,P35790
5i38,B2ZB02
5jox,A7LXT8
5hed,P31016
5fni,P00918
5g4o,P04637
5f2p,Q9H8M2
5epy,C1KIK8
5eps,P55201
5h9q,P47929
5doh,P00918
5f08,P9WMC1
5ixf,O75886
5chk,P02701
4xoc,Q0T8Y8
5dpw,Q9BXW4
5eou,G3XD28
5tef,Q8TEQ6
5ihh,P02766
5elf,P01556
5etn,P26281
4y3y,P11838
5kbi,Q43965
5czm,P39900
5edl,O34738
5cqx,P0AE70
2n14,O15151
5dx3,P03372
5l4m,P02766
5ehe,P00918
4yb6,Q5HSJ4
5igm,Q9H8M2
5d0j,Q14451
5igk,O60885
5l8o,P51161
5ayy,Q15274
5ks7,Q9KHT9
5l2i,Q00534
4yyt,P00918
5hfj,O24891
5erg,P41814
5d3x,Q8TCU6
5igl,Q8IZX4
5hjc,Q15059
5iug,Q9UM73
5hgq,E1FQP0
5l3f,O60341
5mf6,Q8N6T7
4zcs,Q8IEE9
5meh,B0SWV2
5hyr,P03372
5khh,O88703
4y38,P11838
5fe7,Q92831
5ia3,P29317
5i9i,Q13093
5eqp,P35790
5fns,Q9Z2X8
5hrv,Q86U86
5l9o,Q7D447
5csw,P15056
5ek9,P25440
5ect,P9WNS5
5hrx,Q86U86
5hwu,Q9RS96
5ep7,Q92793
5faq,Q6XEC0
5kxc,A0A1D5B395
5gs9,Q8WTX7
5d3j,O60885
5du4,P9WNP1
4zv1,
5d24,O60885
5icz,
5hjd,P42568
5ema,Q8K4V4
5iq6,Q6YMS4
5ejw,Q8VDS3
5dtk,Q6XEC0
5ewy,C9Z6T8
5g45,P51449
5fnj,P00918
5duw,P56470
5edd,P9WNS5
5ia4,P29317
5f2r,P11021
5i7y,Q9H8M2
5ia1,P29317
5i7x,Q9H8M2
4xtp,P81371
5arf,Q9NRG4
4r06,P37231
5l4j,P02766
5ei3,P06730
4zij,P0AEG4
5b2d,Q9WAF5
5a6i,P02766
5f9b,P37231
5id1,
5f8y,H2FH31
5ajc,A0A0S4TLR1
4yxu,P00918
5dxb,P03372
5cu2,P68400
5fnr,Q9Z2X8
5ad1,Q0P8Q4
5huw,P52293
5e2m,P00915
5l3g,O60341
2ndf,P42568
5csp,P68400
4ztr,O14965
5dkr,P02638
5eyr,P9WMC1
5e80,O43924
5emb,Q8K4V4
4z0e,A0A024UZE1
5g1p,P27708
5fdz,Q92831
4y3j,P11838
5hhx,Q16552
5kh3,Q9UBN7
5svi,Q14149
4z0d,A0A024UZE1
5i80,O60885
5en3,P02766
5ttf,Q96KQ7
5eqq,C1KIK8
5ljj,P33981
2nd0,O60885
5cs6,P68400
5l2t,Q00534
5ha1,P09455
5fox,O74036
5flp,P00918
5ito,P35120
5bw4,C7Q5P8
5fe6,Q92831
5fot,O74036
5f41,Q6YMS4
5l3e,O60341
5k8s,Q7KQK0
5brz,P04439
5kva,C5Z4W3
5csx,P15056
5u4x,Q86X55
5jqb,Q05320
5epp,P55072
5f74,Q9CQV8
5d3p,O60885
5e5g,O53512
5hda,Q15326
5fnf,P07900
5lbq,O60341
4ud7,Q00987
5fpi,P84092
5lom,Q7D447
5hpm,
5flo,P00918
5ehr,Q06124
5lvq,Q92831
5ey4,P11021
5eb2,Q9I4L4
5bs0,P04439
5gid,P13053
5dnu,A0A0M3PN85
5d3h,O60885
5f1x,P11021
5e6o,Q23536
5l9l,A0A109C781
5fnc,P07900
5kat,A0A0H3JRN6
5hv1,A0A0S2YLC8
5hwv,A5W4E3
5eh8,P00918
5j32,P93832
5hkh,P61960
5icy,
5dd0,
5e2v,
5l2s,Q00534
5h9s,P47929
5t3n,Q7KQK0
5kq5,P54645
4z7o,P08514
5luu,O60885
5f25,Q9H8M2
5h5s,P36969
5ehv,P00918
5ff6,
5huy,P52293
5fom,B6AA20
5du6,P9WNP1
4ue1,Q00987
5iok,P35189
4xoe,Q0T8Y8
5i3x,P56817
5d3n,O60885
4yxo,P00918
5itp,P35120
5lli,Q15370
5epr,P55201
5e2l,O53512
5fls,P00918
4zsh,P19793
5fow,O74036
5jan,Q13093
5glu,A0A1L1QJZ7
5e3d,P55201
5ld8,P9WQD9
5i9z,P29317
5l9i,A0A109C781
4zy1,A0A024V0B1
5cxa,P39900
2n9e,Q96RL1
4ydg,P03362
5hz6,P15090
4zy0,A0A024V0B1
4zyq,A0A024V0B1
5hct,P11838
4zw3,O96935
5b25,Q01064
5d48,P15090
5edc,P15090
5diu,Q13451
4zx9,A0A024V0B1
5i3a,B2ZB02
4zx3,O96935
5j7p,P14174
4zx8,A0A024V0B1
4zx4,O96935
4zy2,A0A0L7M119
5l2z,P08709
5d47,P15090
5d45,P15090
5hz9,P05413
5a9u,Q9UM73
5div,Q13451
5k0h,P00742
5ayt,P02766
5l2y,P08709
5edb,P15090
5fho,P19491
5lxb,Q8WSF8
5ew0,Q9RMI1
5l7e,P08235
5kr1,V5YAB1
5sz4,P00918
5dh5,Q9Y233
5sz7,P00918
5iwg,Q92769
4ufd,P00734
5fdr,Q07820
5jfp,P03366
5aaa,Q9UM73
5kqy,C8BD48
5iub,P0ABE7
5ix0,Q92769
5hz8,P15090
5iu4,P0ABE7
5cgv,C3W5S0
5eei,F8W4B7
5dxt,P42336
5kr0,C8BD48
5dhu,Q8Y8D7
4zx5,O96935
5cr7,P49902
4zj8,O43613
5eek,F8W4B7
5l30,P08709
5aab,Q9UM73
5l7f,P39900
5sz0,P00918
5e2s,P00918
5trf,Q00987
5een,F8W4B7
4zjc,O43613
4zw8,O96935
5hj9,Q6TUJ5
5ef8,F8W4B7
5aac,Q9UM73
5iu7,P0ABE7
5fhn,P19491
5sz1,P00918
5d2r,B5ZAD9
5k13,P10276
4uja,P17612
5jg1,P03366
4zw6,O96935
5evb,P52700
4zyu,P22102
5evd,P52700
5iua,P0ABE7
4ujb,P17612
5kby,P27487
5hcy,P00533
4yv8,P43235
5f5b,P09391
4uff,P00734
5j5r,G7CNL4
5kyj,P55055
5jf2,Q8E378
5evk,P52700
5jy3,P55055
5f1v,Q9PPB4
5e28,P00918
5j7w,Q834R3
5hi7,Q9H7B4
5elw,O23346
5ewa,P52699
5k51,Q07010
5hdv,P56817
5dhp,Q8Y8D7
5j9z,P00533
5ayf,Q8WTS6
4ycn,P04191
5kxi,P43681
5iu8,P0ABE7
5j41,P09211
5fdi,P00918
5jf8,Q8E378
4ycm,P04191
4zyt,P22102
4zw7,O96935
5l7g,P08235
5sz2,P00918
5dht,Q8Y8D7
5ef7,F8W4B7
5dxh,P42336
5cj6,P10275
5hu1,P56817
5edu,P0AEX9
5foo,Q99YP9
5hdu,P56817
5sz3,P00918
5htz,P56817
5he4,P56817
5hk2,Q99720
5sz5,P00918
5dfp,Q13153
5dex,P35439
5kz0,Q9UM73
5eg4,P00760
4zyv,P22102
5jsq,Q07010
5el9,O23346
5exn,P03951
5j7q,P14174
5d75,Q00688
5eie,P21836
5sym,O75608
4uj9,P17612
5hcv,P08235
5ij7,G1KPH4
5dhq,Q8Y8D7
5dey,Q13153
5fl1,Q89ZI2
5dhr,Q8Y8D7
5kqx,C8BD48
5hg5,P00533
5efj,F8W4B7
5fl0,Q89ZI2
5exl,P03951
5kr2,V5YAB1
5he5,P56817
5hg9,P00533
4uj1,P17612
5fdc,P00918
5jf3,Q8E378
5fdo,Q07820
5efb,F8W4B7
5cdh,Q9APF7
5hk1,Q99720
5ime,Q13153
4zw5,O96935
5fky,Q89ZI2
5hcx,P00533
5i4v,P55055
5hg8,P00533
5eef,F8W4B7
5dqc,P56817
5dxu,O00329
5hd0,P56817
5hdx,P56817
5j8z,P00918
5hg7,P00533
5eij,P00918
5kzq,Q14416
5hdz,P56817
5l7h,P08235
5j4n,P60061
5g53,P29274
5kap,Q07010
4zx6,O96935
5dh4,Q9Y233
5j9f,P22102
5fto,Q9UM73
5hu0,P56817
5exm,P03951
5khm,O60885
5he7,P56817
5j9y,P00533
5jf6,Q8E378
5kdr,Q2FXM7
5jf5,Q8E378
5fcz,O85361
5f91,P9WN93
5aa9,Q9UM73
5jf1,Q8E378
5jf4,Q8E378
5m1z,B8ZY56
4zyz,P22102
4zyw,P22102
4ydf,Q82134
5dhs,Q8Y8D7
5jxq,P28720
5kam,Q07010
4ufg,P00734
4ufe,P00734
5jfu,P03366
4zyx,P22102
5aa8,Q9UM73
5efh,F8W4B7
5kya,P55055
5ev8,P52699
5jf7,Q8E378
4zz0,P22102
5fhm,P19491
4uj2,P17612
5sz6,P00918
6bfa,A0A0F7UUA6
5tza,O00408
4zyy,P22102
5e2k,P00918
5u00,O00408
5nhv,P28482
5nhj,P28482
5vgo,Q06187
6b8u,P15056
5xs2,P49336
5a6h,P00918
6bfd,P56817
5nb7,P00746
5nob,Q9H2K2
5q0m,Q96RI1
5q1c,Q96RI1
6b8j,P49841
6b4w,P33981
5k76,Q9NWZ3
5q0n,Q96RI1
5q1a,Q96RI1
5q15,Q96RI1
5trs,P9WHU1
5o83,O35904
5trg,P9WHU1
5try,P9WHU1
5q16,Q96RI1
5tzc,O00408
5wg3,P25098
5ts0,P9WHU1
5w5o,O43353
5tzz,O00408
5ngb,O35904
5tys,G0X8E8
5tx5,Q13546
5q0v,Q96RI1
5q14,Q96RI1
5tho,A5U4D5
5v88,P00720
5nhp,P28482
5uoy,Q01064
5v1b,Q96KS0
5lgu,O60341
5ngu,P28482
5ox6,Q9GZT9
5q0o,Q96RI1
5lyx,P50579
5q0p,Q96RI1
5ohj,Q07343
5ukm,P21146
5pzn,Q9WMX2
5trr,P9WHU1
5mmp,P0AES7
5lmk,P24941
5nev,P24941
5tzx,O00408
5q1b,Q96RI1
5n4s,Q9K2N0
5q19,Q96RI1
5q0w,Q96RI1
5q0x,Q96RI1
5j7f,Q00987
5nba,P00746
5ggz,P07900
5j7g,Q00987
5q0s,Q96RI1
5naw,P00746
5uwf,Q9Y233
5wg5,P25098
5q18,Q96RI1
5v86,P00720
5y3n,Q12931
5t1u,P56817
5t1w,P56817
5lgs,Q9WVG6
5q1f,Q96RI1
6bfx,P56817
5lgp,Q9WVG6
6b3e,Q9NYV4
5lgq,Q9WVG6
5lgr,Q9WVG6
5q13,Q96RI1
5m5q,Q92905
5wg4,P25098
5gso,E7E815
5l13,P05091
5ofx,Q7N561
5q1e,Q96RI1
5mhq,P24941
5y3o,Q12931
5l2m,P00352
5x9p,P41182
5tz3,O00408
5qc4,P25774
5ngs,P36639
5g0q,C1F2K5
5v3y,I6X8D2
5wo4,P23458
5v84,Q9BXF3
5q0u,Q96RI1
5o11,P11309
5q0j,Q96RI1
5l6h,P22515
5t90,P58154
5v42,I6X8D2
5ugd,P00747
6bfw,P56817
5t37,O14684
5m0s,Q64610
5lqf,P06493
5l15,R4NFR6
5jz9,P9WNH5
5v3x,I6X8D2
5b5p,P45452
5uiu,Q9NWZ3
5yjp,P23946
5tyr,G0X8E8
5kcx,P11309
5uyu,P56817
5lgt,O60341
5wys,P08659
5nsp,Q9H2K2
5l6j,P22515
5vfd,Q8RLA6
5h19,O75530
5mz3,Q16539
6eqs,Q9NXA8
5wre,L7R9I1
5mm9,B5KVR9
5ugg,P00747
5wbz,P50053
5lp1,Q13093
6ax1,Q99685
5uqv,Q93009
5xqx,P49336
5qbv,P25774
5up0,Q01064
6eo0,Q6DHI5
5tuq,P03366
5jzb,P9WNH5
5ncy,O35904
5n3w,P09960
5vqx,P03366
5nar,P00746
5tex,P11309
6ayd,P11309
5vqz,P03366
5vqy,P03366
5jzs,P9WNH5
5tyn,Q25252
5vp1,O00408
5vqv,P03366
5odu,Q7N561
5nb6,P00746
6aud,P48736
5q1i,Q96RI1
5l17,R4NFR6
5uqx,Q93009
5vp0,O00408
5u9d,Q06187
5mat,Q8IXJ6
5gub,D1AWE0
5u7d,O00408
5ukk,P25098
5n1v,P68400
5tzh,O00408
5ntw,P51449
5ukl,P25098
5v41,I6X8D2
5t2m,O35904
5t2d,O35904
5t8e,P10275
5l2o,P00352
5q0q,Q96RI1
5usf,A0A3Q8ID88
5lyw,P50579
5vom,O60885
5nqe,Q460N5
5lub,Q99538
5q1d,Q96RI1
5urk,O75643
5ntp,P51449
5yjk,P49862
5h17,O75530
5m0d,Q64610
5jv1,P14324
6enx,Q6DHI5
5vlp,Q8NBP7
5ncz,O35904
5vfc,P61964
5wuu,O60885
5gmp,P00533
5y1y,O60885
5kgn,G5EFZ1
5vo6,P52333
5tzw,O00408
5ur1,P11362
5tur,P11309
5jv0,P14324
5gsw,E7E815
5n4t,Q9K2N0
5v8v,P00797
5wr7,P04629
5pzm,Q9WMX2
5wfj,P52333
5ngt,P36639
5oxg,Q04771
6bfe,P56817
5vrp,P00797
5ku9,P97287
5q0z,Q96RI1
5u5h,O75530
5wbq,P50053
5vqr,P03366
5j9k,Q5NBT9
5kv9,G8G134
5h15,O75530
5tx3,Q14680
5u3b,P47205
5v40,I6X8D2
5ta6,P53350
5tob,Q14289
5tg1,Q83883
5w5j,O43353
5tbj,Q9WVG6
5u62,O75530
5t23,P48736
5k32,Q08499
5y5n,Q8IXJ6
5ni0,Q9K2N0
5gx6,D1AWE0
5q0y,Q96RI1
5y9l,P49862
5xaf,P81947
5vpm,P00797
5twl,Q14680
5t2p,L7R9I1
5usq,P36897
5vqt,P03366
5le1,Q9K2N0
5ul5,Q28175
5ml5,Q16539
5w85,Q9NWZ3
5h0g,P08631
5h13,O75530
5h0b,P08631
5gn5,D3KVM3
5vgi,O75164
5ti7,O60885
5up3,Q99683
5gn6,D3KVM3
5izc,O76290
5wqa,Q08499
5lzj,P01556
5mli,O60885
5ly2,O75164
5mxv,P9WMC1
5myd,
5tq6,O60674
5kj0,O60885
5h09,P08631
5twz,Q14680
6eks,P0C6E9
5ne3,B2FRP5
5kv8,G8G134
5wej,Q83883
5tyl,Q25252
5tpg,P17752
5x79,P09211
5iaw,Q96RI1
5lcf,Q9K2N0
5uis,Q9NWZ3
5ulg,Q28175
5wbr,P50053
5t92,P03372
5lx6,Q53GL7
5b5o,P45452
5uuu,P25098
5m6h,P98170
5t97,P03372
5gty,P00533
5inh,Q9R1E6
5mwd,P41182
5u2f,O60885
5mw6,P41182
5t8j,P10275
5nu1,P51449
5t2i,O35904
5tl9,O14684
5vqw,P03366
5t2y,Q0P9D1
5vqs,P03366
5td2,Q12866
5nhy,P36639
5tq3,O60674
5toe,P11309
5tw3,P03366
5lhg,O60341
5l2n,P00352
5lch,Q9K2N0
5lgn,O60341
5h6v,H8XX12
5ox5,Q9GZT9
5gx7,D1AWE0
5mkx,Q92831
5mkz,O60885
5ov9,P21836
5ubt,O00329
5xmv,A5K8L9
5op6,Q9NWT6
5h0e,P08631
5u6v,P25440
5ti6,O60885
5tyk,Q25252
5sxk,P42336
5myr,P9WMC1
5lhu,P9WMN1
5n9t,Q93009
5mja,P54762
5m6f,P98170
5tq8,O60674
5xmr,A5K8L9
5mw3,Q8TEK3
5u2c,O60885
5vex,P00720
5k5c,A0A117IMA6
5xkm,O00408
5tq7,O60674
5m39,O60885
5ngr,P36639
5xmt,A5K8L9
5tc0,Q12866
5typ,Q25252
5ti2,O60885
5ti4,O60885
5wpb,Q9UBN7
5swh,P00523
5ual,P0A7Z4
5q0r,Q96RI1
5q1g,Q96RI1
5u2e,O60885
5q0t,Q96RI1
5w86,P52333
5m3a,O60885
5k1v,Q6P179
5opc,Q9NWT6
5teh,P00523
5mky,Q9H8M2
5mjb,P54762
6b1o,P27487
5t28,O35904
5x8i,P49759
5jh6,O43318
5xzr,Q06124
5ttv,P52333
5t66,G3G192
5mym,P9WMC1
5tg2,Q83883
5ksx,P14324
5xmu,A5K8L9
5v8q,P10275
5myn,P9WMC1
5twx,Q9H8M2
5orx,O14965
5u5t,O75530
5k6a,O76290
5myv,P78362
5ntq,P51449
5vnd,P11362
5mxx,Q96SB4
5swg,P42336
5lca,Q9K2N0
5j9l,O43318
5l01,P17752
5tyj,Q25252
5uwm,P45452
6b1e,P27487
5w84,Q9NWZ3
5m7m,Q13822
5h22,P07901
5mrd,O15530
6ez6,O35904
5u7j,O00408
5npd,B3PEE6
5v5e,O40922
5uah,P0A7Z4
5q0l,Q96RI1
5juz,P14324
5k0x,Q12866
5m6u,O00329
5tq4,O60674
5vlr,O00329
5nhz,Q9K2N0
5llm,P43003
5q12,Q96RI1
5qby,P25774
5mxk,P9WMC1
5dyw,P06276
5v24,Q99683
5uit,Q9NWZ3
5tnt,P00740
5u7l,O00408
5mri,Q99523
5xmp,A5K8L9
5mar,Q8IXJ6
5gvl,A5K8L9
5ue4,P14780
5ti3,O60885
5v9t,P29375
5ti5,O60885
5l6i,P22515
5t36,O14684
5ttu,P52333
5mkj,P19793
5t4u,P55201
5uox,Q99683
5m6m,P98170
5sys,P00523
5j8i,O43318
5ne1,Q9RBQ1
5t2b,O35904
5gnk,P00533
5n49,O95696
5urm,O75643
5urj,O75643
5v5d,O40922
5ml0,Q9JHD1
5vlk,Q8NBP7
5v19,Q99683
5mys,P9WMC1
5j7s,O43318
5vqq,P03366
6eku,P0C6E9
5q0i,Q96RI1
5one,O14965
5q17,Q96RI1
5tq5,O60674
5t1t,Q9NWZ3
5uiq,Q9NWZ3
5o0s,F6BL85
5tts,P52333
5npf,F6BL85
5lvx,P04062
5dyy,P06276
5x5o,Q9NYL2
5tiu,P43405
5q10,Q96RI1
5tyo,Q25252
5uor,Q99683
5t2l,O35904
5lhh,O60341
5h21,O60885
5v83,P00720
5ubg,Q5HSJ4
5t4v,P55201
5mwo,P9WMC1
5v7t,Q460N5
5uvc,P25098
5n20,P41182
5v3o,Q16531
5op8,Q9NWT6
5h3q,P04629
5v7i,P34897
5mih,Q05097
5h0h,P08631
5hcl,O60885
5u7i,O00408
5ksv,P01909
5q11,Q96RI1
5u7k,O00408
5vew,P00720
5xms,A5K8L9
5lm6,Q9K2N0
5ogk,P40107
5mrh,Q99523
5jk3,O43318
5lhi,O60341
5q1h,Q96RI1
5t2g,O35904
5mts,P08191
5vqu,P03366
6eyz,O35904
5v9p,P29375
5oy3,O15054
5k00,Q14680
5h2u,Q13882
5ur5,O49686
5t27,O35904
5vee,O96013
5uir,Q9NWZ3
5xg4,P00749
5tyh,Q0P9D1
5h14,O75530
5o4y,Q9NZQ7
5n2f,Q9NZQ7
5jmx,P04190
5npb,B3PEE6
5ur6,O49686
5ksu,P01909
5t1s,Q9NWZ3
6bfn,P51617
5w4w,P48730
5uwl,P45452
5or9,Q9UIF8
5v5n,O43318
5v7w,Q460N5
5ntk,P51449
5ick,Q96RI1
5myl,P9WMC1
5gn7,Q26710
5xvk,O55239
5u5k,O75530
5o45,Q9NZQ7
5gn9,Q26710
5mqv,P48730
5xvq,F7ERX8
5gvk,A5K8L9
5org,P0A4F8
5n1z,P41182
5ul6,P46108
5llg,P00918
5jur,Q30NP1
5ufr,P51449
6euw,Q2LG68
5h1e,P13053
5nmf,P04439
5lyr,D6D1V7
5uhi,P51449
5n8b,P22629
5kly,P49773
5ufo,P51449
5lle,P00918
5ukj,P42336
5llh,P00918
5km5,Q9BX68
5x4q,P41182
5m63,
5tyi,Q14451
5nme,P04439
5m34,P37028
5h1t,O15164
6axl,
5m3b,P37028
5wa9,P49773
5h1v,O15164
5vr8,O60701
6ayi,P0ACT6
5yu9,P00533
5u06,Q14451
5vlh,Q8NBP7
5mev,P97287
5iz6,P25054
5wyx,Q9NR97
5k48,Q9K2N0
5w10,Q72MQ6
5unj,O00482
5nu3,Q92793
5na0,P33981
5ul1,P42336
5nwk,P93343
5mb1,A0A0H2ZE85
5u98,P01889
6axk,
5wtt,
5g1a,Q70I53
5n69,Q9BE39
5mxf,C7BLE4
5may,A0A0H2ZE85
5mes,P97287
5h1u,O15164
5g17,Q70I53
5xg5,
5nxq,Q01454
5vb5,P51449
5g60,A0A0H2URD6
5lsh,P61626
5jop,
5v79,P0AC13
5klz,P49773
5wbl,Q93YQ1
5v7a,P0AC13
5vll,Q8NBP7
5llc,P00918
5m04,P42641
5u4a,P02766
5vb6,P51449
5n8w,P22629
5u4f,P02766
5u4e,P02766
5llo,O43570
5g61,A0A0H2URD6
5u48,P02766
5gut,P13864
5uk8,P42336
5oku,Q6N193
6aol,P41148
5u4d,P02766
5n87,P33981
5t2t,P14240
5vqi,Q9C2K9
5wa8,P49773
5nu5,Q09472
5gmv,Q9GZQ8
5ybe,Q6AXG6
6aom,P41148
5llp,O43570
5wqk,Q99J99
5bjt,P55899
6awn,P31645
5wl0,Q67296
5nwi,P93343
5t18,Q06187
5km1,P49773
5j20,P07900
5o0a,B1MDL6
5vad,P07814
5u4g,P02766
5wxh,Q5VWG9
5u49,P02766
5nfb,P17931
5fso,P36639
5u0y,P0AC13
5n2x,P00800
5n58,Q8GKX2
5w7j,Q8IUH5
5n0f,Q9Z4P9
5nkb,P29317
5nai,Q8GKX2
5y5w,Q9Y657
5tvn,P0ABE7
5u0z,P0AC13
5u4c,P02766
5n55,Q8GKX2
5wbk,Q93YQ1
5mmg,Q92793
5tbe,Q16539
5h08,P23471
5v4b,P63208
5n21,P41182
5nad,P33981
5u1q,Q14451
5xyf,Q9BSI4
5tpc,P0DPI1
5hlm,P02701
6eqp,P06276
5u2j,P68431
5h63,Q8ZNP4
5lto,Q9HW91
5tqs,P08487
5ttw,O75530
5lo5,P07900
5wa4,D6Y504
5kk8,A0A3Q0KJ78
5ngz,Q9NPD8
6eux,Q5V8X3
5mty,Q16539
5gg4,Q93009
5k0m,O75530
5y48,D9J2T9
5mme,Q92793
5n31,P00800
5tdb,Q8IWV8
5oei,Q6N193
5mql,P27707
5mo8,P68400
5m9d,Q05543
5ofw,O43175
5vsk,Q93009
5hki,P9WHK9
5lrq,O60885
5ota,P35120
5n8t,P22629
5n7v,P33981
5lpj,Q92793
5wle,Q9VG78
5gj9,Q41931
5u4b,P02766
5mgk,Q9UIF9
5vdw,Q8N884
5vdu,Q8N884
5vdv,Q8N884
5t70,P01889
5vse,Q96KQ7
5nmg,P04439
5j82,P07900
5nkk,O62301
5vs6,Q93009
5x54,Q14145
5mra,P30626
5vc5,P30291
6azl,P01834
5usz,O60674
5m5d,D6D1V7
5v35,Q9NZN9
5j71,Q15119
5nn4,P10253
5w7i,Q8IUH5
5vcw,Q99640
5ta2,P62937
5xw6,E1C6P3
5w6i,P03452
5lws,P11838
5n84,P33981
5x4m,P41182
5orv,O14965
6b7b,P0A6I6
5f63,O60885
5lpl,Q92793
5ut0,O60674
5mk1,Q9H3S7
5v5y,P30291
5tci,P9WFY1
5ioz,A5U9I4
6b7f,P0A6I6
5vc6,P30291
5jsg,Q9Y657
5ml2,O43924
5ldm,A0A140NFI1
5wxg,Q5VWG9
5wkf,P04439
5ipc,P49773
5j6l,P07900
5wyq,Q02RL6
5vwi,Q14160
5mi3,P0CE47
5j64,P07900
5wuk,O75530
5wkh,P04439
5ku6,P22748
5vfm,Q9IAT9
5uc1,G5AQS2
5nk6,P29317
5u5l,P37231
6bnh,O60885
5vcv,Q99640
5kj2,Q09472
5lvf,Q05543
5uwi,P62826
5orl,O14965
5jn9,P22748
5gvp,A5K8L9
5wbf,O24911
5j8m,P07900
5uwp,P62826
5os4,O14965
5mi5,Q89ZI2
5jzi,P04439
5nvw,Q15370
5ugh,P31153
5oug,
5njz,P29317
5v8o,Q8N884
5orr,O14965
5nvz,Q15370
6bhh,Q15047
5j3l,P9WMC1
5ntt,P33981
5x9h,Q5SMG8
5mtx,Q16539
5ldo,A0A140NFI1
5w5s,P03452
5j6a,Q15119
5mg2,P21675
5iyy,O14786
5j6n,P07900
5lla,Q8N1Q1
5gmn,P00918
5j27,P07900
5wqd,Q15554
5u7m,Q2N0S5
5y62,Q9I4L4
5gvm,A5K8L9
5nk2,P29317
5os2,O14965
5j9x,P07900
5otc,P35120
5x73,O43924
5y61,Q9I4L4
5o58,Q9X1T1
5wip,Q17U16
5j2x,P07900
5wlg,P01899
5kma,P49773
5u66,
5nkc,P29317
5nk4,P29317
5nki,P29317
5mro,P69834
5o2d,Q460N5
5n18,Q5A4W8
6asz,P05205
6esj,P06276
5ouh,
5gv2,Q8WTX7
5lvd,P00800
5n93,P33981
5n9s,P33981
5g5z,A0A0H2URD6
6euv,P31345
6azk,P01834
5tpb,P0DPI1
5nbw,
6ayh,A0A1S0ZXA5
5j6m,P07900
5x74,O43924
5n8j,P22629
5n9r,Q93009
5mgx,P02829
5lpm,Q09472
5gja,Q41931
6au5,P01834
5n53,O43175
5jy0,F8WQK8
5szc,Q92784
5nvv,Q15370
6bw3,Q09028
5uwj,P62826
5h85,Q92793
5ipa,A5U9I4
5tgc,Q12406
5vdq,Q8N884
5wbm,P50053
5nkg,P29317
5vfj,Q9IAT9
5w99,U5Q3T2
5kab,P18031
5yjm,P23946
5xvu,Q8IIR9
5vdt,Q8N884
5m17,D6D1V7
5wyz,Q9NR97
5w94,P40090
5nk8,P29317
5tcy,Q0P8Q4
5moc,P31947
6bhe,Q15047
5jq5,P24941
5n34,P00800
5wic,Q17U16
5b6c,P55072
5ulp,A0A024B7W1
5jhk,O14786
5j1r,P9WMC1
5m77,Q9Z4P9
5km3,P49773
5ujv,A0A2D1UXN2
5lud,P62937
5mwj,Q04724
5nw1,Q15370
5ta4,P62937
5oq4,P48736
5v13,Q16Y94
5jgq,O14786
5n7g,P07355
5nkh,P29317
5t9w,P62937
5ofv,O43175
5t9u,P62937
5ka3,P18031
5u0g,P00918
5vdk,P0C1S8
5ovr,P54829
5nkd,P29317
5k9w,P18031
5vcy,Q99640
5os0,O14965
5cpr,Q4FZB7
5h5o,B0RM05
6ezq,P02768
5vd3,Q99640
5vcx,Q99640
5ko5,A0A0U3AGT1
5w6t,P03452
5vkm,P20273
5v2l,Q837E0
5u0d,P00918
5w6r,P03452
5hyx,C0LGR3
5gmm,P00915
5tzy,O14842
5mqt,P27707
5mrp,P69834
5lpk,Q09472
6b7e,P0A6I6
5ly1,O75164
5tpx,Q8IB67
5tq1,P08487
6bw4,Q09028
5w1w,P13747
5mn1,P00760
5mnb,P00760
5mnx,P00760
5mon,P00760
5nn6,P10253
5mav,P12004
5jnc,P22748
5vwk,Q14160
5mnr,P00800
5vzy,P0DOX5
5ty8,P00918
5jjm,P10275
5nka,P29317
5u0f,P00918
5txy,P00918
5mod,P68400
5u13,P0AC13
5nw0,Q15370
5jhd,P04439
5vfn,Q9IAT9
5m2q,P0A910
5ovx,P54829
5myg,P55201
5w88,P19429
5nw2,Q15370
5w6u,P03452
5usy,O60674
5tya,P00918
5vd0,Q99640
5ma7,P00800
5wcl,P19429
5isz,P04439
5wii,Q17U16
5w4r,P51449
6b7a,P0A6I6
5ndd,P00720
5ory,O14965
5b6g,P25054
5f61,O60885
5j8u,P07900
5o91,P33981
5h5f,Q12314
5w1v,P13747
5ka1,P18031
5x62,P53934
5os3,O14965
5mk9,B0L7B0
5kad,P18031
5nk3,P29317
5jm4,P63104
5km2,P49773
5tus,P23921
5n70,V5HCK7
5vi6,Q9BY41
5ne5,B0SWV2
5tw5,P11609
5ka9,P18031
5j1x,O14786
5wrs,Q96MK3
5mek,Q9C9C9
5wqj,Q99J99
5u11,P0AC13
5fsc,B0CZL6
5u14,P0AC13
5n8e,P22629
5mz8,A9SS48
5nf9,P17931
5mi9,P0CE47
5mlo,P12004
5n17,Q5A4W8
5km0,P49773
5ufp,Q99814
5tuz,Q9H9B1
5l26,G4CRQ5
5m29,P37028
5tcj,P9WFY1
5wp5,Q944H0
5lny,P07900
5n2z,P00800
5orz,O14965
5f60,O60885
5ut4,O60674
5vcz,Q99640
5t78,
5vc4,P30291
5n3v,P00800
5os5,O14965
5yc1,Q9BUZ4
5tuy,Q96KQ7
5jna,P22748
5tgy,
5wbp,P50053
5w38,P01860
5ka7,P18031
5x72,O43924
5nk7,P29317
5goe,Q8IWA4
5mrb,P33981
5ogl,B9KDD4
5gmu,P39912
5mnc,P00760
5moo,P00760
5ttg,Q9H9B1
5u9i,Q9NZN9
5mka,B0L7B0
5m28,B0L7B0
5ll4,P00918
5os1,O14965
5jsj,Q9Y657
5mqe,Q92793
5y59,Q04437
5v2q,Q8VGC3
5v2p,Q8VGC3
5g5f,A0A1P8NWC2
5tw2,P11609
5ltn,P14240
5mny,P00760
5twj,P0A8I8
5irr,A8IYS5
5mxo,P31947
5j86,P07900
5lsg,P37231
5n7x,P22629
5xup,P54274
5nfa,P17931
5b5g,P22629
5nzo,O43175
5b5f,P22629
5m9w,P00800
5jn8,P22748
5w1e,Q9Z4X2
5tzo,P18429
5jgi,O14786
5vsc,Q96KQ7
5mgj,Q9UIF9
6b7d,P0A6I6
5mgf,Q9UIF8
5moe,P68400
6bhi,Q15047
5km9,Q9BX68
5mi6,Q89ZI2
5t8r,Q9UIF9
5vsd,Q9H9B1
2ndo,P0AEG4
5lo6,P07900
5uff,
6au2,Q15047
5u0w,P0AC13
5ut6,O60674
5n16,Q5A4W8
5fsb,B0CZL6
5x9o,P41182
5tv1,P32120
5xxk,Q00987
5x13,E0TW95
5ty9,P00918
5if6,
5nzp,O43175
5myx,
5lu2,P31947
5ty1,P00918
5go2,P39912
5ufc,
5n99,P22629
5tco,Q16539
5f62,O60885
5tbp,P19793
5ofi,Q7N561
5wbo,P50053
5jcb,Q2XVP4
5osd,O14965
5ot8,P35120
5t6z,P01889
5ijr,O14786
5w5u,P03452
5nge,Q93009
5lt9,Q9HW91
5xn3,Q99619
5u28,O60885
5vgy,P00918
5t35,O60885
5t9z,P62937
5ldp,A0A140NFI1
5gtr,P03372
5fyx,Q9VWX8
5ldk,A0A140NFI1
5o0b,B1MDL6
5x4n,P41182
6b7c,P0A6I6
6awp,P31645
5ja0,P14324
5t8q,Q9WUL6
5ose,O14965
5ioy,A5U9I4
5vsb,Q93009
6f0y,P32447
5u0e,P00918
5n1x,P41182
5gp7,O95271
5kww,M1E1E4
5ngf,Q93009
5w4v,P51449
5szb,Q92784
5aan,Q9VWX8
5kej,A0A1P8NWC2
5njx,Q13451
5u7o,Q2N0S5
5kzp,
5nk9,P29317
5umz,P52293
5my8,Q96SB4
5ow1,P54829
5vc3,P30291
5nvy,Q15370
5vd2,P30291
5u12,P0AC13
5n2t,P00800
5mi7,Q89ZI2
6axp,P01834
5t7s,O00214
5mtv,Q9EQP2
5orw,O14965
5gsa,O75530
5wir,Q8NA31
5o4z,Q9X1T1
5mpz,Q92793
5ll9,O43570
5f5z,O60885
5ot9,P35120
5jhb,P48736
5t6p,
5j7j,P0DP33
5uxf,Q8VC28
5mge,Q9UIF8
5vdp,Q8N884
5gs4,P03372
5ml8,O43924
5x4o,P41182
5ort,O14965
5lyn,Q12118
5mk3,Q9H3S7
5n3y,P00800
5nzq,O43175
5wio,Q17U16
5mrm,P69834
6b27,Q6ZMT1
6bhd,Q15047
5mlw,P12004
5x4p,P41182
5gvn,A5K8L9
5ll5,O43570
5gof,Q8IWA4
5nz2,A4ZF98
6ayn,P01834
5nyz,A4ZF98
5nvx,Q15370
5mob,K4CN56
5vd1,Q99640
5oui,
5xo2,Q9UKJ1
5xof,Q9UKJ1
6eww,P63104
5vsf,Q9H9B1
5wal,P29597
5w7u,C3W5S0
5mw4,Q8TEK3
6at0,P05205
5wlo,Q72498
5vo1,Q12852
5oq5,O14757
5oq6,O14757
5opb,O14757
5oot,O14757
5wb6,P03951
5ult,P03366
5uov,P03366
5uv5,P03366
5mim,P09958
5nee,P00918
5mqy,P07711
5opv,O14757
5opu,O14757
5lpd,P00734
5we9,C3W5S0
5v82,P11309
5iu6,P0ABP8
5u6b,P30530
5vo2,Q12852
5nea,P00918
5h4j,P33316
5q0f,P03951
5hz5,Q01469
5tku,P03951
5op4,O14757
5q0g,P03951
5jzy,P00734
5xp7,P00523
5tdi,P43235
5vb7,P51449
5g22,A5K1A2
6b97,O00408
5w9g,C3W5S0
5op5,O14757
5m4q,P12955
5jfd,P00734
5op2,O14757
5tqg,P08709
5n8v,Q8IEW2
5unf,P0ABE7
5t8o,Q9WUL6
6b4l,Q07820
5mby,P12955
5wev,O60674
5oq7,O14757
5waf,Q6DRA1
5wyr,Q02RL6
5hh6,P52700
5ura,O15540
5wef,C3W5S0
5ung,P0ABE7
5unh,P0ABE7
5hh5,P52700
5kns,P0A9M2
5upz,P03366
5q0e,P03951
5m7s,O60502
5vp9,P26664
5q0d,P03951
5knx,P0A9M2
5ur9,Q01469
5m23,P61964
5ws3,O43614
5hh4,P52699
5wqc,O43614
5t8p,Q9WUL6
5x5g,A0A0B6VPP7
5mlj,Q92830
5n24,P00918
5knr,P0A9M2
5ndf,Q10471
5uex,O60885
5ljt,P00918
5kyk,P01116
5oq8,O14757
5uoo,O60885
5gwa,A0A0B6VPP7
5w3i,C3W5S0
5v8p,P0DPI1
5td7,F1QCV2
5wcm,Q89GW5
5g2b,Q8WQX9
5vkc,Q07820
5n1s,P00918
5gwy,P0C6U6
5qcm,P03951
5n1r,P00918
5u8f,O75530
6eo8,P00734
5vtb,Q09028
5uig,P0ABE7
5l8a,Q8IEW2
5jha,P48736
6en5,P12821
5q0h,P03951
5qcl,P03951
5nih,P19491
5uwn,P45452
5hvu,Q13464
5m56,P19784
5m4f,P68400
5thj,P00918
5knv,P0A9M2
5m4u,P19784
5vjp,P49435
5ugc,P00533
5uln,P00918
5u8a,O75530
5th4,P00918
6b96,O00408
5m4i,P68400
5k1f,Q99QC1
5obj,O14965
5nf5,P22756
5ueu,O60885
5n25,P00918
5wae,Q6DRA1
5mhp,Q13822
5mae,P07711
5mte,Q6VT21
6eo9,P00734
5neb,P22756
5ugb,P00533
5mkr,P0DMV8
5uga,P00533
5gwz,P0C6V6
5mks,P0DMV8
5tt3,A0A0M3KL20
5tqe,P08709
5ljq,P00918
5ng9,P19491
5nfh,Q38C91
5uf0,O60885
5iz8,P25054
5m4k,Q15119
5upf,P43490
6awo,P31645
5uwk,P45452
5osk,P81947
5u6d,O75530
6esy,P06276
5v4q,P19440
5uv1,A0A1C9J6A7
5k1d,Q99QC1
5knu,P0A9M2
5y7w,P70365
5un9,O60502
5opr,O14757
6b4u,Q07820
5w13,Q6DRA1
6b98,O00408
5o4f,P42264
5mjn,P00918
5u6j,P08709
5iez,Q07820
5qck,P03951
5tg6,Q8RLA6
5vij,P35439
5thi,P00918
5u8c,P35439
5tg7,Q8RLA6
5kks,Q13464
5nx2,P43220
5iza,P25054
5n0d,P00918
5nn5,P10253
5ug8,P00533
5tp0,P35030
5tkt,P03951
5voj,P26664
5wei,C3W5S0
6f3f,P05480
5m7t,O60502
5n0e,P00918
5tt8,A0A0M3KL20
5iz9,P25054
5tuo,A0A0M3KL20
5g57,Q8WQX9
5mfs,P04825
5maj,P07711
5ufs,A0A1X8XLE9
5t19,P18031
5dpx,P52700
5mft,P04825
5vih,P35439
5knt,P0A9M2
5o07,P00918
5wac,Q6DRA1
5uv2,A0A1C9J6A7
5m2v,P22756
6b16,Q13153
5obr,O14965
6ep4,P06276
5ufi,Q96GG9
5nf6,P42264
6equ,P00918
5g1z,A5K1A2
5m4c,P68400
5w14,Q6DRA1
5tg4,Q8RLA6
5uey,O60885
5mfr,P04825
5w12,Q6DRA1
5vii,P35439
5vt4,Q9L1K2
5wzr,G5ELM1
5m44,P68400
5om9,P15085
5m25,P61964
5ofu,O97193
5u69,O75530
5ti0,P00918
5wex,P00918
5tfx,P00918
5v0n,P56817
5wag,Q6DRA1
5qcn,P03951
5w8v,P00492
5tks,P03951
5v6u,P55210
5wad,Q6DRA1
5v1y,Q16186
5u94,P9WI81
5kez,P04746
5xhr,P05364
5n6s,Q08638
5tv3,A0A0M3KL20
5ula,O60885
5l87,Q8IEW2
5two,P37231
5ops,O14757
5nin,P0DP23
5m7u,O60502
5vsj,Q9L1K2
5vjn,P49435
5j87,Q06187
5m0m,Q64610
5uez,O60885
5tg5,Q8RLA6
5thn,P00918
5upe,P43490
6f22,P36639
6ccy,P31749
5kpk,P49841
5qil,P36897
5ug9,P00533
6c6o,P9WK17
5qim,P36897
6f23,P36639
6f3d,Q9NWZ3
5xyz,Q06187
6ffn,P04936
6c4g,A5K302
5ni5,P51449
5y6e,Q9K2N0
5o7e,Q46085
6ba7,P9WK17
6do3,Q9Y2U9
5lce,P00734
5yg3,A0A1G4H5I1
5nib,P51449
6esn,P51449
6df7,U3KMH2
6do4,Q9Y2U9
6ckx,Q9NYV4
5owc,O15496
6df4,U3KMH2
5kpm,P49841
6fex,Q08345
6fgq,P51449
6bbu,P23458
6f3i,Q9NWZ3
5ni8,P51449
6hvj,Q16875
5ni7,P51449
6cck,P0A6I6
6f1x,P36639
6ed6,O75116
6bfp,P00760
6gin,Q04771
6bir,P01903
6frf,Q92793
5yg4,A0A1G4H5I1
6hvh,Q16875
6h1i,O00625
5qin,P37173
6ft8,P49759
5osy,Q96C86
5yso,P62508
6dzq,C3W5S0
6cz3,Q13882
6gip,Q04771
5y6d,Q9K2N0
6mr5,F8W4B7
6ffs,P04936
6do5,Q9Y2U9
6f3g,Q9NWZ3
6dcz,C3W5S0
6cco,P0A6I6
6cje,Q9HBH9
6ew3,D1MEN9
6f3e,Q9NWZ3
6bu1,P9WK17
6cgp,A7YT55
6cz4,Q13882
6h7z,Q04609
6ggn,Q00987
5wzu,Q9NZK7
6f5h,Q93009
5t31,P49841
5lh4,P00760
5ncq,P04191
5wdj,P05164
6ft9,P49759
6bsk,P11309
6cis,O60885
6q73,O35904
5ux4,P24268
6hkz,Q04609
6fqo,Q92793
5wgd,P03372
6fr0,Q92793
6ep9,Q06187
5mwa,P34913
6apz,P9WK17
5w8i,P00338
6gi6,Q04771
5y8c,O60885
6etj,Q16875
5g6u,Q9UJ71
6hdq,O60885
6ciy,O60885
5x02,P36888
6c7d,O00408
6biy,P01903
5wzv,Q9NZK7
6giu,P29218
6ft4,O60885
5wzt,Q9NZK7
6c2y,P25098
6czv,O60885
6cmr,Q06124
6ccq,P0A6I6
6g4m,P04058
5y8w,O60885
6hdo,Q6PL18
5wzs,Q9NZK7
6biz,P01903
6cw8,F8W4B7
5zh2,W7JP72
6f2n,P04190
6c7f,O00408
6g5j,O15496
5yzd,Q786F3
6dqb,P29375
6biv,P01903
5z9e,P0AES6
6g6w,O00329
6e9w,Q13464
5yve,P56373
6bix,P01903
6dqa,P29375
6c8p,P9WK17
5wgq,P03372
6h7y,Q04609
6ft3,O60885
6bx6,P54646
6i8l,Q9Y657
6eum,P04190
6mx8,Q9UM73
6acb,O76074
6hvi,Q16875
5o7n,A0A173FE28
5ylt,Q8WTS6
6bin,P01903
6c7i,O00408
5y0z,Q8IXJ6
6czu,O60885
5l9h,Q8WQX9
6fkp,Q9UIF9
6bjo,Q9NRD5
6d4o,A0A174ZZA3
6gy1,P22734
5z4o,P0AES6
5kpl,P49841
6ar4,Q9NRD5
6bil,P01903
5x27,P00533
6ffh,P00720
5zun,Q99685
6axb,P9WK17
6h1h,O00625
6f5l,Q04609
5y8z,O60885
5zz4,Q06187
6gop,P23639
6aak,P52333
6iil,P54578
6iin,P54578
6e4f,Q06187
5o7i,Q13164
6aum,P34913
5yqo,Q8IXJ6
5wkl,K9N638
6f8u,Q08499
5y86,O43781
6bbv,O60674
6bij,P01903
5okt,P48730
5w0e,Q92793
6e9l,P00517
6hkj,Q04609
5z4h,P0AES6
6cyb,O00408
6e99,P00517
5nr7,P9WKE1
6dl9,P9WK17
6ck6,Q9HBH9
5zob,Q32ZE1
5zwe,P13053
5zfi,Q91VE3
5xgh,P42336
6bkh,Q06187
6au9,P9WK17
5wzw,Q9NZK7
5zz2,O76074
6hmx,O43353
6g3y,O08760
6few,Q08345
6bqa,Q9H8M2
5w0i,P45481
6c7j,O00408
5zeq,P09955
6fil,Q08345
5vil,Q99683
6dko,P9WK17
6g8n,P23639
5yof,Q32ZE1
5mwg,P55201
6bln,Q06187
5wg8,P53041
6bib,Q83883
6hjj,O14965
6c7b,P9WK17
5yjf,P40261
5zwh,P13053
5zwf,P13053
6g7f,P23639
6h7u,A0A1L8Y4Q3
6br2,P51449
5mxq,Q9K2N0
6br3,P51449
6cjw,Q9HBH9
5nwd,Q9H2K2
6c0u,P17612
5ows,Q9H2K2
6hzp,A0A1L8Y4Q3
5xpn,P13053
6ev0,P22262
6gn1,P49841
6c5t,P37231
6bl1,O75874
5nq5,P9WKE1
5wi1,P43490
5yfz,A0A1G4H5I1
5w0q,Q92793
5yjy,P32340
6f34,Q5L1G5
6dvl,F8W4B7
6fdq,B0B9A0
6hsz,A5H660
6g93,P28482
6eqm,P56817
5xv7,Q96SB4
6fyv,Q9HAZ1
5wfc,G0S8H7
6h3k,P33981
6fnx,O60885
6hu0,A5H660
6fr2,P34913
6iik,P54578
5nra,Q13231
6gl3,Q9UBF8
6by8,O00255
5nut,Q9H2K2
5nzm,Q4QDU3
5wh6,Q08499
5w2p,P9WQD9
6fo7,Q9PTN2
6hu2,A5H660
6ful,O15550
5yg2,A0A1G4H5I1
6e2n,Q99683
5olb,Q9R1E6
5mzg,P53368
5xyx,Q16539
5w2q,P9WQD9
6bg3,P00720
6dvn,F8W4B7
6cq4,Q9UHD2
6as6,P9WK17
5nvh,Q9H2K2
6fyp,P49761
6dxg,Q86WV6
6eox,P39900
5ocj,P9WQN9
6bsm,P13497
6g2a,P54922
5nrf,Q13231
6cho,P0A6I6
5nwb,Q9H2K2
5uz0,P31939
6cyc,O00408
5nvf,Q9H2K2
5w0f,Q92793
6ez9,Q04609
6c2x,P9WK17
6f8v,Q08499
5nr8,Q13231
5yz7,Q10QA5
6fo9,Q9PTN2
6f6u,Q08499
5nt4,Q9H2K2
6c7g,O00408
5zmq,Q32ZE1
6fo8,Q9PTN2
6cef,Q9UBN7
6bmx,Q06124
6htz,A5H660
6f8x,Q08499
6gxu,A5H660
6di1,Q06187
6chm,P0A6I6
6ht8,A5H660
5w0l,Q92793
6hu1,A5H660
6ftn,O35904
5y5u,P43405
6h9b,D0VWZ0
6buv,P9WJJ5
6bg5,P00720
6bqk,P27958
6ge0,P28482
5of0,Q04609
6ds0,P0ABE7
6fqu,Q92793
6fdc,Q08499
6bt0,Q15382
6g4n,P04058
5y93,O60885
6es0,O43353
5zwi,P13053
6hd4,P00520
6g1u,P04058
6bic,Q83883
6bid,Q83883
6c7e,O00408
6q6y,O35904
6ew7,P41182
6ezg,P04058
5vio,Q99683
6fyi,P49760
5xpl,P13053
5o48,A5K1A2
6dlj,P9WK17
5yov,O60885
6fdu,B0B9A0
6gmd,P68400
5zh3,W7JP72
5nat,P00746
5wvd,Q9BUB5
6f8r,Q08499
5y5t,P43405
6fzu,P51449
6e2m,Q99683
5o1s,P18654
6g28,P54922
6g9a,P28482
6htt,A5H660
6c5q,P37231
6fob,Q9PTN2
5qik,P36897
6ccs,P0A6I6
5w8h,P00338
6bmv,Q06124
6cjy,Q9HBH9
6dxx,Q02083
5xpm,P13053
5o9h,P21730
6f8w,Q08499
5wjj,Q16539
6fgl,Q9UIF9
5wfd,G0S8H7
6ary,Q869C3
6dud,P52333
6hjk,O14965
5yql,Q8IXJ6
6bky,O75874
6ccl,P0A6I6
5xst,P09874
6gx3,A5H660
5nt0,Q9H2K2
5oae,B2ZB02
6fn9,P63104
5wg6,Q15022
6esm,P14780
6ela,P39900
5nwh,Q9UKK9
5yzc,Q786F3
6cyd,O00408
6g07,P51449
6g9n,P28482
6exm,P22262
5x33,A0A097J792
6ewe,P04190
6b41,O00255
5ohi,Q9R1E6
6mrg,P97612
5o4s,P55201
6cen,Q9BZ95
5xag,P81947
6hm6,P43405
6b31,P51449
6dcy,C3W5S0
6eji,O86151
6aah,P23458
6ccn,P0A6I6
6fu5,O43353
6alc,Q92793
6g91,P28482
6ehh,P53368
5ye7,Q13093
6c0r,P03366
6cjh,Q9HBH9
6ek3,Q460N3
5wi0,P43490
6d8e,P00533
6cq0,Q9UHD2
5nve,Q9H2K2
5ye9,Q13093
6ekd,P53779
5yun,P40947
6ce8,Q9UBN7
6fyk,P49760
6gh9,Q9Y4E8
6g9h,P28482
5xpp,P13053
6g8m,P23639
6g9j,P28482
6c0n,P03366
6dvm,F8W4B7
6g97,P28482
6duh,P03366
6chq,P0A6I6
6cd4,O60885
6g9d,P28482
5zh5,W7JP72
6enm,P39900
6bke,Q06187
6aam,P29597
5nsx,Q9H2K2
6dgt,O35904
6g9k,P28482
6bl2,O75874
6cqf,Q92918
6bkx,O75874
5xig,S8G8I1
6gxw,A5H660
6fer,Q16832
6gih,P68400
6c0t,Q13976
6arv,Q86X55
6ck3,Q9HBH9
6bq0,Q99685
6da4,P52333
6cec,Q9UBN7
5yji,O55239
6ei4,B2ZB02
6db4,P52333
5x28,P00533
6g0w,Q460N5
6aaj,O60674
6f6r,P29466
6cj1,O60885
6anl,Q16539
5zms,Q32ZE1
6cn6,P51449
6dug,P03366
6hdn,Q6PL18
5xij,S8G8I1
6ey7,P16732
6ccm,P0A6I6
5w6o,P35790
6e06,P9WPQ5
6hu3,A5H660
6cq5,Q9UHD2
6cki,Q9HBH9
6e05,P9WPQ5
5x26,P00533
6g1v,P04058
6ekn,P39900
6db3,P52333
5w5k,F8W4B7
6cmj,Q96RR4
5yea,Q13093
5ztn,Q92630
6asu,P9WK17
5xfj,P22455
6en4,Q15393
6bkw,Q06187
6c42,P03372
6cj5,Q9HBH9
5mxr,Q9K2N0
6bik,Q06187
6dnp,P9WK17
6q74,O35904
6f8b,P14756
5nuu,P04058
5xff,P22455
5owt,Q9H2K2
5ow8,O15496
6dvo,F8W4B7
6bmr,Q06124
6euz,P22262
6b30,P51449
5wh5,Q08499
6gxa,A5H660
5nvc,Q9H2K2
5nwg,Q9H2K2
6cee,Q9UBN7
6hf5,Q9K2N0
6f4n,Q8N371
6ax4,P53350
5yjo,Q9H7B4
6fzx,P14756
6mvx,A8EVM5
5zh4,W7JP72
6ay5,Q92793
6g1w,P04058
6fod,Q9PTN2
6duf,P03366
6b33,P51449
5nwc,Q9H2K2
5wkm,K9N638
6gz9,A0A1L8Y4Q3
6g9m,P28482
6bh8,O75844
5nqr,Q9UKK9
5xii,S8G8I1
6mx3,Q86WV6
5xih,S8G8I1
6mu1,P29994
5vm6,
6g92,P28482
6f6d,O15054
6b5j,Q59H18
6afr,O60885
6fgy,P56817
6hm7,P43405
6hth,A5H660
6fyl,P49760
6e0q,C3W5S0
6f8t,Q08499
6bo6,C4Z6Z2
6emh,P53779
6ety,Q04609
5xpo,P13053
6ffi,P00720
5xyy,Q16539
6dcg,P63086
6ezh,P04058
5w6e,Q01064
6i3s,Q00987
5ygi,P14324
5yqn,Q8IXJ6
6hti,A5H660
6hsk,Q9BY41
6ex0,W8U368
6ay3,Q92793
5wf7,G0S8H7
5mpk,Q92793
6ma3,O15294
6ma1,O15294
6cus,P03354
6d56,P01112
6cks,O60885
6ma5,O15294
6fs0,Q07820
6eq8,A0A083ZM57
6fa3,P01116
5nlk,Q92793
6ma4,O15294
5ygd,Q9VQ91
6eol,P17931
6fa4,P01116
6d55,P01112
6fyz,P56524
6chp,P0A6I6
6ckr,O60885
5ypo,P31016
6axq,Q92793
6as8,Q1RBS0
5mpn,Q92793
6bh1,P29375
6b2c,P14174
6epz,A0A083ZM57
6fs1,Q07820
5yj8,Q9H7E2
6ht1,Q03111
6h7o,P0AA25
6d5h,P01112
5ywx,O60760
5unp,P49760
6afl,Q99497
5ymx,Q1DB04
6ajj,A0QP27
6bgv,P29375
6b1c,P14174
6cve,P9WPQ5
6bgy,P29375
6d5e,P01112
5vk0,Q00987
5ya5,P08581
6msy,P0DOX7
6mub,P0DOX7
6eq7,P36639
6bgw,P29375
6fa2,P01116
6fo5,O60885
6b1k,P14174
6fsy,O60885
6cqz,P22303
6cqt,P22303
5y97,U3KRF8
5z7j,A0A0D2ILK1
6ghh,P02754
6bh5,P29375
6d5g,P01112
6bh0,P29375
6f5u,Q05320
5xhz,Q8R550
6ajh,A0QP27
6epy,A0A083ZM57
5yyf,P42568
6nao,Q8N884
6gfs,P02754
5y21,Q9SRM4
6df1,
5v37,Q9H7B4
5uc4,P08238
6dq8,P29375
5w4e,A0A2R2JFW7
6f7t,
6fbv,P9WGZ1
5zia,
6bgz,P29375
6ghp,P31947
5xo7,A0A0D2ILK1
5xjm,P0ABE7
6cvf,P9WPQ5
6coj,Q0S7P9
6bny,Q9UHD2
6gvz,J9XXB7
6gf9,P02754
5ucj,P08238
6bgx,P29375
6ar2,Q14BN4
6d5j,P01112
5yf1,Q8N4J0
6afj,Q99497
5oxl,Q5M4H8
6ce2,P82114
6bgu,P29375
6er3,A7B557
6drx,P0ABE7
6afi,Q99497
5ygf,Q9VQ91
6mwe,Q02763
6czi,
5vyy,P07900
6cv8,P03354
6f6i,Q05320
6c91,P41148
6fmj,Q15370
6gjn,P62937
6mu3,P0DOX7
6dkb,P04629
6eq3,P36639
6afh,Q99497
6ckw,P0A6I6
6ge7,P02754
6e5x,Q77DJ5
5w5v,Q9UHD2
5nwz,P22455
5y6k,P02787
6cdm,
6f6n,Q05320
5xwr,Q09028
5uch,P08238
6afc,Q99497
5muc,P08191
6cdo,
5umx,A0A125SA29
5oht,P32138
6epa,Q9VWX8
5ovc,Q9JLU4
6bu0,O00443
6b5i,O94788
6f6s,Q05320
5ugm,P37231
6fv4,A0QU89
6gw4,A0ZNP3
6ey9,P07900
5yvx,Q2LAE1
6f09,P63104
6fmc,O14786
6fmf,O14786
6f7b,O43683
6mnf,
5vb9,Q16552
5zk8,P08172
5wmt,P41148
6f7c,P81947
5z68,Q8RDL3
6cw4,P03354
5owf,P02911
6mj7,Q13501
6eq2,P36639
6bm5,P13009
6ey8,P07900
6cms,Q06124
5vm0,
6eog,P17931
5y80,O14976
6cdp,
6ajg,A0QP27
5un1,A0A1L8F5J9
6b5r,
6er4,A7B557
6dxl,Q86WV6
5mwh,P55201
6czf,P0AG16
6ftp,P01011
5zk3,P08172
6ced,Q9UBN7
6b1f,Q9F663
5za2,Q9L387
5mtw,P95257
6eyt,A0A0H3NMP8
6aoy,Q1RBS0
5o3r,P73954
5om7,P01011
6gnw,Q9PTT3
6arm,Q1RBS0
6avi,P37231
6drt,P04525
6cdg,Q8IVV7
5oxn,Q5M4H8
6f4x,P56463
6ftz,P00746
6b1h,Q9F663
6ct7,
6cvd,P10121
5qap,Q6XEC0
6bnk,P11609
6bef,P68440
5umy,A0A125SA29
5os8,P68400
6evq,Q61166
5yvt,P50213
5zw6,O64094
5o22,P24186
5yft,O57947
6fx1,A0A3B6UEU4
5nap,P04058
6fkq,O95631
5yz2,P0AE78
6b5a,P00918
6hai,Q8KRS7
5yc2,O60158
5xiw,Q2XVP4
5yqx,O60885
5qam,Q6XEC0
6fgf,Q9UIF9
5qa7,Q6XEC0
5o1g,P04637
6g9i,Q05320
5qan,Q6XEC0
5yc4,Q9M2B4
6chn,P0A6I6
6hmg,D6D1V7
5qaa,Q6XEC0
6bnl,P11609
5otr,P68400
6min,P35189
5ytu,P00441
5o1c,P04637
6glb,P52333
6dq4,P29375
6e4u,P54645
5o9o,Q06135
6clv,O05701
6afg,Q99497
6gfx,Q15370
6cfd,Q3XX76
6gy5,Q9Y2M5
5yfs,O57947
6gl9,P52333
5z99,Q7VL18
6el5,P07900
5xgl,Q8WSF8
6gji,P62937
5nwe,C3W6G3
6fnf,P29317
6am8,Q8U093
5yc3,Q9M2B4
5z7b,Q8NN31
5qat,Q6XEC0
6eqa,P04439
5y6f,P76010
5mnn,P00760
6fnj,P54760
5mno,P00760
5mo2,P00760
6csr,F8W4B7
5oha,A4TVL0
6gjl,P62937
5y7z,O14976
5ylj,Q2XVP4
5o1h,P04637
6bcy,P27348
6f5w,C7BLE4
6h2t,P96257
5qai,Q6XEC0
6gu7,P06493
5qb0,Q6XEC0
6eq6,P36639
6aox,Q1RBS0
6bd1,P27348
6fbw,P31947
6g36,Q8TF76
5qah,Q6XEC0
5zuj,Q9Y4K3
5o0j,O58328
6czc,P9WPQ5
5yba,Q58HP2
5y94,O60885
6g0v,P17931
5qax,Q6XEC0
5mos,P00760
6cnk,P43681
5n7b,P01727
6g35,Q8TF76
6gu2,P06493
5qa6,Q6XEC0
5qad,Q6XEC0
5qar,Q6XEC0
5yh8,Q2FVE7
6faa,G0SEG4
5qa8,Q6XEC0
6fuh,P00746
6fa5,G0SEG4
5vkf,Q54436
5orj,P68400
6fac,G0SEG4
5qa4,Q6XEC0
5o5a,P55201
6bj3,P01889
5wew,W8UNW6
5zop,P56524
5od5,Q0P8Q4
6i8y,Q9Y657
6gu6,P06493
5xsu,P09874
6fgg,Q9UIF9
5nyh,P07900
6gjr,P62937
5yhl,P35408
5ov8,P55201
6fse,P21836
6cd8,Q8IVV7
6evn,O15460
6fba,O15804
5z89,A0A0M3PNA2
5qas,Q6XEC0
6eq5,P36639
5nne,O60885
6bed,P68440
6bvb,P40337
5odx,P07900
5wa5,O60885
6e49,P15873
5olk,A3XHF9
6mim,P42568
6dub,Q5VVY1
6bdy,P13009
6e4w,P54645
6gon,Q9PTT3
6h96,Q8KRS7
6goo,Q9PTT3
6e59,P25103
6hm4,P32372
6aqf,P0ABE7
6b5t,P02893
5o3q,P73954
6dki,P04629
5zvw,P0DOE3
6bh2,P29375
6fhu,Q9UIF9
6fi4,P31947
6c99,P55899
6eq4,P36639
6cdc,Q8IVV7
5zoo,P56524
6gl8,P10415
5oua,P25321
6egw,P25321
6dkg,P04629
6faw,P31947
6e2o,Q99683
5vzu,P63208
6f4w,P56463
6chh,P40261
5mng,P00760
5znp,B9H0V2
5mnh,P00760
5moq,P00760
6boe,Q9UHD2
5mo0,P00760
6d28,P41148
6gjj,P62937
5yhe,Q2FVE7
6bm6,P13009
5os7,P68400
6fut,P00746
5xsr,P09874
5zt1,P0A1C1
5o55,P55201
5qb1,Q6XEC0
5znr,B9H0V2
5qag,Q6XEC0
6fmk,Q15370
5o1b,P04637
6cfc,A0A1L7J388
6g6y,P52732
6bbx,A0A125SA29
6dk1,Q99720
6cwn,C1JZ07
5qab,Q6XEC0
5ndb,Q8G9Q0
6guf,P24941
5qak,Q6XEC0
6hke,Q6N446
5qa9,Q6XEC0
5o1d,P04637
5ork,P68400
5uxn,Q9I000
6g38,Q8TF76
6g6z,P52732
6g0q,O60885
5qae,Q6XEC0
6gub,P24941
6gfy,Q15370
6eq1,A0A083ZM57
6bee,P68440
6elp,P07900
6beb,P68440
5qao,Q6XEC0
5o87,Q8WSF8
5oqu,P68400
5qac,Q6XEC0
6guc,P24941
6ahi,P56067
6f1j,A0A2H5BN17
6gjm,P62937
6egs,Q10471
5n1p,Q81EJ6
5oaj,Q8WSF8
5yyb,Q7VL18
6guh,P24941
5ost,F6BL85
5oax,P17931
6css,F8W4B7
6fnq,A0R5M8
6co4,Q16186
5oss,Q08638
6gla,P52333
6miq,P35189
6hsh,A5H660
5wj6,O94925
6gnp,Q9PTT3
6aji,A0QP27
5z95,A0A0M3PNA2
6evp,O15460
6esa,P25321
6ema,P25321
5nau,P04058
6cwi,C1JZ07
6eru,P25321
5o0e,P25321
6em7,P25321
6cwf,C1JZ07
5qaq,Q6XEC0
6e83,Q8IYH5
6cwh,C1JZ07
6ggv,Q9WZ62
5oa6,Q06135
6fi5,P31947
6hd6,P00520
6hpg,F4KCL7
6gr7,P02766
6f9g,Q88NI1
6g14,A0A0H2XK72
5zzw,Q54S83
5xvw,Q9SRM4
5zu0,Q54S83
6afa,Q99497
6fe1,Q16790
6af9,Q99497
6fhq,Q9UIF8
6h7n,P0AA25
6ekq,P55201
6gnr,Q9PTT3
6grp,P02766
5uxm,Q9I000
6a6w,O60158
5owa,P55201
6afd,Q99497
5xs8,D1AWE0
5vl2,
6fau,P31947
5mqx,P36328
5yv5,I6V0C7
5y20,Q9FFF5
6gfz,Q15370
6aff,Q99497
5vh0,Q54436
6fhk,P0DMV8
6ami,Q8U093
5o1f,P04637
5o1a,P04637
5qa5,Q6XEC0
6gbe,Q64512
5yqw,D0XC84
5yl2,Q2XVP4
6g86,Q00684
6bau,O59010
5vqe,A0A2R2JFS5
5ybi,P0A1C1
6eya,P07900
6fe0,Q16790
6h7b,E9AFX7
5qaf,Q6XEC0
5nud,P22455
5ovv,Q9JLU4
5qaj,Q6XEC0
5o1e,P04637
6hoy,Q8N6T7
6q3q,F4KCL7
5yto,P00441
5msb,O43570
6ccu,Q8IVV7
5qal,Q6XEC0
5ogb,P29373
5yy4,
6h8s,P54830
6mdq,P35747
5osl,P68400
5w8j,P00338
6hqy,A5H660
6cd9,Q8IVV7
6g9u,Q16790
5yij,Q6RCR0
6hk6,Q9BVS4
6fui,P00746
5o9r,Q06135
5ody,P17931
6csp,F8W4B7
6c3u,A0A0H3GM04
6f08,P63104
6g3a,Q8TF76
6baw,P41148
6eyb,P07900
6g15,A0A0H2XK72
6ma2,O15294
5ol3,P25321
6ei5,P07900
6erw,P25321
6erv,P25321
6cer,P08559
6ap6,J9U5U9
5o9y,Q06135
5uci,P08238
6b5o,
5y24,O64094
6an1,P37231
6ap7,J9U5U9
6g39,Q8TF76
6h1u,P96257
6g0z,A0A0H2XK72
6fav,P31947
6ezi,Q5T2W1
5qaz,Q6XEC0
5qaw,Q6XEC0
6b1x,Q9F663
6afe,Q99497
6csq,F8W4B7
6b1y,Q9F663
5oah,Q0P8Q4
6b1w,Q9F663
5nze,C3W6G3
6g37,Q8TF76
6h78,Q9GZZ9
6b1j,Q9F663
6b22,Q8RLA6
6h77,Q9GZZ9
6e4a,O60885
5orh,P68400
6gu3,P06493
6hly,W8FRA6
5w2s,P9WQD9
6hm2,W8FRA6
6hlz,W8FRA6
6mv3,P19429
6czb,P9WPQ5
5wep,D7UQM0
6exj,Q9JLU4
5ods,Q68FD5
6f20,P36639
5wij,O60674
6dlx,P10121
6bj2,Q6IRV4
5vnb,O95619
5qb3,Q6XEC0
6gue,P24941
5tkk,P04578
5xpi,Q96T88
6gzh,P50750
5o1i,P04637
6bcr,P27348
6gmq,Q15370
5yls,Q2XVP4
6fdp,Q9H6T3
6et8,Q8KRS7
6bw5,Q9H3H5
6gzm,P48730
6cpw,P63086
5o5m,P25321
6b5q,Q96GG9
6ert,P25321
6cf6,Q6PFX9
5zku,B8HDZ1
6fdt,Q9H6T3
6bhv,P09874
6g34,Q8TF76
5zla,B8HDZ1
6fug,P00746
6fuj,P00746
5ot3,P25321
6gnm,Q9PTT3
6elo,P07900
6df2,
6bod,Q9UHD2
6mxe,Q86WV6
5nz4,C3W6G3
6f1n,P07900
6fsd,P21836
6g9b,Q05320
5umw,A0A125SA26
5xmx,Q03181
5qay,Q6XEC0
5v3h,Q9NRG4
6fjm,P81947
5wmg,O60885
6atv,P46108
6d6u,P47870
5ywy,P35408
6g85,Q00684
5o9q,Q06135
6dq5,P29375
5zkc,P08172
6d1x,P41148
6d6t,P47870
6g47,A0MK70
5otz,P68400
5yc8,P08172
6arn,Q1RBS0
6mjf,A0A4S8L4Q5
5zo9,P52732
5oxk,Q5M4H8
6gmx,Q15370
5ohy,A9CEZ0
5zo8,P52732
6fjf,P81947
6ghj,Q5M4H8
6evo,O15460
5niy,P10121
6hlx,O50260
5yyz,P24719
6fu4,Q9I0I4
6f55,Q1G1I6
6c28,Q6N8V9
5wik,O60674
6htg,A5H660
6fni,P54760
5y2f,Q8N6T7
5tkj,
6fap,Q9UIF9
6fi1,Q9UIF8
6ckc,O14744
6aro,Q1RBS0
5mwz,P55201
5xbt,Q9HUT5
6f8g,O43791
6gw1,Q5F4T5
5wou,Q7KRY7
6gzl,P63167
6cnj,P43681
5qau,Q6XEC0
6cc9,P02647
6h0b,Q8N4A0
6gwr,Q08345
5qav,Q6XEC0
6g98,Q16790
6cct,Q8IVV7
6ccx,P02647
6guk,P24941
5obg,Q8WSF8
6cvv,P9WPQ5
5om3,P01011
6h7f,Q76HJ9
5vrl,P9WGR1
5qb2,Q6XEC0
5o8t,Q8WSF8
6fng,P29317
6c4u,P22216
5o9p,Q06135
6dik,Q90249
6ap8,Q10QA5
6e86,Q8IYH5
5ok6,P51784
6dq6,P29375
6e4t,P54645
5w7x,Q8IW19
6b67,P35813
5var,O75164
6beh,P68440
6hpw,Q03111
5y8y,O60885
6hrq,A5H660
5om2,P01011
6agg,O28025
5xhs,Q9NXA8
5yy9,Q96T88
5oci,P07900
6chl,P0A6I6
5ovp,Q9JLU4
6emu,Q5JD38
6fmi,Q15370
5oa2,Q06135
6fby,P31947
6gzd,P48729
6eln,P07900
6ce6,Q9UBN7
6fii,P81947
6cze,P9WPQ5
6fns,A0R5M8
5w4s,P05696
5yhg,Q2FVE7
6i8b,Q9Y657
6fam,D6D1V7
6bgg,Q14839
6bec,P68440
6bmi,O59010
5win,O60674
6d50,A0A078SUX9
6h41,Q01344
6bxy,O00255
6exi,A0A087WNH6
5xvg,O96013
6cdl,Q5RZ08
6e9a,P04585
6dif,P04585
6h5w,P12821
5web,C3W5S0
6cdj,Q5RZ08
5w92,C3W5S0
6gbx,Q16769
5wb3,C3W5S0
6apv,Q07010
6bbs,P00918
6dj1,P04585
5ykp,P53582
6czd,P9WPQ5
6g4z,Q9WUL6
5yr5,P53582
6cn5,P51449
6bqh,P0ABE7
6drz,P0ABE7
6dge,O94760
6eda,P00918
6ebe,P00918
6dar,P61964
5y0g,P15090
5y0f,P15090
5xva,O96013
6aps,Q07010
6h5x,P12821
6ecz,P00918
6aqq,A0A181HT70
5wdw,C3W5S0
6e7j,P04585
6eeh,P00918
5vja,O43293
6b8y,P36897
5w44,C3W5S0
6dry,P0ABE7
5wfm,C3W5S0
6bu3,B5LY47
5wap,C3W5S0
6eeo,P00918
5wa6,C3W5S0
6h36,P43166
5yr4,P53582
5n9n,P68400
6got,P00918
6bc9,P00918
5wa7,C3W5S0
5n9k,P68400
6f92,Q8A0Q6
5wdc,C3W5S0
6hh3,H3BCW1
6g3o,Q92769
6cbh,P14174
6h2z,P00918
5w73,C3W5S0
6ays,Q0PC20
5ou3,G7CNL4
6h34,P00918
6apw,A0A181HT70
5y12,P15090
6h33,P00918
6bvh,P00760
6b4d,P00918
6aqo,Q38CA1
6eiz,
5laq,Q07343
6eea,P00918
5xvf,O96013
5ou1,G7CNL4
6apt,Q07010
6h7l,P0AA25
6c7q,O60885
5wfw,C3W5S0
5kw2,O14842
6hgz,H3BCW1
6c4d,Q13546
6f90,Q8A325
6b7h,Q14832
6f7q,P06276
5od1,
5mgi,Q848S6
5owh,P68400
5y13,P15090
5owl,P68400
6bt6,Q9L5C7
5yic,Q8I6V3
6bqg,P0ABE7
6ayt,Q0PC20
5wf3,C3W5S0
5nps,O15294
6g4y,Q9WUL6
5oyd,B3PD52
6dj7,P04585
6dpx,P00811
5z1c,P00749
6gdg,P0AA25
5nw7,P34948
5mwy,P08235
5zag,P00749
5l8c,Q8WQX9
5nxp,P00918
6dhc,P56817
6eif,Q13627
6f9r,P12821
6en6,P12821
5npr,O15294
6apu,Q07010
6cbg,P14174
6iiu,P00268
6ej3,P56817
5ny6,P00918
6mvu,A0A0Q3EUQ3
6f9t,P12821
5oh3,A4TVL0
5za7,P00749
6ee3,O96935
5oh9,A4TVL0
5va9,P04746
5wlt,P00918
6h7m,P0AA25
6iiv,P00268
6g2m,Q9NPB1
5ylv,P19156
5wf6,P00720
5zae,P00749
6ej4,Q13627
6eij,Q13627
6ewk,P04058
5zaf,P00749
5uzj,Q13464
5nxx,P46922
5uzk,P17612
6f9v,P12821
5za9,P00749
6ee2,W4I9J7
6m9t,P00720
5n9l,P68400
5zkb,P08172
6f28,P42264
6euc,P04058
5g5v,Q8WQX9
5ll7,A0A0H4IUK8
6hx5,P00918
6ej2,P56817
6h29,P00918
5wg9,C3W5S0
6g46,P80366
6fnr,A0R5M8
5ylu,P19156
5nxg,P00918
6h7j,P0AA25
6gg4,P14618
6ee4,O96935
6eip,Q13627
5wxo,P00749
6ee6,O96935
6h37,P43166
6fnt,A0R5M8
5nzn,C3W6G3
5wf5,P00720
5nxi,P00918
6gg5,P14618
6cvx,A0A0B4WYC6
6cjv,P00918
6bw2,Q07820
6djc,O60885
6fag,P00915
6eis,Q13627
6fmp,Q14145
5wgp,P00918
6fcl,P07741
6eqv,P09958
6ea1,O96935
5yum,P0ADF8
6g22,Q9NPB1
6eee,A0A0L7KHE6
6dpz,P00811
6f3b,P00915
6arj,Q86X55
5wlv,P00918
6ea2,O96935
5yjb,O60341
5yia,Q8I6V3
6mi6,Q56310
6aqs,Q8I3X4
5yib,Q8I6V3
5nxv,P00918
6f29,P42264
6edr,P28907
6buu,P31749
5oh4,A4TVL0
6cvy,A0A0B4WYC6
6d1u,O60894
5v6y,O60894
5mwp,P08235
6faf,P00915
6d9x,P61964
6dne,O60885
5ny3,P00918
6flg,Q6DHI5
6f05,O80852
5ny1,P00918
6c7w,P00918
6c5f,P30046
5wxf,P00749
6ceh,P00918
6exs,A0A1L8Y4Q3
5yid,Q8I6V3
6eiq,Q13627
6c1s,P48736
6ayr,Q0PC20
6cb5,P14174
5oh1,A4TVL0
5yr6,P53582
5l8y,Q8WQX9
6m8y,P42790
6fky,Q6DHI5
5nya,P00918
6das,P61964
6eab,O96935
5wxp,P00749
5oh7,A4TVL0
6m9d,P42790
5nxo,P00918
5zaj,P00749
6ayo,Q0PC20
5yie,Q8I6V3
5za8,P00749
6ex1,P00915
6isd,P93836
5oh2,A4TVL0
5nxw,P00918
6dm8,P0AEX9
6eir,Q13627
6m9c,P42790
5zah,P00749
6g3q,P00918
6d2o,Q9HVB9
5v3r,Q8WUM4
5oje,P11838
6hh5,H3BCW1
6d1m,P00918
6hwz,P00915
6m8w,P42790
5ou2,G7CNL4
6ayq,Q0PC20
6ar9,Q38CA1
5z5f,Q2I2N4
6cbf,P14174
6g2l,Q9NPB1
5wa1,Q8WUM4
5tig,Q01468
5wdl,A6LE66
6c3e,Q13546
6c7x,P00918
6dj5,P04585
6cvw,A0A0B4WYC6
6dak,P61964
6b95,P18031
6f9u,P12821
6dil,P04585
6dpt,P00811
6g2n,Q8TCD5
5y0x,P15090
6d1l,P00918
6dj2,P04585
6h38,P43166
6dpy,P00811
6eed,O96935
6eaa,O96935
6b59,P00918
6m9f,P42790
6dai,P61964
6c0s,P03951
5nzf,C3W6G3
6fkz,Q6DHI5
5zc5,P00749
5nxy,Q45462
6b2q,P9WI83
6g3v,P00915
6nzh,P29597
6ocz,P9WHU1
6evr,P00915
6rfj,Q9NWZ3
6nzm,Q06187
6nze,P29597
6ode,P9WHU1
6r0k,F8W4B7
6mck,P55072
6ocw,P9WHU1
6gva,P24941
6mjw,Q8N884
6plg,O43175
6g9s,P0AD65
6sfj,Q16539
6rmf,C7C422
6oqn,Q07820
6uwv,P56817
6s90,Q06187
6k1s,O14744
6h4z,Q9UGL1
6ncj,F2WR52
6oir,Q9H7Z6
6qmr,P00746
6mju,Q8N884
6nzg,A0A174CNH3
6sfi,Q16539
6rfi,Q9NWZ3
6h4s,O75164
6hkn,Q13164
6o6f,Q07820
6mdc,Q06124
6uwp,P56817
6ul8,O43353
6n0q,P15056
6qeg,P50579
6mdb,Q06124
6mhd,P78417
6mt0,P11309
6hro,Q05320
6h52,Q9UGL1
6qef,P50579
6qed,P50579
6akw,Q9C0B1
6h4y,O75164
6sfk,Q16539
6qfe,Q9Y337
6st3,Q9GZT9
6k9u,Q9QYJ6
6oim,P01116
6r8r,Q6P988
6h4r,O75164
6hgx,P34913
6h4p,O75164
6q96,Q00987
6tel,Q8TEK3
6pgp,P01116
6h4w,O75164
6qmt,P00746
6o8i,Q06187
6r8q,Q6P988
6oip,Q9H7Z6
6rrm,I6Y9J2
6h51,Q9UGL1
6p3p,Q07820
6h4o,O75164
6hcw,Q5CR27
6h4t,O75164
6d4t,G7CNL4
6qm7,A0A6L0XSJ0
6q7w,Q9I4X0
6h50,Q9UGL1
6h4x,O75164
6ten,Q8TEK3
6npv,P00519
6oko,Q9QZL0
6md7,Q06124
6mhb,P78417
6t6a,Q13627
6rj2,O43175
6k4x,G5ELM3
6h0u,P49841
6d4v,G7CNL4
6p14,Q8I0P1
6sal,P51449
6ind,Q08499
6hkm,Q13164
6mo2,Q91H74
6imt,Q08499
6rtn,P14489
6oiq,Q9H7Z6
6ink,Q08499
6duk,P00533
6te6,Q8TEK3
6mo1,B3RFT3
6nzp,P29597
6oio,Q9H7Z6
6mo5,P47205
6p5v,D9IEF7
6hx1,O75460
6ilz,P41743
6mhc,P78417
6ovc,Q07820
6nzq,P29597
6j6m,Q06187
6o6g,Q07820
6rni,P53634
6aa4,P36639
6iji,Q9Y233
6ohd,Q16539
6bqd,P21675
6rj5,O43175
6ilq,P37231
6npu,P00519
6rj3,O43175
6oa3,Q86W56
6eb2,F2WR52
6pz4,P56817
6npe,P00519
6qhb,Q92876
6qs5,P28523
6suo,P03372
6fe5,Q04609
6mo0,Q91H74
6inm,Q08499
6g9f,P0AD65
6nzr,P29597
6p8y,P01116
6n83,P14324
6imo,Q08499
6s88,P9WN93
6moo,P47205
6h4u,O75164
6h4v,O75164
5y7k,P27487
6i3u,Q8NEB9
5z1t,O60885
6gcx,Q00944
6dhu,Q9NUW8
6die,Q9NUW8
5zhm,Q02RL6
5z1s,O60885
6aej,Q9C0B1
5zxi,Q03181
6mod,P47205
6ffe,P25440
6sq0,P03372
6i0x,Q9RQJ2
6npp,P03211
6d4q,G7CNL4
6gj7,P01116
6fzm,Q460N5
6k4t,G5ELM3
6nzf,P29597
6n6o,P33981
6n19,Q9NUW8
6d4s,G7CNL4
6qxd,B2ZB02
6n17,Q9NUW8
6uvy,P56817
6rjp,Q16548
6fv1,P0C6X5
6p12,Q8I0P1
6o9x,Q86W56
6m88,Q8NFU5
6d4r,G7CNL4
6oin,Q9H7Z6
6p11,Q8I0P1
6htc,P23639
6n82,P14324
6hx8,P81947
6qfh,Q92876
6c67,P9WID5
6i1r,B4FZ94
6jjm,Q9WAF5
6rne,P53634
5zee,C4LSS0
6ahs,Q91VE3
6nss,P04629
6mny,P35991
6j5l,P04629
6szj,O43353
6oah,P14324
6q5b,Q6XEC0
6qxa,Q9S5X0
6jse,P56817
6jib,P13995
5znl,Q9Y233
6n3n,Q9P2K8
5z1r,O60885
6dih,Q9NUW8
6d4u,G7CNL4
5zqr,Q9H2K2
6jwa,P68400
6njj,Q08499
6htd,P23639
6itj,P11362
6ib2,O14733
6udx,Q07820
6oyh,
6pyu,O00329
5zgg,P08138
6nji,Q08499
6msn,E9AE57
6g8l,P31947
6nvl,P11362
6ijl,Q9H7B4
6htr,P23639
6kzc,Q16288
6qh9,Q92876
6nel,C6H0Y9
6f1w,P48730
6npm,P03211
6uhv,F1QCV2
6nvh,P22455
6q9u,O15151
6nem,C6H0Y9
6pf5,P04818
6g3c,O60674
6q6m,P51449
6ckl,P0A0Z8
6hmp,P48730
6i0k,Q9X1X7
6n5f,G0R7E2
6q9q,O15151
6mo8,P25440
6k0j,Q92630
6qg7,O14733
6hmr,P48730
6f7i,Q9UDY8
5ovf,Q07889
6m95,Q16539
6qri,P68135
6qad,P06276
6i8z,Q05397
6q39,P78540
6pya,P04278
6mo9,P25440
6irt,P08195
6m8e,Q8NFU5
6rn6,P53634
6iby,Q16875
6hcu,Q8IDJ8
6ic6,P53634
6skd,Q92876
6i0c,P06276
6iuo,P22455
6c9n,P9WID5
6dtn,Q9BV86
6jz0,P00533
6pi1,A0A0J7JFD7
6ohu,Q15125
6s9d,P00533
6pf4,P04818
5zef,C4LSS0
6g8j,P31947
6qmd,Q9Z2X8
6htp,P23639
5zqp,Q9H2K2
6q9s,O15151
6e3z,P56817
6e6v,C3W5S0
6ega,Q9NWZ3
6s7s,P9WN93
5y7h,P27487
6uim,F1QCV2
6q8p,P49759
6skb,Q92876
6pk7,Q9NRF8
6nwc,Q8H1R0
6c9r,P9WID5
6oyz,
5zqo,Q9H2K2
6g8q,P31947
6ow7,Q8DP79
6o1g,P03952
6pf6,P04818
6nrf,P09874
6qhr,O14733
6hrw,O53623
6e5b,P25787
6h4q,O75164
6pyr,O00329
6edl,Q9UM73
6m8c,Q8NFU5
6f96,P0AES6
6hop,P68400
6s7z,P9WN93
6jut,Q9NYL2
6e3m,C3W5S0
6gcw,Q00944
6ufn,F1QCV2
6dha,P37231
6c9p,P9WID5
6m89,Q8NFU5
6jmf,P07332
6qcj,Q8N6T7
6r7d,Q16873
6qff,Q92876
6ebw,Q9UM73
6n3o,Q9P2K8
6q7v,Q9I4X0
6hys,Q14562
6nvi,P22455
6p8x,P01116
6hgv,P34913
6n7z,P14324
6hvw,P23639
6rz6,P0ABE7
6peb,P43490
6kdz,Q9Y233
6pgo,P01116
6njh,Q08499
6im6,Q08499
6jsz,Q9Y5Z0
6r5f,Q13546
6kzd,Q16288
6etg,Q6B0I6
5zqq,Q9H2K2
6s9b,P00533
6prt,O60885
6hvv,P23639
6e0r,Q9UM73
5ovi,Q07889
5qj2,P05164
6msc,Q9Y233
6q7h,P51449
6ic0,Q16875
6ibz,Q16875
5zcu,Q6L5H6
6iup,P22455
6m7h,P0DP23
6nyw,Q8I0P1
6f26,P48730
5qj3,P05164
6gjd,P28482
6qaa,P06276
6qw9,Q9F663
6ps9,O60885
6n3z,G0R7E2
6iar,P03372
6oa1,Q86W56
6qwa,Q9F663
6huc,P23639
6hvu,P23639
6nd3,Q30W70
6imi,Q08499
6n3l,Q9P2K8
6hv0,O75460
6nri,P09874
6hmb,P19784
6s9c,P00533
5ovh,Q07889
6knh,A0A0H3JPF2
5z5v,O60885
6udy,Q07820
6q8k,P49759
6n3k,G0R7E2
6mhm,Q13510
6pf3,P04818
6hwu,Q16539
6kdx,Q9Y233
6npi,P03211
6m9l,Q16539
6qfg,Q92876
6q6o,P51449
6p1l,P00533
5zma,O00167
6ke0,Q9Y233
6rpg,Q9NZQ7
6ibx,Q16875
6hs4,Q05320
6izq,Q86X55
6qae,P06276
6hs0,O53623
6dji,Q9NUW8
6jsf,P56817
6ak4,Q9C0B1
6q9o,Q00987
6oag,P14324
6mzq,P11362
6nkp,P29317
6mum,O35904
6jsn,P56817
6q9l,Q00987
6gcl,O76290
6r8p,Q6P988
6mzw,P11362
6hvr,P23639
6phz,A0A0J7JFD7
6g8k,P31947
6oht,Q15125
6huu,P23639
6mso,Q4QAU9
6n5h,G0R7E2
6k1q,P00720
6a6k,P62508
6hv5,P23639
6ufo,F1QCV2
6q9y,O15151
6n5c,O43314
6f86,P0AES6
6uii,F1QCV2
6nrj,P09874
6qft,O14733
6r7j,P51449
6s9x,P31749
6hgy,P43235
6ow2,Q8DP79
6pht,A0A0J7JFD7
6rj6,O43175
6s43,P9WN93
6ny4,P52333
6pl3,P04629
6e5g,Q15562
6fne,Q6DN90
6tld,A5H660
6fu1,A5H660
6eb1,F2WR52
6imr,Q08499
6m8b,Q8NFU5
6mo4,P47205
6jsg,P56817
6dtx,P03366
6hot,P68400
6gcr,Q00944
5ovg,Q07889
6uhu,F1QCV2
6ib0,O14733
6p1d,P00533
6qw8,G3G192
6oe3,P03366
6nk0,P29317
6keb,A8EVM5
6pic,A0A0J7JFD7
6nsp,P04629
6j10,P03147
6qme,Q9Z2X8
6e3g,P51449
6pdj,P06239
6i0p,Q9X1X7
6pyb,P04278
6i0r,Q9X1X7
6oco,O00329
6mep,Q12866
6qw7,Q9RBQ1
6mdd,Q06124
6q37,P78540
6n9p,Q06187
6qha,Q92876
6oyw,Q99683
6nvj,P22455
6p5w,D9IEF7
6a84,Q9H2K2
6agt,Q8IDJ8
6jt3,P56817
6dtw,P03366
6m8a,Q8NFU5
6d4w,G7CNL4
6hzu,P23458
6rn7,P53634
6fff,P25440
6hp9,Q08345
6r7k,P51449
6oyt,Q99683
6hy2,P0A722
6hva,P23639
6oz6,
6aa5,P36639
6kla,P10721
6nrh,P09874
6s7k,P9WN93
6hv2,P45452
6hou,P68400
6nrg,P09874
5y7j,P27487
6hvs,P23639
6imb,Q08499
6imd,Q08499
6q9w,O15151
6hv4,P23639
5z1d,O14733
5z1e,O14733
6rna,O43353
6hcv,Q8IDJ8
6p10,Q8I0P1
6od6,P56817
6jpj,P22455
6rln,Q13546
6mul,O35904
6qac,P06276
6rn9,P53634
6q7a,P51449
6qhc,Q92876
6uvv,P56817
6qab,P06276
6d5w,P01112
6oi9,P24182
6qho,O14733
6eg9,Q9NWZ3
6ffg,P25440
6hv7,P23639
6ijh,Q9Y233
6npt,P04629
6qxu,O95271
6hbn,P68400
6s55,Q6PL18
6ic5,P53634
6dim,Q9NUW8
6n7y,P14324
6m8d,Q8NFU5
6q9h,Q00987
6pys,P42336
6hzv,P52333
6hrx,O53623
6huq,P23639
6uf0,Q14145
6ic7,P53634
6skc,Q92876
6a1c,P68400
6hor,P68400
6jjn,Q9WAF5
6c9q,P9WID5
6djd,Q9NUW8
6fym,Q460N5
6mob,P10721
6n4t,Q9Y5Y6
6nvg,P22455
6jid,P13995
6s8a,P00533
6uil,F1QCV2
6psb,O60885
6qg4,O14733
6djj,Q9NUW8
6hwv,Q16539
6a3n,O76083
6f8j,P0AES6
6moa,P25440
6r49,O14965
6e6j,P25440
6msa,Q9Y233
6gjb,P28482
6sze,O43353
6s89,P00533
6nsq,P15056
6hub,P23639
6f94,P0AES6
6mo7,P25440
6n4e,O60760
5zr3,P07900
6qwb,Q9F663
6i5i,P49759
6ocu,O00329
6qgj,P10415
6i0b,P06276
6n5g,G0R7E2
6r8o,P30405
6mqe,
6h4d,Q9HUL3
6qyn,P0AEX9
6qz8,Q07820
6i8m,P26446
6h76,P44542
6dyy,Q9ZMY2
6qmk,Q9Z2X8
6dyv,Q9ZMY2
6dyw,Q9ZMY2
6qmj,Q9Z2X8
6u5y,P61964
6qyo,P0AEX9
6qyp,Q07820
5zyj,Q9Y5P4
6maj,O95251
6qsz,P11978
6slg,P28482
6nfh,Q06187
6dyu,Q9ZMY2
6jb0,Q5SLD7
6rr0,P11978
6p83,P21645
5zyi,Q9Y5P4
6nfi,Q06187
6qfq,Q07820
6pi5,Q936X6
5zyl,Q9Y5P4
6qr0,B1MDI3
6fvl,P0A988
6u8l,P61964
6fzf,P37231
6np2,Q47030
6ai9,P40506
5zhl,P9WFY7
6pii,Q936X6
6efk,Q9UNE7
6kdi,
6iph,Q9NP87
5zyk,Q9Y5P4
6u8o,P61964
6qqz,B1MDI3
6idg,
6i17,Q16658
6fvm,P0A988
6e23,P61964
6oja,Q9JPG4
6phr,A0A0J7JFD7
6fzg,P37231
6n9l,Q9WYV0
6qz6,Q07820
6qgk,P10415
6mqm,
6a73,P00720
6qz7,P0AEX9
6idz,R4NN21
6qzb,Q07820
6qr3,B1MDI3
6np3,Q47030
6ntj,C4NV15
6fzp,P37231
6n7d,P23458
6iez,Q9Y5P4
6qi7,P02754
6if0,Q9Y5P4
6mom,Q9NWZ3
6u8b,P61964
6r4s,P49642
6pfj,F2RFR7
6pek,Q9UBP0
6c8c,Q920Q2
6fzj,P37231
6pxc,P20936
6r7r,Q5JID0
6idb,R4NN21
6j81,Q9Y5P4
6g2r,P08191
6qr4,B1MDI3
6op9,P21860
6p3w,P24941
6u5m,P61964
5zys,Q6RHR9
6sy7,O15648
6o3x,P53617
6r8l,P30405
6hgi,P01011
6dyz,Q13126
6aec,Q9NP87
6j72,I7FE16
6ak5,Q9NP87
6hq3,Q6MLN6
6nad,P51449
6mkq,A0A0U3IB62
6dsp,U5MRH9
6qyl,P0AEX9
6hq7,Q6MLN6
6p7p,D7Y2H5
6oie,Q8WYB5
6md4,P37231
6a87,A0A384E107
6htn,A0A2T6C3M6
6hm1,A8GFD6
6qz5,Q07820
6dz0,Q13126
6n3f,O43719
6jbb,Q5SLD7
6r8i,Q6IN85
6mlo,P02911
6qgf,P17931
6uyx,P63165
6jb4,Q5SLD7
6pka,Q2G036
6mle,P02911
6os6,A8M6W6
6d9s,B9ZW32
6mbp,Q9H9B1
6r9x,P30405
6o7g,O14686
6md0,P37231
6mbo,Q9H9B1
6a80,C6XGT2
6r8w,P30405
6mh1,O60885
6iyv,I6Y9J2
6n48,P07550
6k4r,Q5ZTK6
6n0p,P15056
6dz3,Q13126
6h8c,P60520
6e22,P61964
6i5j,O14508
6i5n,O14508
6gj8,P01116
6n0m,P58004
6dz2,Q13126
6bs3,P9WKX5
6n3w,P49773
6e1a,O00255
6ipj,Q9NP87
6aad,Q8PWY1
6rml,Q92547
6i14,Q16658
6rqk,Q8XNB2
5zhn,Q02RL6
6jan,Q5SLD7
6stl,Q47537
6inz,D1AWE0
6aan,Q8PWY1
6i8t,P26446
6r4v,O95749
6aeh,Q9NP87
5zdd,Q9RZM4
5zdc,Q9RZM4
6a9c,C4LUC7
5zde,Q9RZM4
5zdb,Q9RZM4
6mnc,P14061
5zym,Q9Y5P4
6ncp,
6ipi,Q9NP87
6hol,Q9H0R8
6d78,P04439
5zdf,Q9RZM4
6p85,P21645
5zhj,P9WFY7
6mh7,O60885
6uyy,P63165
6gge,P04637
6jof,P9WFY7
6kjf,B6H6L7
6haj,B6HWK0
6qrd,B1MDI3
6ql3,P00918
6haz,P51531
6ha4,B6HWK0
6iqg,P0DOX5
6abk,Q8PWY1
5zbz,P60842
6j3p,Q92830
6o68,P37231
6rih,O43175
6j0o,Q9Y5P4
6jaq,Q5SLD7
6pia,A0A0J7JFD7
6d49,P20138
6qrg,B1MDI3
6i77,P17931
6d4a,P20138
6pg5,P61964
6gjw,P98170
6fmn,P28720
6a30,Q62768
6a05,B8XX90
6i4x,Q15370
6nv7,P56817
6e7u,A0A1L8F5J9
6cjj,P46598
6cf7,A7Y8I1
6me1,
6un1,G3XD46
6pg9,P61964
6qqv,B1MDI3
6g6x,P31947
6n53,Q9BZX2
6jon,M5AAG8
6e7t,A0A1L8F5J9
6max,Q9X1H4
6jao,Q5SLD7
6op0,P01375
6mjq,A0A0B4J1J9
6tyz,Q6DDS9
6n55,Q9BZX2
6mt6,P01889
6dgr,P37231
6klk,Q9I676
6i68,O43791
6qrc,B1MDI3
6jdl,G3XCV0
6dql,D3KVD8
6jfk,O95140
6mjj,A0A0B4J1J9
6qfw,P00918
6mja,A0A0B4J1J9
6e7r,A0A1L8F5J9
6pg8,P61964
6qk8,P29311
6qre,B1MDI3
6p84,P21645
6gga,P04637
6hah,B6HWK0
6nsv,Q9UNE7
6pyd,
6mt4,P01889
6ipl,Q9NP87
6q4q,P68400
6nlj,Q9HY79
6e1z,P61964
6cd5,O60885
6i62,P62508
6qlr,P17931
6kmj,P32597
6g2b,Q9BZ95
6qxj,P0AEX9
6e3s,P53762
6nfy,Q92918
6nfz,Q92918
6jap,Q5SLD7
6om2,P06756
6g2o,Q9BZ95
6e7x,A0A1L8F5J9
6g7a,O43570
6t1l,Q03111
6qts,P43254
6t1j,Q03111
6n54,Q9BZX2
6ql2,P00918
6qas,O75385
6g24,Q9BZ95
6mkw,P02911
6i66,P62508
6seo,Q15561
6jbe,Q5SLD7
6n3e,O43719
6mj4,A0A0B4J1J9
6iou,Q9KQ43
6qtq,P43254
6i78,P17931
6qr9,B1MDI3
6miy,A0A0B4J1J9
6poh,P0AEG4
6frj,
5zk7,P06730
6ueg,A6V1E4
6r0x,
6n87,Q1PBJ5
6bs5,P9WKX5
6iiw,Q96T88
6n8x,P07900
6qqw,B1MDI3
6quv,P01116
6pi6,Q936X6
6qge,P17931
6prg,A0A0H2URJ7
6j0g,O00478
6jjz,Q9WVQ1
6j3o,Q92831
6j0k,O00478
6ets,Q6B0I6
6n3v,P49773
6t1o,Q03111
6ggd,P04637
6h1d,Q9Y5N5
6cse,
6fvo,P9WNU1
6hk4,P49841
6ikm,Q9I6J0
5zyh,Q9Y5P4
6nfo,Q8N884
6agk,Q2XVP4
6ak6,Q9NP87
6i12,Q16658
6sen,Q15561
6n93,P52045
6bs4,P9WKX5
6rmm,Q92547
6itq,
6mg5,
6ocq,Q13546
6mlp,P02911
6ipm,Q9NP87
5z66,A0A156C5X3
6pg6,P61964
6qfx,P00918
6nfn,
6i67,P62508
6iae,Q381A3
6gj6,P01116
6p8z,P01116
6dyr,Q9VDC6
6cq1,P41182
6g6t,P00918
6p86,P21645
6ift,P37468
6i96,Q9I116
6e7m,P50120
6itp,
6v5l,P01116
6nk1,P29317
6pl1,P04629
6nw3,P56817
6h9v,B5BTR7
6e1y,P61964
6hq4,Q6MLN6
6nsx,O43719
6pg7,P61964
6qln,P17931
6ooy,P01375
6mmq,B5II98
6g2c,Q9BZ95
6i75,P17931
6qtr,P43254
6pge,P61964
6qto,P43254
6qlu,P17931
6e91,P00918
6nj0,P37353
6jno,P19793
6mmc,B5II98
6p87,P21645
6q36,Q15561
6p8a,P21645
6g5l,O43570
6iso,Q9NTG7
6pgb,P61964
6j06,O00481
6pg4,P61964
6o9c,P04439
6poq,P0AEG4
6nti,C4NV15
6pid,A0A0J7JFD7
6i11,Q16658
6np5,Q47030
6qe0,P37634
6mm5,P05132
6pga,P61964
5znc,Q8T9Z7
6mln,P02911
6i10,Q16658
6o5g,P0DP23
6qtw,P43254
5zjf,P00338
6dgq,P37231
6ia7,Q381A3
6dgl,P37231
6a5e,Q9SCZ4
6a06,B8XX90
6c3n,P41182
6qr2,B1MDI3
6fgc,Q03555
5zxk,O00481
6gfm,P0ADR8
6om4,Q47506
6gdy,Q6NYC1
6t1n,Q03111
6i74,P17931
6r1b,P71619
5zdg,Q9RZM4
6dzx,C6S9R8
6mli,P02911
6csf,
6n3y,P49773
6d8v,Q92SH9
6dgo,P37231
6g25,Q9BZ95
6p88,P21645
6hgg,P01011
6mm2,B5II98
6sge,P62745
6ott,P0AG16
6e7w,A0A1L8F5J9
6qzr,P31947
6aaq,Q8PWY1
6qdx,P37634
6hk3,P49841
6qlq,P17931
6nyv,Q8I0P1
6nco,P02649
6nu1,P14618
6jag,Q5SLD7
6q9t,P00918
6j7l,Q9HZZ1
6qau,Q8IYT8
6fpu,P28720
6poi,P0AEG4
6mt5,P01889
6dyo,Q9VDC6
6dn5,Q99619
6pvz,P0AEG4
6qrf,B1MDI3
6e7v,A0A1L8F5J9
6pyc,
6q4e,P24941
6hhp,P31947
6dkp,P04439
6ql1,P00918
6e92,P00918
6qfu,P00918
6e5s,P50120
6c3l,P41182
6np4,Q47030
6c5h,Q99LC4
6rtw,Q13635
6m8q,Q9UKF6
6o3y,P53617
6u80,P61964
6qaf,P05089
6j1l,P51449
6g5u,Q8N1Q1
6py0,P04918
6i65,P62508
6qtx,P43254
6aee,P17693
6g2s,P08191
6ggb,P04637
5zk5,P06730
6qzh,P32248
6olx,P07900
6ggf,P04637
6n0j,O00625
6hzx,P00918
6n8y,P08238
6pgc,P61964
6p7q,D7Y2H5
6qls,P17931
6qmu,P80188
6u6w,P61964
6fvn,P9WNU1
6os5,A8M6W6
6qav,Q8IYT8
6im4,O64094
5zni,Q8T9Z7
6s07,D1A7C3
6hgj,P01011
5zjz,P06730
6u9v,Q64663
6h4a,Q9UDY8
6mla,P02911
6o5u,Q47030
6h75,P44542
6k2n,E2EA82
6q38,P68400
6qi4,P62166
6gj5,P01116
6mmo,B5II98
6dzv,P31645
6q3z,O60885
6q6f,O75874
5zk9,P06730
5ove,Q07889
6ajz,O60885
6gy0,O35904
6qat,Q8IYT8
6hk7,P49841
6phx,A0A0H2URQ6
6g29,Q9BZ95
6oh3,Q61420
6i64,P62508
6pg3,P61964
6ior,Q9KQ43
6ajr,A0QP43
6i5p,O43791
6d07,P83916
6jad,Q5SLD7
6qfv,P00918
6mqc,
6d08,P83916
6sdd,P08581
6qqu,B1MDI3
6qlp,P17931
6sfc,O75530
6qtm,P11978
6ajy,O60885
6nzk,Q696P8
6a9o,P00441
6a03,B8XX90
6t1i,Q03111
6gxy,O77404
6gxg,O77404
6pu3,A0A3Q9Y393
6jam,Q5SLD7
6ghv,Q9NNX6
6mji,A0A0B4J1J9
6e4v,P16869
6k5r,P55854
6q4g,P24941
6mlj,P02911
6q3y,O60885
6iot,Q9KQ43
6hp5,O31927
6hks,P26045
6i7a,O43791
6i61,P62508
6iyw,I6Y9J2
6hmy,P01556
6dys,Q9VDC6
6k5t,P63165
6qqt,B1MDI3
6ms1,Q14160
6nng,Q2XVP4
6t1m,Q03111
6eeb,P0DP23
6ml9,P02911
6a04,B8XX90
5zyg,Q9Y5P4
6oh2,Q61420
6qc0,P12004
6i97,Q9I116
6nv9,P56817
6j63,P93836
6iht,Q9RL81
6qqq,B1MDI3
6peg,P14174
6g2f,Q9BZ95
6ipk,Q9NP87
6g8i,P31947
6o2p,P13569
6k3l,J9VNH4
6i41,O43791
5zjy,P06730
6dyn,Q9VDC6
6pvy,P0AEG4
6mtu,Q14160
6ssy,Q47537
6e8x,P00918
6dy7,P61964
6v1c,Q07654
5zdp,Q26710
6cn8,P9WPC9
6c5j,Q99LC4
6p9e,Q9NZH8
6e7s,A0A1L8F5J9
6dya,P61964
6c5k,Q99LC4
6ntb,B5II98
6cyg,P07900
5zqu,P19793
6det,S3MDF0
6n7q,Q1PBJ5
6nu5,P14618
6r9s,P30405
6j9w,Q5SLD7
6o3w,Q00416
6r9u,P30405
6i13,Q16658
6qe5,P37634
6aao,Q8PWY1
5zml,P06730
6jdi,G3XCV0
6mku,P02911
6miv,A0A0B4J1J9
6hoi,Q9H0R8
6qr7,B1MDI3
6qra,B1MDI3
6fcj,P07900
6cyh,P07900
6g27,Q9BZ95
6n9t,Q6MZV7
6qhg,A2SZS3
6rhe,Q0TR53
6gxq,Q8WQX9
6mtv,Q14160
6st0,Q47537
6ios,Q9KQ43
6nfg,Q8N884
6qcg,P12004
6dn6,Q99619
6q92,P05089
6i76,P17931
6n3x,P49773
6j9y,Q5SLD7
5oai,Q00987
6qr1,B1MDI3
6agp,P63000
6nnr,P0A884
6kjd,B6H6L7
6qlo,P17931
6pl2,P04629
6n0k,O00625
6fh3,P0DMM5
6kqi,P21554
6m87,
6nm4,Q9NQV7
6i18,Q16658
6md6,Q9XEI3
6s57,Q6PL18
6s56,Q6PL18
6ftf,Q4DSV5
6pml,P0AEG4
6ajx,O60885
6cyi,P41148
6j7e,G3XCV0
6ajv,O60885
6hbm,A0QT50
6ncn,P02649
6p89,P21645
6joe,Q02RL6
6qpl,Q9Y657
6hmt,P31947
6hgf,P01011
6g2e,Q9BZ95
6i0z,Q16658
6hni,Q18A65
6njz,P29317
6rk4,P10547
6qlt,P17931
6hay,P51531
6dat,P27577
6i63,P62508
6hhr,P07900
6ooz,P01375
6da1,P27577
6oxq,P12497
6afk,Q02RL6
6oxp,P12497
6mlg,P02911
6o0k,P10415
6oxv,P12497
6ng0,Q92918
6ne5,Q07820
6qgh,P10415
5zg1,P42262
6oxr,P12497
6p3t,P9WFK7
6oqc,Q07820
6no9,P11309
6hlb,P09958
6d3x,P00747
5zg3,P42262
6oy1,P12497
6udv,Q07820
6oqb,Q07820
6ndl,Q2G258
6ud2,Q07820
6oxw,P12497
6nzv,S4UY05
6nzt,S4UY05
6jn6,Q9K2N0
6p3u,P9WFK7
5zg0,P42262
6pvx,P61823
6oxx,P12497
6oxs,P12497
6oxu,P12497
6udi,Q07820
6p3v,P9WFK7
5zty,D9IEF7
6oxt,P12497
6ps0,D9IEF7
6n4b,P63096
6me4,P48039
6o0p,P10415
6oy2,P12497
6q89,A0A1D3HNX6
6ixd,Q5RZ08
6sbt,P22756
6d40,P00747
6h9x,W9BNU9
6udt,Q07820
6ps4,D9IEF7
6i9a,Q51817
6ps3,D9IEF7
6oqd,Q07820
6ps1,D9IEF7
6ps6,D9IEF7
6n78,P23458
6n79,P23458
6saf,Q13451
6cjs,P46598
6oxy,P12497
6jij,P0C6X9
6d19,Q9F663
6oxz,P12497
6cjr,P46598
6q54,P19491
6jki,Q9HXQ1
6o5t,Q9K2N0
6hoq,P68400
6me2,P48039
6pt3,P41143
6hle,P09958
6pvw,P61823
6iql,P0ABE7
6ibl,P07700
6oy0,P12497
6orr,P40261
6hza,P09958
6o0m,P10415
6qgg,P10415
6udu,Q07820
6ftw,Q08499
6n77,P23458
6ggg,P08235
6me3,P48039
6n7c,P23458
6n7b,P23458
6pgx,P00918
6hld,P09958
6gg8,P08235
6hzd,P09958
6odz,P00918
6c2r,O14965
6fz4,P22756
6hzb,P09958
6pit,P03372
6d3z,P00747
6oe0,P00918
6j8r,Q9K2N0
6d18,Q9F663
6s1s,Q541D8
6jav,A0A221ZS22
6nt2,Q99873
6hzc,P09958
6peu,Q58494
6mq3,P14735
6pvv,P61823
6o94,Q9NWZ3
6eds,P14735
6me5,P48039
6n92,P52045
6q60,P19491
6hhj,P31749
6jay,A0A221ZS22
6u26,Q8NBP7
6npf,P0A6P9
6ibs,C7C422
6c9v,P9WID5
6rvl,P00918
6s4t,P55055
6g9x,A0LNN5
6r0v,A4TVL0
6oac,P42336
6d1b,C7C422
6hp0,C6KP13
6r11,A4TVL0
6c85,A0A179UL48
6hr2,P51532
6r18,A4TVL0
6hzy,Q8A3I4
6i5g,P34913
6rw1,P00918
6gf3,P81947
6hb5,P0AGJ9
6iam,P61964
6r1c,A4TVL0
6h14,P04058
6hb7,P0AGJ9
6a8n,P06869
6ovz,E5KIY2
6myn,Q9WUL6
6d17,Q9F663
6ox0,P60709
6q35,Q09HD0
6hgs,P07741
6s4u,P55055
6e6m,P09455
6hhg,P31749
5qqo,P03951
6gvi,P42336
6s4n,P55055
6szp,O94760
6d1h,C7C422
6ugz,P00918
6mnp,Q9F663
6gev,P08235
6mlw,Q8PGN7
6rfn,Q8WQX9
6jn4,Q9F663
6d3y,P00747
6nmb,P00749
6j8q,Q9F663
6prf,P03366
6jaw,A0A221ZS22
6mxc,Q38CA1
6hy7,Q9UGM1
6ouv,Q9RUB5
6o50,P22303
6n94,P52045
6i5y,P0AGJ9
6d3g,A2RP81
6nwk,
6qyk,P0AEX9
6q8c,A0A1D3HNX6
6plf,O43175
6o5x,I7BFC3
6mlh,Q8PGN7
6mll,Q9F663
5yy6,P93836
6dd1,Q9K2N0
6r13,A4TVL0
6a8g,
6g02,C3W6G3
6gvx,Q14680
6qs1,P12821
6ugo,P00918
6nyh,Q13546
6k05,P25440
6ugq,P00918
6h12,P04058
6hax,P51531
6mia,Q9L5C7
6jio,P55055
6p5o,P07379
6gvf,P42336
6e5t,P09455
6o9d,Q9NWZ3
6dd0,Q9K2N0
6oe1,P00918
6mxb,Q38CA1
6s0e,A0A5S8WFA6
6h7d,Q9LT15
5qtt,P03951
6o21,Q9Y5K2
6gbw,P00734
6q8b,A0A1D3HNX6
6ps5,D9IEF7
6d3q,P0A6P9
6tl2,E4KPW4
6n96,P52045
6rfw,Q8WQX9
6d15,Q9F663
6d1d,C7C422
6o4w,P22303
6gxb,P00918
6otg,Q7SSI0
6ppy,H2VFG5
6hgr,P07741
6d1g,C7C422
6m7i,Q9F663
6jax,A0A221ZS22
6g01,C6KP13
6byz,P14735
6dzy,P31645
6dl2,O60885
6n7a,P23458
5qtu,P03951
6pno,P78417
5ywg,P93836
6q30,C7C422
6of5,P80366
6md8,Q9L5C7
6a94,P0ABE7
6o4x,P22303
6mnv,A0A2K2R2Z1
6hb6,P0AGJ9
6nwl,
6d1a,C7C422
6pve,P40261
6rvk,P00918
6r1a,A4TVL0
6efj,C7C422
6gwe,P00734
6mey,Q9F663
6s5k,P55055
6r1d,A4TVL0
6c9s,P9WID5
6rot,P00734
6o0o,P10415
6q2y,C7C422
5qqp,P03951
6o8u,Q9NWZ3
6mxd,Q38CA1
6r1w,A4TVL0
6ibv,C7C422
6qwi,P22073
6ugr,P00918
6o57,I7BFC3
6o5a,I7BFC3
6d1j,C7C422
6o95,Q9NWZ3
6h13,P04058
6s9w,P31749
6ibk,P06280
6mdu,C7C422
6hhi,P31749
6om8,Q19905
6mlf,Q8PGN7
6pnm,P78417
6pvu,P61823
6gg3,P14618
6pvs,P40261
6pnn,P78417
6jn5,Q9F663
6jn3,Q9F663
6e5l,P09455
6hhh,P31749
6n95,P52045
6o0h,P53396
6cjp,P46598
6pm9,O60502
6n97,P52045
6ugp,P00918
6d1k,C7C422
6ugn,P00918
6rvf,P00918
6abx,A4YGX6
6a93,P0ABE7
6qxs,Q834R3
6do1,P0ABE7
6jtc,B2RID1
6h3q,P00918
6d16,Q9F663
6o48,P03366
6d1i,C7C422
6r4k,P22073
6k04,P25440
6r1k,A4TVL0
6ic2,P00918
6gvg,P42336
6q8a,B4RNT1
6uh0,P00918
6gvh,P42336
